Unified_Screen_ID,Legacy_Screen_ID,Module,Group,Arabic_Name,English_Name,Application,Priority,Purpose,Tabs_Areas,Key_Fields,Grid_Columns,Actions,Workflow,Permissions,Related_Tables,Benchmark_Refs,P1_W3_Screen_ID,P1_W3_Contract_Status,Disposition,Decision_Required,Notes
U-SCR-001,PLT-001,PLT,المنصة والهوية,تسجيل الدخول,Login,جميع التطبيقات (All Apps),P0,الدخول الآمن إلى المنصة وتحديد سياق المستخدم.,الدخول (Sign-in),اسم المستخدم/الجوال (Username/Mobile) | كلمة المرور (Password) | تذكرني (Remember Me) | اللغة (Language),N/A,دخول (Sign In) | نسيت كلمة المرور (Forgot Password) | خروج (Exit),إدخال الهوية → تحقق → MFA عند الحاجة → إنشاء جلسة → تحميل السياق والصلاحيات,Auth.Login,Users | UserSessions,"R21,R22",W3-P1-001,MAPPED_TO_LEGACY_SCREEN,RETAIN_AND_NORMALIZE,YES,تثبيت الربط لا يعني إغلاق W3؛ تفاصيل الحقول والحالات والأفعال محفوظة في عقد W3.
U-SCR-002,PLT-002,PLT,المنصة والهوية,التحقق متعدد العوامل,Multi-Factor Authentication,جميع التطبيقات (All Apps),P0,تأكيد هوية المستخدم بعامل إضافي.,التحدي (Challenge),طريقة التحقق (Method) | رمز التحقق (Verification Code) | الجهاز الموثوق (Trusted Device),N/A,تحقق (Verify) | إعادة إرسال (Resend) | استخدام طريقة أخرى (Use Another Method),Challenge → Verify → Success/Fail → Audit,Auth.MFA,MfaChallenges | TrustedDevices | AuditLogs,,,,RETAIN_AND_NORMALIZE,NO,السجل القديم محفوظ كما هو.
U-SCR-003,PLT-003,PLT,المنصة والهوية,اختيار سياق التشغيل,Operating Context Selection,ويب الإدارة/سطح المكتب (Admin Web/Desktop),P0,تحديد الشركة والفرع ونقطة التشغيل قبل بدء العمل.,السياق (Context),الشركة (Company) | الفرع (Branch) | نقطة الخدمة (Service Point) | السنة المالية (Fiscal Year) | اللغة (Language),N/A,اعتماد السياق (Set Context) | إلغاء (Cancel),اختيار → تحقق من الصلاحية → تثبيت السياق للجلسة,Context.Select,UserContexts | Branches | ServicePoints,,,,RETAIN_AND_NORMALIZE,NO,السجل القديم محفوظ كما هو.
U-SCR-004,PLT-004,PLT,المنصة والهوية,المستخدمون,Users,ويب الإدارة (Admin Web),P0,إدارة حسابات مستخدمي النظام.,البيانات الأساسية (General) | الأدوار (Roles) | نطاق البيانات (Data Scope) | الأجهزة (Devices) | التدقيق (Audit),اسم المستخدم (Username) | الاسم (Name) | الجوال (Mobile) | البريد (Email) | الحالة (Status) | نوع المستخدم (User Type),الدور (Role) | الشركة (Company) | الفرع (Branch) | الحالة (Status),جديد (New) | حفظ (Save) | تعطيل (Disable) | إعادة تعيين كلمة المرور (Reset Password) | إلغاء الجلسات (Revoke Sessions),Draft → Active → Suspended/Disabled,Users.View | Users.Manage,Users | UserRoles | UserScopes | UserSessions,,W3-P1-002,MAPPED_TO_LEGACY_SCREEN,RETAIN_AND_NORMALIZE,YES,تثبيت الربط لا يعني إغلاق W3؛ تفاصيل الحقول والحالات والأفعال محفوظة في عقد W3.
U-SCR-005,PLT-005,PLT,المنصة والهوية,الأدوار والصلاحيات,Roles & Permissions,ويب الإدارة (Admin Web),P0,تعريف أدوار العمل وصلاحيات الشاشات والإجراءات.,الدور (Role) | الصلاحيات (Permissions) | نطاق البيانات (Data Scope) | فصل المهام (SoD),رمز الدور (Role Code) | اسم الدور (Role Name) | نوع الدور (Role Type) | الحالة (Status),الصلاحية (Permission) | الوحدة (Module) | الإجراء (Action) | مسموح (Allowed),جديد (New) | نسخ دور (Clone Role) | حفظ (Save) | تفعيل/تعطيل (Enable/Disable),تعريف → تعيين صلاحيات → تحقق SoD → تفعيل,Roles.View | Roles.Manage,Roles | Permissions | RolePermissions | RoleScopes,,W3-P1-003,MAPPED_TO_LEGACY_SCREEN,RETAIN_AND_NORMALIZE,YES,تثبيت الربط لا يعني إغلاق W3؛ تفاصيل الحقول والحالات والأفعال محفوظة في عقد W3.
U-SCR-006,PLT-006,PLT,المنصة والهوية,مركز الموافقات,Approval Center,ويب الإدارة (Admin Web),P0,صندوق مركزي للطلبات التي تحتاج اعتمادًا.,بانتظاري (Pending) | اعتمدت (Approved) | رفضت (Rejected) | الكل (All),نوع المستند (Document Type) | رقم المستند (Document No) | الفرع (Branch) | المبلغ/الأثر (Amount/Impact) | الطالب (Requester) | العمر (Age),الطلب (Request) | الحالة (Status) | الأولوية (Priority) | المستوى (Level) | تاريخ الطلب (Requested At),فتح (Open) | اعتماد (Approve) | رفض (Reject) | إرجاع للتعديل (Return) | تفويض (Delegate),Requested → Pending Levels → Approved/Rejected/Returned,Approval.View | Approval.Act,ApprovalRequests | ApprovalSteps | ApprovalActions,,,,RETAIN_AND_NORMALIZE,NO,السجل القديم محفوظ كما هو.
U-SCR-007,PLT-007,PLT,المنصة والهوية,مركز الإشعارات,Notification Center,ويب الإدارة (Admin Web),P1,إدارة إشعارات المستخدمين التشغيلية والمالية.,غير مقروء (Unread) | الكل (All) | تنبيهات حرجة (Critical),العنوان (Title) | الرسالة (Message) | النوع (Type) | الوقت (Time) | المرجع (Reference),النوع (Type) | الحالة (Status) | المرجع (Reference) | التاريخ (Date),فتح المرجع (Open Reference) | تعليم كمقروء (Mark Read) | كتم (Mute),Create → Deliver → Read/Acknowledge,Notifications.View,Notifications | NotificationDeliveries,,,,RETAIN_AND_NORMALIZE,NO,السجل القديم محفوظ كما هو.
U-SCR-008,PLT-008,PLT,المنصة والهوية,سجل التدقيق,Audit Log,ويب الإدارة (Admin Web),P1,عرض آثار التغييرات والأحداث الحساسة.,الأحداث (Events) | تفاصيل التغيير (Changes) | جلسة المستخدم (Session),المستخدم (User) | الإجراء (Action) | الكيان (Entity) | المعرف (Entity ID) | IP (IP) | الجهاز (Device) | الوقت (Timestamp),الحقل (Field) | قبل (Before) | بعد (After),بحث (Search) | تصدير (Export) | فتح المرجع (Open Reference),Append-only,Audit.View,AuditLogs | AuditChanges,,W3-P1-011,MAPPED_TO_LEGACY_SCREEN,RETAIN_AND_NORMALIZE,YES,تثبيت الربط لا يعني إغلاق W3؛ تفاصيل الحقول والحالات والأفعال محفوظة في عقد W3.
U-SCR-009,ORG-001,ORG,التهيئة والتنظيم,الشركات,Companies,ويب الإدارة (Admin Web),P0,تعريف وإدارة الشركات.,البيانات الأساسية (General) | العنوان والاتصال (Contact) | المالية (Finance) | المستندات (Documents) | التدقيق (Audit),رمز الشركة (Company Code) | الاسم (Name) | الاسم القانوني (Legal Name) | الرقم الضريبي (Tax No) | العملة الأساسية (Base Currency) | الحالة (Status) | ملاحظات (Notes) | آخر تعديل (Last Modified),الرمز (Code) | الاسم (Name) | الفرع/الشركة (Branch/Company) | الحالة (Status),جديد (New) | حفظ (Save) | تعديل (Edit) | تعطيل/تفعيل (Disable/Enable) | بحث (Search),Draft/Active → Disable with reference checks,ORG-001.View | ORG-001.Manage,Companies,,W3-P1-004,MAPPED_TO_LEGACY_SCREEN,RETAIN_AND_NORMALIZE,YES,تثبيت الربط لا يعني إغلاق W3؛ تفاصيل الحقول والحالات والأفعال محفوظة في عقد W3.
U-SCR-010,ORG-002,ORG,التهيئة والتنظيم,الفروع,Branches,ويب الإدارة (Admin Web),P0,تعريف وإدارة الفروع.,البيانات الأساسية (General) | العنوان (Address) | نقاط التشغيل (Operating Points) | الحسابات (Accounting) | التدقيق (Audit),رمز الفرع (Branch Code) | الاسم (Name) | الشركة (Company) | المدينة (City) | المنطقة الزمنية (Time Zone) | الحالة (Status) | ملاحظات (Notes) | آخر تعديل (Last Modified),الرمز (Code) | الاسم (Name) | الفرع/الشركة (Branch/Company) | الحالة (Status),جديد (New) | حفظ (Save) | تعديل (Edit) | تعطيل/تفعيل (Disable/Enable) | بحث (Search),Draft/Active → Disable with reference checks,ORG-002.View | ORG-002.Manage,Branches,,W3-P1-004,MAPPED_TO_LEGACY_SCREEN,RETAIN_AND_NORMALIZE,YES,تثبيت الربط لا يعني إغلاق W3؛ تفاصيل الحقول والحالات والأفعال محفوظة في عقد W3.
U-SCR-011,ORG-003,ORG,التهيئة والتنظيم,نقاط الخدمة والمحطات,Service Points & Stations,ويب الإدارة (Admin Web),P0,تعريف وإدارة نقاط الخدمة والمحطات.,البيانات (General) | الخدمات (Services) | ساعات العمل (Hours) | الصناديق (Cash Points) | التدقيق (Audit),الرمز (Code) | الاسم (Name) | النوع (Type) | الفرع (Branch) | خط العرض (Latitude) | خط الطول (Longitude) | الحالة (Status) | ملاحظات (Notes) | آخر تعديل (Last Modified),الرمز (Code) | الاسم (Name) | الفرع/الشركة (Branch/Company) | الحالة (Status),جديد (New) | حفظ (Save) | تعديل (Edit) | تعطيل/تفعيل (Disable/Enable) | بحث (Search),Draft/Active → Disable with reference checks,ORG-003.View | ORG-003.Manage,ServicePoints,,,,RETAIN_AND_NORMALIZE,NO,السجل القديم محفوظ كما هو.
U-SCR-012,ORG-004,ORG,التهيئة والتنظيم,المحاور ومراكز التجميع,Hubs,ويب الإدارة (Admin Web),P0,تعريف وإدارة المحاور ومراكز التجميع.,البيانات (General) | التحميل (Loading) | المناطق (Zones) | الفرق (Teams) | التدقيق (Audit),رمز المحور (Hub Code) | الاسم (Name) | الفرع (Branch) | السعة (Capacity) | العنوان (Address) | الحالة (Status) | ملاحظات (Notes) | آخر تعديل (Last Modified),الرمز (Code) | الاسم (Name) | الفرع/الشركة (Branch/Company) | الحالة (Status),جديد (New) | حفظ (Save) | تعديل (Edit) | تعطيل/تفعيل (Disable/Enable) | بحث (Search),Draft/Active → Disable with reference checks,ORG-004.View | ORG-004.Manage,Hubs,,,,RETAIN_AND_NORMALIZE,NO,السجل القديم محفوظ كما هو.
U-SCR-013,ORG-005,ORG,التهيئة والتنظيم,مناطق الخدمة,Service Areas,ويب الإدارة (Admin Web),P0,تعريف وإدارة مناطق الخدمة.,التعريف (Definition) | الحدود (Boundaries) | التسعير (Pricing) | القيود (Restrictions),الاسم (Name) | النوع (Type) | النطاق الجغرافي (Geo Boundary) | الخدمة (Service Type) | الحالة (Status) | الحالة (Status) | ملاحظات (Notes) | آخر تعديل (Last Modified),الرمز (Code) | الاسم (Name) | الفرع/الشركة (Branch/Company) | الحالة (Status),جديد (New) | حفظ (Save) | تعديل (Edit) | تعطيل/تفعيل (Disable/Enable) | بحث (Search),Draft/Active → Disable with reference checks,ORG-005.View | ORG-005.Manage,ServiceAreas,,,,RETAIN_AND_NORMALIZE,NO,السجل القديم محفوظ كما هو.
U-SCR-014,ORG-006,ORG,التهيئة والتنظيم,أنواع الخدمات,Service Types,ويب الإدارة (Admin Web),P0,تعريف وإدارة أنواع الخدمات.,التعريف (General) | متطلبات الخدمة (Requirements) | التسعير (Pricing) | الإلغاء (Cancellation) | التدقيق (Audit),الرمز (Code) | الاسم (Name) | الفئة (Category) | نوع المركبة الافتراضي (Default Vehicle Type) | نمط التسعير (Pricing Model) | الحالة (Status) | ملاحظات (Notes) | آخر تعديل (Last Modified),الرمز (Code) | الاسم (Name) | الفرع/الشركة (Branch/Company) | الحالة (Status),جديد (New) | حفظ (Save) | تعديل (Edit) | تعطيل/تفعيل (Disable/Enable) | بحث (Search),Draft/Active → Disable with reference checks,ORG-006.View | ORG-006.Manage,ServiceTypes,,,,RETAIN_AND_NORMALIZE,NO,السجل القديم محفوظ كما هو.
U-SCR-015,ORG-007,ORG,التهيئة والتنظيم,أنواع المركبات والسعات,Vehicle Types & Capacities,ويب الإدارة (Admin Web),P0,تعريف وإدارة أنواع المركبات والسعات.,البيانات (General) | القيود (Constraints) | المزايا (Amenities) | التسعير (Pricing),الرمز (Code) | الاسم (Name) | الحمولة كجم (Weight Capacity) | الحجم م3 (Volume Capacity) | عدد المقاعد (Seats) | الحالة (Status) | ملاحظات (Notes) | آخر تعديل (Last Modified),الرمز (Code) | الاسم (Name) | الفرع/الشركة (Branch/Company) | الحالة (Status),جديد (New) | حفظ (Save) | تعديل (Edit) | تعطيل/تفعيل (Disable/Enable) | بحث (Search),Draft/Active → Disable with reference checks,ORG-007.View | ORG-007.Manage,VehicleTypes,,,,RETAIN_AND_NORMALIZE,NO,السجل القديم محفوظ كما هو.
U-SCR-016,ORG-008,ORG,التهيئة والتنظيم,إعدادات التشغيل,Operational Settings,ويب الإدارة (Admin Web),P0,تعريف وإدارة إعدادات التشغيل.,التوصيل (Delivery) | المشاوير (Rides) | النقل (Transport) | السفريات (Travel) | التذاكر (Ticketing) | GPS | الجوال (Mobile),النطاق (Scope) | المفتاح (Key) | القيمة (Value) | تاريخ السريان (Effective Date) | الحالة (Status) | ملاحظات (Notes) | آخر تعديل (Last Modified),الرمز (Code) | الاسم (Name) | الفرع/الشركة (Branch/Company) | الحالة (Status),جديد (New) | حفظ (Save) | تعديل (Edit) | تعطيل/تفعيل (Disable/Enable) | بحث (Search),Draft/Active → Disable with reference checks,ORG-008.View | ORG-008.Manage,OperationalSettings,,W3-P1-005;W3-P1-006,MAPPED_TO_LEGACY_SCREEN,RETAIN_AND_NORMALIZE,YES,تثبيت الربط لا يعني إغلاق W3؛ تفاصيل الحقول والحالات والأفعال محفوظة في عقد W3.
U-SCR-017,PTY-001,PTY,الأطراف والعملاء,العملاء الأفراد,Individual Customers,ويب الإدارة (Admin Web),P1,بيانات العميل الفردي وعناوينه وتفضيلاته.,البيانات (General) | العناوين (Addresses) | طرق الدفع (Payments) | الطلبات (Orders) | الرحلات/التذاكر (Trips/Tickets) | التقييمات (Ratings) | التدقيق (Audit),الرقم (Party No) | الاسم (Name) | الهاتف (Mobile) | البريد (Email) | نوع الطرف (Party Type) | العملة (Currency) | الحالة (Status),الاسم (Name) | الهاتف (Mobile) | المدينة (City) | النوع (Type) | الحالة (Status),جديد (New) | حفظ (Save) | تعديل (Edit) | إيقاف (Disable) | فتح السجل (Open Record),Create → Validate → Active → Suspended/Closed,PTY-001.View | PTY-001.Manage,Parties | PartyAddresses | PartyContacts,,,,RETAIN_AND_NORMALIZE,NO,السجل القديم محفوظ كما هو.
U-SCR-018,PTY-002,PTY,الأطراف والعملاء,عملاء الأعمال,Business Customers,ويب الإدارة (Admin Web),P1,الشركات والتجار الذين ينشئون طلبات بكميات أو عبر API.,البيانات (General) | الفروع (Branches) | المستخدمون (Users) | الائتمان (Credit) | العقود (Contracts) | الأسعار (Rates) | API | التدقيق (Audit),الرقم (Party No) | الاسم (Name) | الهاتف (Mobile) | البريد (Email) | نوع الطرف (Party Type) | العملة (Currency) | الحالة (Status),الاسم (Name) | الهاتف (Mobile) | المدينة (City) | النوع (Type) | الحالة (Status),جديد (New) | حفظ (Save) | تعديل (Edit) | إيقاف (Disable) | فتح السجل (Open Record),Create → Validate → Active → Suspended/Closed,PTY-002.View | PTY-002.Manage,Parties | PartyAddresses | PartyContacts,,,,RETAIN_AND_NORMALIZE,NO,السجل القديم محفوظ كما هو.
U-SCR-019,PTY-003,PTY,الأطراف والعملاء,المتاجر/التجار,Merchants,ويب الإدارة (Admin Web),P1,تعريف المتاجر ونقاط الاستلام وعقود التوصيل.,البيانات (General) | المواقع (Locations) | ساعات العمل (Hours) | التسعير (Pricing) | التحصيل (Collections) | التقارير (Reports),الرقم (Party No) | الاسم (Name) | الهاتف (Mobile) | البريد (Email) | نوع الطرف (Party Type) | العملة (Currency) | الحالة (Status),الاسم (Name) | الهاتف (Mobile) | المدينة (City) | النوع (Type) | الحالة (Status),جديد (New) | حفظ (Save) | تعديل (Edit) | إيقاف (Disable) | فتح السجل (Open Record),Create → Validate → Active → Suspended/Closed,PTY-003.View | PTY-003.Manage,Parties | PartyAddresses | PartyContacts,,,,RETAIN_AND_NORMALIZE,NO,السجل القديم محفوظ كما هو.
U-SCR-020,PTY-004,PTY,الأطراف والعملاء,المرسلون والمستلمون,Senders & Receivers,ويب الإدارة (Admin Web),P1,دليل سريع للأطراف المتكررة في الشحن والتوصيل.,البيانات (General) | العناوين (Addresses) | المستندات (Documents) | التاريخ (History),الرقم (Party No) | الاسم (Name) | الهاتف (Mobile) | البريد (Email) | نوع الطرف (Party Type) | العملة (Currency) | الحالة (Status),الاسم (Name) | الهاتف (Mobile) | المدينة (City) | النوع (Type) | الحالة (Status),جديد (New) | حفظ (Save) | تعديل (Edit) | إيقاف (Disable) | فتح السجل (Open Record),Create → Validate → Active → Suspended/Closed,PTY-004.View | PTY-004.Manage,Parties | PartyAddresses | PartyContacts,,,,RETAIN_AND_NORMALIZE,NO,السجل القديم محفوظ كما هو.
U-SCR-021,PTY-005,PTY,الأطراف والعملاء,مقدمو الخدمة/الناقلون,Carriers & Service Providers,ويب الإدارة (Admin Web),P1,تعريف الناقلين الخارجيين ومقدمي الخدمات.,البيانات (General) | المركبات (Fleet) | التراخيص (Licenses) | التغطية (Coverage) | الأسعار (Rates) | التسوية (Settlement) | التدقيق (Audit),الرقم (Party No) | الاسم (Name) | الهاتف (Mobile) | البريد (Email) | نوع الطرف (Party Type) | العملة (Currency) | الحالة (Status),الاسم (Name) | الهاتف (Mobile) | المدينة (City) | النوع (Type) | الحالة (Status),جديد (New) | حفظ (Save) | تعديل (Edit) | إيقاف (Disable) | فتح السجل (Open Record),Create → Validate → Active → Suspended/Closed,PTY-005.View | PTY-005.Manage,Parties | PartyAddresses | PartyContacts,,,,RETAIN_AND_NORMALIZE,NO,السجل القديم محفوظ كما هو.
U-SCR-022,PTY-006,PTY,الأطراف والعملاء,الوكلاء ومكاتب السفر,Agents & Travel Offices,ويب الإدارة (Admin Web),P1,إدارة وكلاء بيع التذاكر ومكاتب السفر وقنوات البيع.,البيانات (General) | المستخدمون (Users) | المحطات (Stations) | العمولات (Commissions) | حدود البيع (Sales Limits) | الصندوق (Cash) | التدقيق (Audit),الرقم (Party No) | الاسم (Name) | الهاتف (Mobile) | البريد (Email) | نوع الطرف (Party Type) | العملة (Currency) | الحالة (Status),الاسم (Name) | الهاتف (Mobile) | المدينة (City) | النوع (Type) | الحالة (Status),جديد (New) | حفظ (Save) | تعديل (Edit) | إيقاف (Disable) | فتح السجل (Open Record),Create → Validate → Active → Suspended/Closed,PTY-006.View | PTY-006.Manage,Parties | PartyAddresses | PartyContacts,,,,RETAIN_AND_NORMALIZE,NO,السجل القديم محفوظ كما هو.
U-SCR-023,PTY-007,PTY,الأطراف والعملاء,حسابات الشركات المتعاقدة,Corporate Accounts,ويب الإدارة (Admin Web),P1,إدارة الشركات ذات العقود والائتمان والفوترة الدورية.,الحساب (Account) | المستخدمون (Users) | حد الائتمان (Credit Limit) | الفواتير (Invoices) | التسويات (Settlements) | التدقيق (Audit),الرقم (Party No) | الاسم (Name) | الهاتف (Mobile) | البريد (Email) | نوع الطرف (Party Type) | العملة (Currency) | الحالة (Status),الاسم (Name) | الهاتف (Mobile) | المدينة (City) | النوع (Type) | الحالة (Status),جديد (New) | حفظ (Save) | تعديل (Edit) | إيقاف (Disable) | فتح السجل (Open Record),Create → Validate → Active → Suspended/Closed,PTY-007.View | PTY-007.Manage,Parties | PartyAddresses | PartyContacts,,,,RETAIN_AND_NORMALIZE,NO,السجل القديم محفوظ كما هو.
U-SCR-024,PTY-008,PTY,الأطراف والعملاء,دفتر العناوين,Address Book,ويب الإدارة (Admin Web),P1,حفظ عناوين العميل/التاجر وتحديدها على الخريطة.,العنوان (Address) | الموقع (Map) | تعليمات الوصول (Instructions) | التحقق (Verification),الرقم (Party No) | الاسم (Name) | الهاتف (Mobile) | البريد (Email) | نوع الطرف (Party Type) | العملة (Currency) | الحالة (Status),الاسم (Name) | الهاتف (Mobile) | المدينة (City) | النوع (Type) | الحالة (Status),جديد (New) | حفظ (Save) | تعديل (Edit) | إيقاف (Disable) | فتح السجل (Open Record),Create → Validate → Active → Suspended/Closed,PTY-008.View | PTY-008.Manage,Parties | PartyAddresses | PartyContacts,,,,RETAIN_AND_NORMALIZE,NO,السجل القديم محفوظ كما هو.
U-SCR-025,PRC-001,PRC,التسعير والتعرفة,تعرفة المشاوير,Ride Tariffs,ويب الإدارة (Admin Web),P1,تعريف تسعير المشاوير حسب المسافة والزمن والمنطقة ونوع المركبة.,القاعدة (Rule) | النطاق (Scope) | الشروط (Conditions) | الشرائح (Tiers) | السريان (Validity) | التدقيق (Audit),الرمز (Code) | الاسم (Name) | نوع الخدمة (Service Type) | منطقة/خط (Area/Route) | نوع المركبة/فئة المقعد (Vehicle/Seat Class) | القيمة (Amount/Formula) | العملة (Currency) | من (Valid From) | إلى (Valid To) | الحالة (Status),الشريحة (Tier) | من (From) | إلى (To) | السعر (Price) | الوحدة (Unit),جديد (New) | حفظ (Save) | محاكاة سعر (Price Simulation) | تفعيل (Activate) | إيقاف (Disable),Draft → Test → Approve if controlled → Active → Expired,PRC-001.View | PRC-001.Manage,PricingRules | PricingTiers | Promotions,,,,RETAIN_AND_NORMALIZE,NO,السجل القديم محفوظ كما هو.
U-SCR-026,PRC-002,PRC,التسعير والتعرفة,تعرفة التوصيل,Delivery Tariffs,ويب الإدارة (Admin Web),P1,تعريف أسعار التوصيل حسب المنطقة/المسافة/الوزن/الخدمة.,القاعدة (Rule) | النطاق (Scope) | الشروط (Conditions) | الشرائح (Tiers) | السريان (Validity) | التدقيق (Audit),الرمز (Code) | الاسم (Name) | نوع الخدمة (Service Type) | منطقة/خط (Area/Route) | نوع المركبة/فئة المقعد (Vehicle/Seat Class) | القيمة (Amount/Formula) | العملة (Currency) | من (Valid From) | إلى (Valid To) | الحالة (Status),الشريحة (Tier) | من (From) | إلى (To) | السعر (Price) | الوحدة (Unit),جديد (New) | حفظ (Save) | محاكاة سعر (Price Simulation) | تفعيل (Activate) | إيقاف (Disable),Draft → Test → Approve if controlled → Active → Expired,PRC-002.View | PRC-002.Manage,PricingRules | PricingTiers | Promotions,,,,RETAIN_AND_NORMALIZE,NO,السجل القديم محفوظ كما هو.
U-SCR-027,PRC-003,PRC,التسعير والتعرفة,تعرفة النقل,Transport Tariffs,ويب الإدارة (Admin Web),P1,أسعار النقل الخفيف والمتوسط والثقيل وبين المدن.,القاعدة (Rule) | النطاق (Scope) | الشروط (Conditions) | الشرائح (Tiers) | السريان (Validity) | التدقيق (Audit),الرمز (Code) | الاسم (Name) | نوع الخدمة (Service Type) | منطقة/خط (Area/Route) | نوع المركبة/فئة المقعد (Vehicle/Seat Class) | القيمة (Amount/Formula) | العملة (Currency) | من (Valid From) | إلى (Valid To) | الحالة (Status),الشريحة (Tier) | من (From) | إلى (To) | السعر (Price) | الوحدة (Unit),جديد (New) | حفظ (Save) | محاكاة سعر (Price Simulation) | تفعيل (Activate) | إيقاف (Disable),Draft → Test → Approve if controlled → Active → Expired,PRC-003.View | PRC-003.Manage,PricingRules | PricingTiers | Promotions,,,,RETAIN_AND_NORMALIZE,NO,السجل القديم محفوظ كما هو.
U-SCR-028,PRC-004,PRC,التسعير والتعرفة,تعرفة السفر,Passenger Fares,ويب الإدارة (Admin Web),P1,تعريف أجور السفر حسب الخط والمحطة وفئة المقعد.,القاعدة (Rule) | النطاق (Scope) | الشروط (Conditions) | الشرائح (Tiers) | السريان (Validity) | التدقيق (Audit),الرمز (Code) | الاسم (Name) | نوع الخدمة (Service Type) | منطقة/خط (Area/Route) | نوع المركبة/فئة المقعد (Vehicle/Seat Class) | القيمة (Amount/Formula) | العملة (Currency) | من (Valid From) | إلى (Valid To) | الحالة (Status),الشريحة (Tier) | من (From) | إلى (To) | السعر (Price) | الوحدة (Unit),جديد (New) | حفظ (Save) | محاكاة سعر (Price Simulation) | تفعيل (Activate) | إيقاف (Disable),Draft → Test → Approve if controlled → Active → Expired,PRC-004.View | PRC-004.Manage,PricingRules | PricingTiers | Promotions,,,,RETAIN_AND_NORMALIZE,NO,السجل القديم محفوظ كما هو.
U-SCR-029,PRC-005,PRC,التسعير والتعرفة,فئات الأسعار,Fare Classes,ويب الإدارة (Admin Web),P1,فئات مرن/مقيد/اقتصادي/أعمال والسياسات المرتبطة.,القاعدة (Rule) | النطاق (Scope) | الشروط (Conditions) | الشرائح (Tiers) | السريان (Validity) | التدقيق (Audit),الرمز (Code) | الاسم (Name) | نوع الخدمة (Service Type) | منطقة/خط (Area/Route) | نوع المركبة/فئة المقعد (Vehicle/Seat Class) | القيمة (Amount/Formula) | العملة (Currency) | من (Valid From) | إلى (Valid To) | الحالة (Status),الشريحة (Tier) | من (From) | إلى (To) | السعر (Price) | الوحدة (Unit),جديد (New) | حفظ (Save) | محاكاة سعر (Price Simulation) | تفعيل (Activate) | إيقاف (Disable),Draft → Test → Approve if controlled → Active → Expired,PRC-005.View | PRC-005.Manage,PricingRules | PricingTiers | Promotions,,,,RETAIN_AND_NORMALIZE,NO,السجل القديم محفوظ كما هو.
U-SCR-030,PRC-006,PRC,التسعير والتعرفة,الرسوم والإضافات,Fees & Surcharges,ويب الإدارة (Admin Web),P1,رسوم الحجز والإلغاء والأمتعة والطرق والخدمات.,القاعدة (Rule) | النطاق (Scope) | الشروط (Conditions) | الشرائح (Tiers) | السريان (Validity) | التدقيق (Audit),الرمز (Code) | الاسم (Name) | نوع الخدمة (Service Type) | منطقة/خط (Area/Route) | نوع المركبة/فئة المقعد (Vehicle/Seat Class) | القيمة (Amount/Formula) | العملة (Currency) | من (Valid From) | إلى (Valid To) | الحالة (Status),الشريحة (Tier) | من (From) | إلى (To) | السعر (Price) | الوحدة (Unit),جديد (New) | حفظ (Save) | محاكاة سعر (Price Simulation) | تفعيل (Activate) | إيقاف (Disable),Draft → Test → Approve if controlled → Active → Expired,PRC-006.View | PRC-006.Manage,PricingRules | PricingTiers | Promotions,,,,RETAIN_AND_NORMALIZE,NO,السجل القديم محفوظ كما هو.
U-SCR-031,PRC-007,PRC,التسعير والتعرفة,الخصومات والعروض,Discounts & Promotions,ويب الإدارة (Admin Web),P1,قواعد الخصم، الكوبونات، الإحالات والعروض.,القاعدة (Rule) | النطاق (Scope) | الشروط (Conditions) | الشرائح (Tiers) | السريان (Validity) | التدقيق (Audit),الرمز (Code) | الاسم (Name) | نوع الخدمة (Service Type) | منطقة/خط (Area/Route) | نوع المركبة/فئة المقعد (Vehicle/Seat Class) | القيمة (Amount/Formula) | العملة (Currency) | من (Valid From) | إلى (Valid To) | الحالة (Status),الشريحة (Tier) | من (From) | إلى (To) | السعر (Price) | الوحدة (Unit),جديد (New) | حفظ (Save) | محاكاة سعر (Price Simulation) | تفعيل (Activate) | إيقاف (Disable),Draft → Test → Approve if controlled → Active → Expired,PRC-007.View | PRC-007.Manage,PricingRules | PricingTiers | Promotions,,,,RETAIN_AND_NORMALIZE,NO,السجل القديم محفوظ كما هو.
U-SCR-032,PRC-008,PRC,التسعير والتعرفة,الأسعار التعاقدية,Contract Rates,ويب الإدارة (Admin Web),P1,أسعار خاصة لعملاء الأعمال والوكلاء.,القاعدة (Rule) | النطاق (Scope) | الشروط (Conditions) | الشرائح (Tiers) | السريان (Validity) | التدقيق (Audit),الرمز (Code) | الاسم (Name) | نوع الخدمة (Service Type) | منطقة/خط (Area/Route) | نوع المركبة/فئة المقعد (Vehicle/Seat Class) | القيمة (Amount/Formula) | العملة (Currency) | من (Valid From) | إلى (Valid To) | الحالة (Status),الشريحة (Tier) | من (From) | إلى (To) | السعر (Price) | الوحدة (Unit),جديد (New) | حفظ (Save) | محاكاة سعر (Price Simulation) | تفعيل (Activate) | إيقاف (Disable),Draft → Test → Approve if controlled → Active → Expired,PRC-008.View | PRC-008.Manage,PricingRules | PricingTiers | Promotions,,,,RETAIN_AND_NORMALIZE,NO,السجل القديم محفوظ كما هو.
U-SCR-033,RID-001,RID,المشاوير حسب الطلب,إنشاء مشوار,Create Ride,ويب الإدارة (Admin Web),P1,إنشاء مشوار فوري أو مجدول للعميل.,الطلب (Order) | الالتقاط (Pickup) | الوجهة (Destination) | السائق والمركبة (Driver & Vehicle) | السعر والدفع (Fare & Payment) | الخريطة (Map) | الأحداث (Events) | التدقيق (Audit),رقم المشوار (Ride No) | العميل (Customer) | نقطة الالتقاط (Pickup) | الوجهة (Destination) | وقت الطلب (Requested Time) | نوع المركبة (Vehicle Type) | السائق (Driver) | السعر (Fare) | طريقة الدفع (Payment Method) | الحالة (Status),رقم الطلب (Order No) | العميل (Customer) | من (From) | إلى (To) | السائق (Driver) | الوقت المتوقع (ETA) | السعر (Fare) | الحالة (Status),إنشاء (Create) | تأكيد (Confirm) | إسناد (Assign) | إعادة إسناد (Reassign) | بدء (Start) | وصول (Arrive) | إكمال (Complete) | إلغاء (Cancel),Draft → Requested → Assigned → Accepted → En Route to Pickup → Arrived → Passenger Onboard → Completed / Cancelled / No-show,RID-001.View | RID-001.Act,RideOrders | RideStops | RideAssignments | RideEvents | RideFareEstimates,"R21,R22,R42",,,RETAIN_AND_NORMALIZE,NO,السجل القديم محفوظ كما هو.
U-SCR-034,RID-002,RID,المشاوير حسب الطلب,طلبات المشاوير,Ride Orders,ويب الإدارة (Admin Web),P1,قائمة جميع طلبات المشاوير وحالاتها.,القائمة (List) | الخريطة (Map) | الفلاتر (Filters) | الإجراءات (Actions),رقم المشوار (Ride No) | العميل (Customer) | نقطة الالتقاط (Pickup) | الوجهة (Destination) | وقت الطلب (Requested Time) | نوع المركبة (Vehicle Type) | السائق (Driver) | السعر (Fare) | طريقة الدفع (Payment Method) | الحالة (Status),رقم الطلب (Order No) | العميل (Customer) | من (From) | إلى (To) | السائق (Driver) | الوقت المتوقع (ETA) | السعر (Fare) | الحالة (Status),إنشاء (Create) | تأكيد (Confirm) | إسناد (Assign) | إعادة إسناد (Reassign) | بدء (Start) | وصول (Arrive) | إكمال (Complete) | إلغاء (Cancel),Draft → Requested → Assigned → Accepted → En Route to Pickup → Arrived → Passenger Onboard → Completed / Cancelled / No-show,RID-002.View | RID-002.Act,RideOrders | RideStops | RideAssignments | RideEvents | RideFareEstimates,"R21,R22,R42",,,RETAIN_AND_NORMALIZE,NO,السجل القديم محفوظ كما هو.
U-SCR-035,RID-003,RID,المشاوير حسب الطلب,تفاصيل المشوار,Ride Details,ويب الإدارة (Admin Web),P1,التفاصيل التشغيلية والمالية للمشوار.,الطلب (Order) | الالتقاط (Pickup) | الوجهة (Destination) | السائق والمركبة (Driver & Vehicle) | السعر والدفع (Fare & Payment) | الخريطة (Map) | الأحداث (Events) | التدقيق (Audit),رقم المشوار (Ride No) | العميل (Customer) | نقطة الالتقاط (Pickup) | الوجهة (Destination) | وقت الطلب (Requested Time) | نوع المركبة (Vehicle Type) | السائق (Driver) | السعر (Fare) | طريقة الدفع (Payment Method) | الحالة (Status),رقم الطلب (Order No) | العميل (Customer) | من (From) | إلى (To) | السائق (Driver) | الوقت المتوقع (ETA) | السعر (Fare) | الحالة (Status),إنشاء (Create) | تأكيد (Confirm) | إسناد (Assign) | إعادة إسناد (Reassign) | بدء (Start) | وصول (Arrive) | إكمال (Complete) | إلغاء (Cancel),Draft → Requested → Assigned → Accepted → En Route to Pickup → Arrived → Passenger Onboard → Completed / Cancelled / No-show,RID-003.View | RID-003.Act,RideOrders | RideStops | RideAssignments | RideEvents | RideFareEstimates,"R21,R22,R42",,,RETAIN_AND_NORMALIZE,NO,السجل القديم محفوظ كما هو.
U-SCR-036,RID-004,RID,المشاوير حسب الطلب,المشاوير غير المسندة,Unassigned Rides,ويب الإدارة (Admin Web),P1,طلبات تنتظر سائقًا مناسبًا.,القائمة (List) | الخريطة (Map) | الفلاتر (Filters) | الإجراءات (Actions),رقم المشوار (Ride No) | العميل (Customer) | نقطة الالتقاط (Pickup) | الوجهة (Destination) | وقت الطلب (Requested Time) | نوع المركبة (Vehicle Type) | السائق (Driver) | السعر (Fare) | طريقة الدفع (Payment Method) | الحالة (Status),رقم الطلب (Order No) | العميل (Customer) | من (From) | إلى (To) | السائق (Driver) | الوقت المتوقع (ETA) | السعر (Fare) | الحالة (Status),إنشاء (Create) | تأكيد (Confirm) | إسناد (Assign) | إعادة إسناد (Reassign) | بدء (Start) | وصول (Arrive) | إكمال (Complete) | إلغاء (Cancel),Draft → Requested → Assigned → Accepted → En Route to Pickup → Arrived → Passenger Onboard → Completed / Cancelled / No-show,RID-004.View | RID-004.Act,RideOrders | RideStops | RideAssignments | RideEvents | RideFareEstimates,"R21,R22,R42",,,RETAIN_AND_NORMALIZE,NO,السجل القديم محفوظ كما هو.
U-SCR-037,RID-005,RID,المشاوير حسب الطلب,لوحة توزيع المشاوير,Ride Dispatch Board,ويب الإدارة (Admin Web),P1,إسناد ومراقبة المشاوير لحظيًا.,القائمة (List) | الخريطة (Map) | الفلاتر (Filters) | الإجراءات (Actions),رقم المشوار (Ride No) | العميل (Customer) | نقطة الالتقاط (Pickup) | الوجهة (Destination) | وقت الطلب (Requested Time) | نوع المركبة (Vehicle Type) | السائق (Driver) | السعر (Fare) | طريقة الدفع (Payment Method) | الحالة (Status),رقم الطلب (Order No) | العميل (Customer) | من (From) | إلى (To) | السائق (Driver) | الوقت المتوقع (ETA) | السعر (Fare) | الحالة (Status),إنشاء (Create) | تأكيد (Confirm) | إسناد (Assign) | إعادة إسناد (Reassign) | بدء (Start) | وصول (Arrive) | إكمال (Complete) | إلغاء (Cancel),Draft → Requested → Assigned → Accepted → En Route to Pickup → Arrived → Passenger Onboard → Completed / Cancelled / No-show,RID-005.View | RID-005.Act,RideOrders | RideStops | RideAssignments | RideEvents | RideFareEstimates,"R21,R22,R42",,,RETAIN_AND_NORMALIZE,NO,السجل القديم محفوظ كما هو.
U-SCR-038,RID-006,RID,المشاوير حسب الطلب,تسعير المشوار,Ride Fare Estimate,ويب الإدارة (Admin Web),P1,حساب سعر تقديري قبل التأكيد.,الطلب (Order) | الالتقاط (Pickup) | الوجهة (Destination) | السائق والمركبة (Driver & Vehicle) | السعر والدفع (Fare & Payment) | الخريطة (Map) | الأحداث (Events) | التدقيق (Audit),رقم المشوار (Ride No) | العميل (Customer) | نقطة الالتقاط (Pickup) | الوجهة (Destination) | وقت الطلب (Requested Time) | نوع المركبة (Vehicle Type) | السائق (Driver) | السعر (Fare) | طريقة الدفع (Payment Method) | الحالة (Status),رقم الطلب (Order No) | العميل (Customer) | من (From) | إلى (To) | السائق (Driver) | الوقت المتوقع (ETA) | السعر (Fare) | الحالة (Status),إنشاء (Create) | تأكيد (Confirm) | إسناد (Assign) | إعادة إسناد (Reassign) | بدء (Start) | وصول (Arrive) | إكمال (Complete) | إلغاء (Cancel),Draft → Requested → Assigned → Accepted → En Route to Pickup → Arrived → Passenger Onboard → Completed / Cancelled / No-show,RID-006.View | RID-006.Act,RideOrders | RideStops | RideAssignments | RideEvents | RideFareEstimates,"R21,R22,R42",,,RETAIN_AND_NORMALIZE,NO,السجل القديم محفوظ كما هو.
U-SCR-039,RID-007,RID,المشاوير حسب الطلب,الحجوزات المجدولة,Scheduled Rides,ويب الإدارة (Admin Web),P1,إدارة المشاوير المحجوزة للمستقبل.,القائمة (List) | الخريطة (Map) | الفلاتر (Filters) | الإجراءات (Actions),رقم المشوار (Ride No) | العميل (Customer) | نقطة الالتقاط (Pickup) | الوجهة (Destination) | وقت الطلب (Requested Time) | نوع المركبة (Vehicle Type) | السائق (Driver) | السعر (Fare) | طريقة الدفع (Payment Method) | الحالة (Status),رقم الطلب (Order No) | العميل (Customer) | من (From) | إلى (To) | السائق (Driver) | الوقت المتوقع (ETA) | السعر (Fare) | الحالة (Status),إنشاء (Create) | تأكيد (Confirm) | إسناد (Assign) | إعادة إسناد (Reassign) | بدء (Start) | وصول (Arrive) | إكمال (Complete) | إلغاء (Cancel),Draft → Requested → Assigned → Accepted → En Route to Pickup → Arrived → Passenger Onboard → Completed / Cancelled / No-show,RID-007.View | RID-007.Act,RideOrders | RideStops | RideAssignments | RideEvents | RideFareEstimates,"R21,R22,R42",,,RETAIN_AND_NORMALIZE,NO,السجل القديم محفوظ كما هو.
U-SCR-040,RID-008,RID,المشاوير حسب الطلب,تغيير السائق/إعادة الإسناد,Reassign Driver,ويب الإدارة (Admin Web),P1,نقل المشوار إلى سائق آخر مع سبب وتدقيق.,الطلب (Order) | الالتقاط (Pickup) | الوجهة (Destination) | السائق والمركبة (Driver & Vehicle) | السعر والدفع (Fare & Payment) | الخريطة (Map) | الأحداث (Events) | التدقيق (Audit),رقم المشوار (Ride No) | العميل (Customer) | نقطة الالتقاط (Pickup) | الوجهة (Destination) | وقت الطلب (Requested Time) | نوع المركبة (Vehicle Type) | السائق (Driver) | السعر (Fare) | طريقة الدفع (Payment Method) | الحالة (Status),رقم الطلب (Order No) | العميل (Customer) | من (From) | إلى (To) | السائق (Driver) | الوقت المتوقع (ETA) | السعر (Fare) | الحالة (Status),إنشاء (Create) | تأكيد (Confirm) | إسناد (Assign) | إعادة إسناد (Reassign) | بدء (Start) | وصول (Arrive) | إكمال (Complete) | إلغاء (Cancel),Draft → Requested → Assigned → Accepted → En Route to Pickup → Arrived → Passenger Onboard → Completed / Cancelled / No-show,RID-008.View | RID-008.Act,RideOrders | RideStops | RideAssignments | RideEvents | RideFareEstimates,"R21,R22,R42",,,RETAIN_AND_NORMALIZE,NO,السجل القديم محفوظ كما هو.
U-SCR-041,RID-009,RID,المشاوير حسب الطلب,إلغاء المشوار,Ride Cancellation,ويب الإدارة (Admin Web),P1,إدارة الإلغاء والرسوم والأسباب.,الطلب (Order) | الالتقاط (Pickup) | الوجهة (Destination) | السائق والمركبة (Driver & Vehicle) | السعر والدفع (Fare & Payment) | الخريطة (Map) | الأحداث (Events) | التدقيق (Audit),رقم المشوار (Ride No) | العميل (Customer) | نقطة الالتقاط (Pickup) | الوجهة (Destination) | وقت الطلب (Requested Time) | نوع المركبة (Vehicle Type) | السائق (Driver) | السعر (Fare) | طريقة الدفع (Payment Method) | الحالة (Status),رقم الطلب (Order No) | العميل (Customer) | من (From) | إلى (To) | السائق (Driver) | الوقت المتوقع (ETA) | السعر (Fare) | الحالة (Status),إنشاء (Create) | تأكيد (Confirm) | إسناد (Assign) | إعادة إسناد (Reassign) | بدء (Start) | وصول (Arrive) | إكمال (Complete) | إلغاء (Cancel),Draft → Requested → Assigned → Accepted → En Route to Pickup → Arrived → Passenger Onboard → Completed / Cancelled / No-show,RID-009.View | RID-009.Act,RideOrders | RideStops | RideAssignments | RideEvents | RideFareEstimates,"R21,R22,R42",,,RETAIN_AND_NORMALIZE,NO,السجل القديم محفوظ كما هو.
U-SCR-042,RID-010,RID,المشاوير حسب الطلب,حالات عدم التنفيذ,Ride Exceptions,ويب الإدارة (Admin Web),P1,فشل الوصول/عدم حضور العميل/مشكلة دفع/غيره.,القائمة (List) | الخريطة (Map) | الفلاتر (Filters) | الإجراءات (Actions),رقم المشوار (Ride No) | العميل (Customer) | نقطة الالتقاط (Pickup) | الوجهة (Destination) | وقت الطلب (Requested Time) | نوع المركبة (Vehicle Type) | السائق (Driver) | السعر (Fare) | طريقة الدفع (Payment Method) | الحالة (Status),رقم الطلب (Order No) | العميل (Customer) | من (From) | إلى (To) | السائق (Driver) | الوقت المتوقع (ETA) | السعر (Fare) | الحالة (Status),إنشاء (Create) | تأكيد (Confirm) | إسناد (Assign) | إعادة إسناد (Reassign) | بدء (Start) | وصول (Arrive) | إكمال (Complete) | إلغاء (Cancel),Draft → Requested → Assigned → Accepted → En Route to Pickup → Arrived → Passenger Onboard → Completed / Cancelled / No-show,RID-010.View | RID-010.Act,RideOrders | RideStops | RideAssignments | RideEvents | RideFareEstimates,"R21,R22,R42",,,RETAIN_AND_NORMALIZE,NO,السجل القديم محفوظ كما هو.
U-SCR-043,RID-011,RID,المشاوير حسب الطلب,مشاركة الرحلة,Share Ride,ويب الإدارة (Admin Web),P1,إنشاء رابط مشاركة وتتبع للعميل.,الطلب (Order) | الالتقاط (Pickup) | الوجهة (Destination) | السائق والمركبة (Driver & Vehicle) | السعر والدفع (Fare & Payment) | الخريطة (Map) | الأحداث (Events) | التدقيق (Audit),رقم المشوار (Ride No) | العميل (Customer) | نقطة الالتقاط (Pickup) | الوجهة (Destination) | وقت الطلب (Requested Time) | نوع المركبة (Vehicle Type) | السائق (Driver) | السعر (Fare) | طريقة الدفع (Payment Method) | الحالة (Status),رقم الطلب (Order No) | العميل (Customer) | من (From) | إلى (To) | السائق (Driver) | الوقت المتوقع (ETA) | السعر (Fare) | الحالة (Status),إنشاء (Create) | تأكيد (Confirm) | إسناد (Assign) | إعادة إسناد (Reassign) | بدء (Start) | وصول (Arrive) | إكمال (Complete) | إلغاء (Cancel),Draft → Requested → Assigned → Accepted → En Route to Pickup → Arrived → Passenger Onboard → Completed / Cancelled / No-show,RID-011.View | RID-011.Act,RideOrders | RideStops | RideAssignments | RideEvents | RideFareEstimates,"R21,R22,R42",,,RETAIN_AND_NORMALIZE,NO,السجل القديم محفوظ كما هو.
U-SCR-044,RID-012,RID,المشاوير حسب الطلب,تقييم المشوار,Ride Rating,ويب الإدارة (Admin Web),P1,تقييم السائق والعميل وتعليقات الجودة.,الطلب (Order) | الالتقاط (Pickup) | الوجهة (Destination) | السائق والمركبة (Driver & Vehicle) | السعر والدفع (Fare & Payment) | الخريطة (Map) | الأحداث (Events) | التدقيق (Audit),رقم المشوار (Ride No) | العميل (Customer) | نقطة الالتقاط (Pickup) | الوجهة (Destination) | وقت الطلب (Requested Time) | نوع المركبة (Vehicle Type) | السائق (Driver) | السعر (Fare) | طريقة الدفع (Payment Method) | الحالة (Status),رقم الطلب (Order No) | العميل (Customer) | من (From) | إلى (To) | السائق (Driver) | الوقت المتوقع (ETA) | السعر (Fare) | الحالة (Status),إنشاء (Create) | تأكيد (Confirm) | إسناد (Assign) | إعادة إسناد (Reassign) | بدء (Start) | وصول (Arrive) | إكمال (Complete) | إلغاء (Cancel),Draft → Requested → Assigned → Accepted → En Route to Pickup → Arrived → Passenger Onboard → Completed / Cancelled / No-show,RID-012.View | RID-012.Act,RideOrders | RideStops | RideAssignments | RideEvents | RideFareEstimates,"R21,R22,R42",,,RETAIN_AND_NORMALIZE,NO,السجل القديم محفوظ كما هو.
U-SCR-045,LMD-001,LMD,التوصيل والمرحلة الأخيرة,إنشاء طلب توصيل,Create Delivery Order,ويب الإدارة (Admin Web),P1,إنشاء طلب استلام وتسليم فوري أو مجدول.,الرأس (Header) | المرسل/الاستلام (Pickup) | المستلم/التسليم (Delivery) | الطرود (Packages) | المسار (Route) | السائق والمركبة (Driver & Vehicle) | الإثبات (POD) | التحصيل (COD) | الأحداث (Timeline) | التدقيق (Audit),رقم الطلب (Order No) | نوع الخدمة (Service Type) | العميل (Customer) | عنوان الاستلام (Pickup Address) | عنوان التسليم (Delivery Address) | نافذة الاستلام (Pickup Window) | نافذة التسليم (Delivery Window) | عدد الطرود (Package Count) | الوزن (Weight) | الحجم (Volume) | السائق (Driver) | المركبة (Vehicle) | المبلغ المطلوب تحصيله (COD Amount) | الحالة (Status),التوقف (Stop) | العنوان (Address) | ETA (ETA) | الطرود (Packages) | الحالة (Status) | الإجراء (Action),إنشاء (Create) | تخطيط (Plan) | تحسين (Optimize) | إسناد (Assign) | بدء المسار (Start Route) | وصول (Arrive) | مسح (Scan) | إكمال (Complete) | فشل (Fail) | إرجاع (Return),Created → Ready → Planned → Assigned → Loaded → En Route → Arrived → Delivered/Partial/Failed → Return if needed → Operational Closed,LMD-001.View | LMD-001.Act,DeliveryOrders | DeliveryOrderItems | DeliveryTasks | RoutePlans | Routes | RouteStops | ProofOfDelivery | DeliveryExceptions,"R23,R24,R25,R26,R27,R28,R29,R43",,,RETAIN_AND_NORMALIZE,NO,السجل القديم محفوظ كما هو.
U-SCR-046,LMD-002,LMD,التوصيل والمرحلة الأخيرة,طلبات التوصيل,Delivery Orders,ويب الإدارة (Admin Web),P1,إدارة قائمة طلبات التوصيل.,القائمة (List) | الخريطة (Map) | الفلاتر (Filters) | المؤشرات (KPIs) | الإجراءات (Actions),رقم الطلب (Order No) | نوع الخدمة (Service Type) | العميل (Customer) | عنوان الاستلام (Pickup Address) | عنوان التسليم (Delivery Address) | نافذة الاستلام (Pickup Window) | نافذة التسليم (Delivery Window) | عدد الطرود (Package Count) | الوزن (Weight) | الحجم (Volume) | السائق (Driver) | المركبة (Vehicle) | المبلغ المطلوب تحصيله (COD Amount) | الحالة (Status),التوقف (Stop) | العنوان (Address) | ETA (ETA) | الطرود (Packages) | الحالة (Status) | الإجراء (Action),إنشاء (Create) | تخطيط (Plan) | تحسين (Optimize) | إسناد (Assign) | بدء المسار (Start Route) | وصول (Arrive) | مسح (Scan) | إكمال (Complete) | فشل (Fail) | إرجاع (Return),Created → Ready → Planned → Assigned → Loaded → En Route → Arrived → Delivered/Partial/Failed → Return if needed → Operational Closed,LMD-002.View | LMD-002.Act,DeliveryOrders | DeliveryOrderItems | DeliveryTasks | RoutePlans | Routes | RouteStops | ProofOfDelivery | DeliveryExceptions,"R23,R24,R25,R26,R27,R28,R29,R43",,,RETAIN_AND_NORMALIZE,NO,السجل القديم محفوظ كما هو.
U-SCR-047,LMD-003,LMD,التوصيل والمرحلة الأخيرة,تفاصيل طلب التوصيل,Delivery Order Details,ويب الإدارة (Admin Web),P1,تفاصيل الأطراف والعناوين والطرود والتكلفة.,الرأس (Header) | المرسل/الاستلام (Pickup) | المستلم/التسليم (Delivery) | الطرود (Packages) | المسار (Route) | السائق والمركبة (Driver & Vehicle) | الإثبات (POD) | التحصيل (COD) | الأحداث (Timeline) | التدقيق (Audit),رقم الطلب (Order No) | نوع الخدمة (Service Type) | العميل (Customer) | عنوان الاستلام (Pickup Address) | عنوان التسليم (Delivery Address) | نافذة الاستلام (Pickup Window) | نافذة التسليم (Delivery Window) | عدد الطرود (Package Count) | الوزن (Weight) | الحجم (Volume) | السائق (Driver) | المركبة (Vehicle) | المبلغ المطلوب تحصيله (COD Amount) | الحالة (Status),التوقف (Stop) | العنوان (Address) | ETA (ETA) | الطرود (Packages) | الحالة (Status) | الإجراء (Action),إنشاء (Create) | تخطيط (Plan) | تحسين (Optimize) | إسناد (Assign) | بدء المسار (Start Route) | وصول (Arrive) | مسح (Scan) | إكمال (Complete) | فشل (Fail) | إرجاع (Return),Created → Ready → Planned → Assigned → Loaded → En Route → Arrived → Delivered/Partial/Failed → Return if needed → Operational Closed,LMD-003.View | LMD-003.Act,DeliveryOrders | DeliveryOrderItems | DeliveryTasks | RoutePlans | Routes | RouteStops | ProofOfDelivery | DeliveryExceptions,"R23,R24,R25,R26,R27,R28,R29,R43",,,RETAIN_AND_NORMALIZE,NO,السجل القديم محفوظ كما هو.
U-SCR-048,LMD-004,LMD,التوصيل والمرحلة الأخيرة,مهام الاستلام والتسليم,Pickup & Delivery Tasks,ويب الإدارة (Admin Web),P1,تحويل الطلب إلى مهام ميدانية قابلة للإسناد.,الرأس (Header) | المرسل/الاستلام (Pickup) | المستلم/التسليم (Delivery) | الطرود (Packages) | المسار (Route) | السائق والمركبة (Driver & Vehicle) | الإثبات (POD) | التحصيل (COD) | الأحداث (Timeline) | التدقيق (Audit),رقم الطلب (Order No) | نوع الخدمة (Service Type) | العميل (Customer) | عنوان الاستلام (Pickup Address) | عنوان التسليم (Delivery Address) | نافذة الاستلام (Pickup Window) | نافذة التسليم (Delivery Window) | عدد الطرود (Package Count) | الوزن (Weight) | الحجم (Volume) | السائق (Driver) | المركبة (Vehicle) | المبلغ المطلوب تحصيله (COD Amount) | الحالة (Status),التوقف (Stop) | العنوان (Address) | ETA (ETA) | الطرود (Packages) | الحالة (Status) | الإجراء (Action),إنشاء (Create) | تخطيط (Plan) | تحسين (Optimize) | إسناد (Assign) | بدء المسار (Start Route) | وصول (Arrive) | مسح (Scan) | إكمال (Complete) | فشل (Fail) | إرجاع (Return),Created → Ready → Planned → Assigned → Loaded → En Route → Arrived → Delivered/Partial/Failed → Return if needed → Operational Closed,LMD-004.View | LMD-004.Act,DeliveryOrders | DeliveryOrderItems | DeliveryTasks | RoutePlans | Routes | RouteStops | ProofOfDelivery | DeliveryExceptions,"R23,R24,R25,R26,R27,R28,R29,R43",,,RETAIN_AND_NORMALIZE,NO,السجل القديم محفوظ كما هو.
U-SCR-049,LMD-005,LMD,التوصيل والمرحلة الأخيرة,الطلبات غير المسندة,Unassigned Deliveries,ويب الإدارة (Admin Web),P1,طلبات تنتظر التخطيط/التوزيع.,القائمة (List) | الخريطة (Map) | الفلاتر (Filters) | المؤشرات (KPIs) | الإجراءات (Actions),رقم الطلب (Order No) | نوع الخدمة (Service Type) | العميل (Customer) | عنوان الاستلام (Pickup Address) | عنوان التسليم (Delivery Address) | نافذة الاستلام (Pickup Window) | نافذة التسليم (Delivery Window) | عدد الطرود (Package Count) | الوزن (Weight) | الحجم (Volume) | السائق (Driver) | المركبة (Vehicle) | المبلغ المطلوب تحصيله (COD Amount) | الحالة (Status),التوقف (Stop) | العنوان (Address) | ETA (ETA) | الطرود (Packages) | الحالة (Status) | الإجراء (Action),إنشاء (Create) | تخطيط (Plan) | تحسين (Optimize) | إسناد (Assign) | بدء المسار (Start Route) | وصول (Arrive) | مسح (Scan) | إكمال (Complete) | فشل (Fail) | إرجاع (Return),Created → Ready → Planned → Assigned → Loaded → En Route → Arrived → Delivered/Partial/Failed → Return if needed → Operational Closed,LMD-005.View | LMD-005.Act,DeliveryOrders | DeliveryOrderItems | DeliveryTasks | RoutePlans | Routes | RouteStops | ProofOfDelivery | DeliveryExceptions,"R23,R24,R25,R26,R27,R28,R29,R43",,,RETAIN_AND_NORMALIZE,NO,السجل القديم محفوظ كما هو.
U-SCR-050,LMD-006,LMD,التوصيل والمرحلة الأخيرة,تخطيط المسارات,Route Planning,ويب الإدارة (Admin Web),P1,تجميع الطلبات وإعداد مسارات السائقين.,القائمة (List) | الخريطة (Map) | الفلاتر (Filters) | المؤشرات (KPIs) | الإجراءات (Actions),رقم الطلب (Order No) | نوع الخدمة (Service Type) | العميل (Customer) | عنوان الاستلام (Pickup Address) | عنوان التسليم (Delivery Address) | نافذة الاستلام (Pickup Window) | نافذة التسليم (Delivery Window) | عدد الطرود (Package Count) | الوزن (Weight) | الحجم (Volume) | السائق (Driver) | المركبة (Vehicle) | المبلغ المطلوب تحصيله (COD Amount) | الحالة (Status),التوقف (Stop) | العنوان (Address) | ETA (ETA) | الطرود (Packages) | الحالة (Status) | الإجراء (Action),إنشاء (Create) | تخطيط (Plan) | تحسين (Optimize) | إسناد (Assign) | بدء المسار (Start Route) | وصول (Arrive) | مسح (Scan) | إكمال (Complete) | فشل (Fail) | إرجاع (Return),Created → Ready → Planned → Assigned → Loaded → En Route → Arrived → Delivered/Partial/Failed → Return if needed → Operational Closed,LMD-006.View | LMD-006.Act,DeliveryOrders | DeliveryOrderItems | DeliveryTasks | RoutePlans | Routes | RouteStops | ProofOfDelivery | DeliveryExceptions,"R23,R24,R25,R26,R27,R28,R29,R43",,,RETAIN_AND_NORMALIZE,NO,السجل القديم محفوظ كما هو.
U-SCR-051,LMD-007,LMD,التوصيل والمرحلة الأخيرة,تحسين المسارات,Route Optimization,ويب الإدارة (Admin Web),P1,تحسين الإسناد والتسلسل حسب السعة والنوافذ الزمنية.,القائمة (List) | الخريطة (Map) | الفلاتر (Filters) | المؤشرات (KPIs) | الإجراءات (Actions),رقم الطلب (Order No) | نوع الخدمة (Service Type) | العميل (Customer) | عنوان الاستلام (Pickup Address) | عنوان التسليم (Delivery Address) | نافذة الاستلام (Pickup Window) | نافذة التسليم (Delivery Window) | عدد الطرود (Package Count) | الوزن (Weight) | الحجم (Volume) | السائق (Driver) | المركبة (Vehicle) | المبلغ المطلوب تحصيله (COD Amount) | الحالة (Status),التوقف (Stop) | العنوان (Address) | ETA (ETA) | الطرود (Packages) | الحالة (Status) | الإجراء (Action),إنشاء (Create) | تخطيط (Plan) | تحسين (Optimize) | إسناد (Assign) | بدء المسار (Start Route) | وصول (Arrive) | مسح (Scan) | إكمال (Complete) | فشل (Fail) | إرجاع (Return),Created → Ready → Planned → Assigned → Loaded → En Route → Arrived → Delivered/Partial/Failed → Return if needed → Operational Closed,LMD-007.View | LMD-007.Act,DeliveryOrders | DeliveryOrderItems | DeliveryTasks | RoutePlans | Routes | RouteStops | ProofOfDelivery | DeliveryExceptions,"R23,R24,R25,R26,R27,R28,R29,R43",,,RETAIN_AND_NORMALIZE,NO,السجل القديم محفوظ كما هو.
U-SCR-052,LMD-008,LMD,التوصيل والمرحلة الأخيرة,لوحة التوزيع والتوجيه,Delivery Dispatch Board,ويب الإدارة (Admin Web),P1,مراقبة وإعادة توزيع المسارات والطلبات.,القائمة (List) | الخريطة (Map) | الفلاتر (Filters) | المؤشرات (KPIs) | الإجراءات (Actions),رقم الطلب (Order No) | نوع الخدمة (Service Type) | العميل (Customer) | عنوان الاستلام (Pickup Address) | عنوان التسليم (Delivery Address) | نافذة الاستلام (Pickup Window) | نافذة التسليم (Delivery Window) | عدد الطرود (Package Count) | الوزن (Weight) | الحجم (Volume) | السائق (Driver) | المركبة (Vehicle) | المبلغ المطلوب تحصيله (COD Amount) | الحالة (Status),التوقف (Stop) | العنوان (Address) | ETA (ETA) | الطرود (Packages) | الحالة (Status) | الإجراء (Action),إنشاء (Create) | تخطيط (Plan) | تحسين (Optimize) | إسناد (Assign) | بدء المسار (Start Route) | وصول (Arrive) | مسح (Scan) | إكمال (Complete) | فشل (Fail) | إرجاع (Return),Created → Ready → Planned → Assigned → Loaded → En Route → Arrived → Delivered/Partial/Failed → Return if needed → Operational Closed,LMD-008.View | LMD-008.Act,DeliveryOrders | DeliveryOrderItems | DeliveryTasks | RoutePlans | Routes | RouteStops | ProofOfDelivery | DeliveryExceptions,"R23,R24,R25,R26,R27,R28,R29,R43",,,RETAIN_AND_NORMALIZE,NO,السجل القديم محفوظ كما هو.
U-SCR-053,LMD-009,LMD,التوصيل والمرحلة الأخيرة,تفاصيل المسار,Route Details,ويب الإدارة (Admin Web),P1,المسار، التوقفات، الحمل، السائق، الأوقات والحالات.,الرأس (Header) | المرسل/الاستلام (Pickup) | المستلم/التسليم (Delivery) | الطرود (Packages) | المسار (Route) | السائق والمركبة (Driver & Vehicle) | الإثبات (POD) | التحصيل (COD) | الأحداث (Timeline) | التدقيق (Audit),رقم الطلب (Order No) | نوع الخدمة (Service Type) | العميل (Customer) | عنوان الاستلام (Pickup Address) | عنوان التسليم (Delivery Address) | نافذة الاستلام (Pickup Window) | نافذة التسليم (Delivery Window) | عدد الطرود (Package Count) | الوزن (Weight) | الحجم (Volume) | السائق (Driver) | المركبة (Vehicle) | المبلغ المطلوب تحصيله (COD Amount) | الحالة (Status),التوقف (Stop) | العنوان (Address) | ETA (ETA) | الطرود (Packages) | الحالة (Status) | الإجراء (Action),إنشاء (Create) | تخطيط (Plan) | تحسين (Optimize) | إسناد (Assign) | بدء المسار (Start Route) | وصول (Arrive) | مسح (Scan) | إكمال (Complete) | فشل (Fail) | إرجاع (Return),Created → Ready → Planned → Assigned → Loaded → En Route → Arrived → Delivered/Partial/Failed → Return if needed → Operational Closed,LMD-009.View | LMD-009.Act,DeliveryOrders | DeliveryOrderItems | DeliveryTasks | RoutePlans | Routes | RouteStops | ProofOfDelivery | DeliveryExceptions,"R23,R24,R25,R26,R27,R28,R29,R43",,,RETAIN_AND_NORMALIZE,NO,السجل القديم محفوظ كما هو.
U-SCR-054,LMD-010,LMD,التوصيل والمرحلة الأخيرة,تحميل المسار,Route Load Verification,ويب الإدارة (Admin Web),P1,مسح/تحقق الطرود قبل انطلاق المركبة.,الرأس (Header) | المرسل/الاستلام (Pickup) | المستلم/التسليم (Delivery) | الطرود (Packages) | المسار (Route) | السائق والمركبة (Driver & Vehicle) | الإثبات (POD) | التحصيل (COD) | الأحداث (Timeline) | التدقيق (Audit),رقم الطلب (Order No) | نوع الخدمة (Service Type) | العميل (Customer) | عنوان الاستلام (Pickup Address) | عنوان التسليم (Delivery Address) | نافذة الاستلام (Pickup Window) | نافذة التسليم (Delivery Window) | عدد الطرود (Package Count) | الوزن (Weight) | الحجم (Volume) | السائق (Driver) | المركبة (Vehicle) | المبلغ المطلوب تحصيله (COD Amount) | الحالة (Status),التوقف (Stop) | العنوان (Address) | ETA (ETA) | الطرود (Packages) | الحالة (Status) | الإجراء (Action),إنشاء (Create) | تخطيط (Plan) | تحسين (Optimize) | إسناد (Assign) | بدء المسار (Start Route) | وصول (Arrive) | مسح (Scan) | إكمال (Complete) | فشل (Fail) | إرجاع (Return),Created → Ready → Planned → Assigned → Loaded → En Route → Arrived → Delivered/Partial/Failed → Return if needed → Operational Closed,LMD-010.View | LMD-010.Act,DeliveryOrders | DeliveryOrderItems | DeliveryTasks | RoutePlans | Routes | RouteStops | ProofOfDelivery | DeliveryExceptions,"R23,R24,R25,R26,R27,R28,R29,R43",,,RETAIN_AND_NORMALIZE,NO,السجل القديم محفوظ كما هو.
U-SCR-055,LMD-011,LMD,التوصيل والمرحلة الأخيرة,نقاط التوقف,Route Stops,ويب الإدارة (Admin Web),P1,إدارة ترتيب التوقفات ومتطلبات كل توقف.,الرأس (Header) | المرسل/الاستلام (Pickup) | المستلم/التسليم (Delivery) | الطرود (Packages) | المسار (Route) | السائق والمركبة (Driver & Vehicle) | الإثبات (POD) | التحصيل (COD) | الأحداث (Timeline) | التدقيق (Audit),رقم الطلب (Order No) | نوع الخدمة (Service Type) | العميل (Customer) | عنوان الاستلام (Pickup Address) | عنوان التسليم (Delivery Address) | نافذة الاستلام (Pickup Window) | نافذة التسليم (Delivery Window) | عدد الطرود (Package Count) | الوزن (Weight) | الحجم (Volume) | السائق (Driver) | المركبة (Vehicle) | المبلغ المطلوب تحصيله (COD Amount) | الحالة (Status),التوقف (Stop) | العنوان (Address) | ETA (ETA) | الطرود (Packages) | الحالة (Status) | الإجراء (Action),إنشاء (Create) | تخطيط (Plan) | تحسين (Optimize) | إسناد (Assign) | بدء المسار (Start Route) | وصول (Arrive) | مسح (Scan) | إكمال (Complete) | فشل (Fail) | إرجاع (Return),Created → Ready → Planned → Assigned → Loaded → En Route → Arrived → Delivered/Partial/Failed → Return if needed → Operational Closed,LMD-011.View | LMD-011.Act,DeliveryOrders | DeliveryOrderItems | DeliveryTasks | RoutePlans | Routes | RouteStops | ProofOfDelivery | DeliveryExceptions,"R23,R24,R25,R26,R27,R28,R29,R43",,,RETAIN_AND_NORMALIZE,NO,السجل القديم محفوظ كما هو.
U-SCR-056,LMD-012,LMD,التوصيل والمرحلة الأخيرة,إثبات التسليم,Proof of Delivery,ويب الإدارة (Admin Web),P1,صورة/توقيع/باركود/اسم المستلم والموقع والوقت.,الرأس (Header) | المرسل/الاستلام (Pickup) | المستلم/التسليم (Delivery) | الطرود (Packages) | المسار (Route) | السائق والمركبة (Driver & Vehicle) | الإثبات (POD) | التحصيل (COD) | الأحداث (Timeline) | التدقيق (Audit),رقم الطلب (Order No) | نوع الخدمة (Service Type) | العميل (Customer) | عنوان الاستلام (Pickup Address) | عنوان التسليم (Delivery Address) | نافذة الاستلام (Pickup Window) | نافذة التسليم (Delivery Window) | عدد الطرود (Package Count) | الوزن (Weight) | الحجم (Volume) | السائق (Driver) | المركبة (Vehicle) | المبلغ المطلوب تحصيله (COD Amount) | الحالة (Status),التوقف (Stop) | العنوان (Address) | ETA (ETA) | الطرود (Packages) | الحالة (Status) | الإجراء (Action),إنشاء (Create) | تخطيط (Plan) | تحسين (Optimize) | إسناد (Assign) | بدء المسار (Start Route) | وصول (Arrive) | مسح (Scan) | إكمال (Complete) | فشل (Fail) | إرجاع (Return),Created → Ready → Planned → Assigned → Loaded → En Route → Arrived → Delivered/Partial/Failed → Return if needed → Operational Closed,LMD-012.View | LMD-012.Act,DeliveryOrders | DeliveryOrderItems | DeliveryTasks | RoutePlans | Routes | RouteStops | ProofOfDelivery | DeliveryExceptions,"R23,R24,R25,R26,R27,R28,R29,R43",,,RETAIN_AND_NORMALIZE,NO,السجل القديم محفوظ كما هو.
U-SCR-057,LMD-013,LMD,التوصيل والمرحلة الأخيرة,التسليم الجزئي,Partial Delivery,ويب الإدارة (Admin Web),P1,تسجيل الكميات المسلمة والمرفوضة والمتبقية.,الرأس (Header) | المرسل/الاستلام (Pickup) | المستلم/التسليم (Delivery) | الطرود (Packages) | المسار (Route) | السائق والمركبة (Driver & Vehicle) | الإثبات (POD) | التحصيل (COD) | الأحداث (Timeline) | التدقيق (Audit),رقم الطلب (Order No) | نوع الخدمة (Service Type) | العميل (Customer) | عنوان الاستلام (Pickup Address) | عنوان التسليم (Delivery Address) | نافذة الاستلام (Pickup Window) | نافذة التسليم (Delivery Window) | عدد الطرود (Package Count) | الوزن (Weight) | الحجم (Volume) | السائق (Driver) | المركبة (Vehicle) | المبلغ المطلوب تحصيله (COD Amount) | الحالة (Status),التوقف (Stop) | العنوان (Address) | ETA (ETA) | الطرود (Packages) | الحالة (Status) | الإجراء (Action),إنشاء (Create) | تخطيط (Plan) | تحسين (Optimize) | إسناد (Assign) | بدء المسار (Start Route) | وصول (Arrive) | مسح (Scan) | إكمال (Complete) | فشل (Fail) | إرجاع (Return),Created → Ready → Planned → Assigned → Loaded → En Route → Arrived → Delivered/Partial/Failed → Return if needed → Operational Closed,LMD-013.View | LMD-013.Act,DeliveryOrders | DeliveryOrderItems | DeliveryTasks | RoutePlans | Routes | RouteStops | ProofOfDelivery | DeliveryExceptions,"R23,R24,R25,R26,R27,R28,R29,R43",,,RETAIN_AND_NORMALIZE,NO,السجل القديم محفوظ كما هو.
U-SCR-058,LMD-014,LMD,التوصيل والمرحلة الأخيرة,فشل التسليم,Failed Delivery,ويب الإدارة (Admin Web),P1,سبب الفشل، الأدلة، إعادة المحاولة أو الإرجاع.,الرأس (Header) | المرسل/الاستلام (Pickup) | المستلم/التسليم (Delivery) | الطرود (Packages) | المسار (Route) | السائق والمركبة (Driver & Vehicle) | الإثبات (POD) | التحصيل (COD) | الأحداث (Timeline) | التدقيق (Audit),رقم الطلب (Order No) | نوع الخدمة (Service Type) | العميل (Customer) | عنوان الاستلام (Pickup Address) | عنوان التسليم (Delivery Address) | نافذة الاستلام (Pickup Window) | نافذة التسليم (Delivery Window) | عدد الطرود (Package Count) | الوزن (Weight) | الحجم (Volume) | السائق (Driver) | المركبة (Vehicle) | المبلغ المطلوب تحصيله (COD Amount) | الحالة (Status),التوقف (Stop) | العنوان (Address) | ETA (ETA) | الطرود (Packages) | الحالة (Status) | الإجراء (Action),إنشاء (Create) | تخطيط (Plan) | تحسين (Optimize) | إسناد (Assign) | بدء المسار (Start Route) | وصول (Arrive) | مسح (Scan) | إكمال (Complete) | فشل (Fail) | إرجاع (Return),Created → Ready → Planned → Assigned → Loaded → En Route → Arrived → Delivered/Partial/Failed → Return if needed → Operational Closed,LMD-014.View | LMD-014.Act,DeliveryOrders | DeliveryOrderItems | DeliveryTasks | RoutePlans | Routes | RouteStops | ProofOfDelivery | DeliveryExceptions,"R23,R24,R25,R26,R27,R28,R29,R43",,,RETAIN_AND_NORMALIZE,NO,السجل القديم محفوظ كما هو.
U-SCR-059,LMD-015,LMD,التوصيل والمرحلة الأخيرة,المرتجعات,Delivery Returns,ويب الإدارة (Admin Web),P1,إدارة إعادة الطرود إلى العميل/المتجر/المحور.,الرأس (Header) | المرسل/الاستلام (Pickup) | المستلم/التسليم (Delivery) | الطرود (Packages) | المسار (Route) | السائق والمركبة (Driver & Vehicle) | الإثبات (POD) | التحصيل (COD) | الأحداث (Timeline) | التدقيق (Audit),رقم الطلب (Order No) | نوع الخدمة (Service Type) | العميل (Customer) | عنوان الاستلام (Pickup Address) | عنوان التسليم (Delivery Address) | نافذة الاستلام (Pickup Window) | نافذة التسليم (Delivery Window) | عدد الطرود (Package Count) | الوزن (Weight) | الحجم (Volume) | السائق (Driver) | المركبة (Vehicle) | المبلغ المطلوب تحصيله (COD Amount) | الحالة (Status),التوقف (Stop) | العنوان (Address) | ETA (ETA) | الطرود (Packages) | الحالة (Status) | الإجراء (Action),إنشاء (Create) | تخطيط (Plan) | تحسين (Optimize) | إسناد (Assign) | بدء المسار (Start Route) | وصول (Arrive) | مسح (Scan) | إكمال (Complete) | فشل (Fail) | إرجاع (Return),Created → Ready → Planned → Assigned → Loaded → En Route → Arrived → Delivered/Partial/Failed → Return if needed → Operational Closed,LMD-015.View | LMD-015.Act,DeliveryOrders | DeliveryOrderItems | DeliveryTasks | RoutePlans | Routes | RouteStops | ProofOfDelivery | DeliveryExceptions,"R23,R24,R25,R26,R27,R28,R29,R43",,,RETAIN_AND_NORMALIZE,NO,السجل القديم محفوظ كما هو.
U-SCR-060,LMD-016,LMD,التوصيل والمرحلة الأخيرة,تتبع العميل,Customer Tracking,ويب الإدارة (Admin Web),P1,صفحة تتبع عامة أو داخل التطبيق مع ETA.,الرأس (Header) | المرسل/الاستلام (Pickup) | المستلم/التسليم (Delivery) | الطرود (Packages) | المسار (Route) | السائق والمركبة (Driver & Vehicle) | الإثبات (POD) | التحصيل (COD) | الأحداث (Timeline) | التدقيق (Audit),رقم الطلب (Order No) | نوع الخدمة (Service Type) | العميل (Customer) | عنوان الاستلام (Pickup Address) | عنوان التسليم (Delivery Address) | نافذة الاستلام (Pickup Window) | نافذة التسليم (Delivery Window) | عدد الطرود (Package Count) | الوزن (Weight) | الحجم (Volume) | السائق (Driver) | المركبة (Vehicle) | المبلغ المطلوب تحصيله (COD Amount) | الحالة (Status),التوقف (Stop) | العنوان (Address) | ETA (ETA) | الطرود (Packages) | الحالة (Status) | الإجراء (Action),إنشاء (Create) | تخطيط (Plan) | تحسين (Optimize) | إسناد (Assign) | بدء المسار (Start Route) | وصول (Arrive) | مسح (Scan) | إكمال (Complete) | فشل (Fail) | إرجاع (Return),Created → Ready → Planned → Assigned → Loaded → En Route → Arrived → Delivered/Partial/Failed → Return if needed → Operational Closed,LMD-016.View | LMD-016.Act,DeliveryOrders | DeliveryOrderItems | DeliveryTasks | RoutePlans | Routes | RouteStops | ProofOfDelivery | DeliveryExceptions,"R23,R24,R25,R26,R27,R28,R29,R43",,,RETAIN_AND_NORMALIZE,NO,السجل القديم محفوظ كما هو.
U-SCR-061,LMD-017,LMD,التوصيل والمرحلة الأخيرة,التواصل مع العميل,Customer Communications,ويب الإدارة (Admin Web),P1,إشعارات ورسائل مرتبطة بالطلب.,الرأس (Header) | المرسل/الاستلام (Pickup) | المستلم/التسليم (Delivery) | الطرود (Packages) | المسار (Route) | السائق والمركبة (Driver & Vehicle) | الإثبات (POD) | التحصيل (COD) | الأحداث (Timeline) | التدقيق (Audit),رقم الطلب (Order No) | نوع الخدمة (Service Type) | العميل (Customer) | عنوان الاستلام (Pickup Address) | عنوان التسليم (Delivery Address) | نافذة الاستلام (Pickup Window) | نافذة التسليم (Delivery Window) | عدد الطرود (Package Count) | الوزن (Weight) | الحجم (Volume) | السائق (Driver) | المركبة (Vehicle) | المبلغ المطلوب تحصيله (COD Amount) | الحالة (Status),التوقف (Stop) | العنوان (Address) | ETA (ETA) | الطرود (Packages) | الحالة (Status) | الإجراء (Action),إنشاء (Create) | تخطيط (Plan) | تحسين (Optimize) | إسناد (Assign) | بدء المسار (Start Route) | وصول (Arrive) | مسح (Scan) | إكمال (Complete) | فشل (Fail) | إرجاع (Return),Created → Ready → Planned → Assigned → Loaded → En Route → Arrived → Delivered/Partial/Failed → Return if needed → Operational Closed,LMD-017.View | LMD-017.Act,DeliveryOrders | DeliveryOrderItems | DeliveryTasks | RoutePlans | Routes | RouteStops | ProofOfDelivery | DeliveryExceptions,"R23,R24,R25,R26,R27,R28,R29,R43",,,RETAIN_AND_NORMALIZE,NO,السجل القديم محفوظ كما هو.
U-SCR-062,LMD-018,LMD,التوصيل والمرحلة الأخيرة,تحليلات التوصيل,Delivery Analytics,ويب الإدارة (Admin Web),P1,مؤشرات نجاح التسليم والوقت والمسافة والتأخير.,القائمة (List) | الخريطة (Map) | الفلاتر (Filters) | المؤشرات (KPIs) | الإجراءات (Actions),رقم الطلب (Order No) | نوع الخدمة (Service Type) | العميل (Customer) | عنوان الاستلام (Pickup Address) | عنوان التسليم (Delivery Address) | نافذة الاستلام (Pickup Window) | نافذة التسليم (Delivery Window) | عدد الطرود (Package Count) | الوزن (Weight) | الحجم (Volume) | السائق (Driver) | المركبة (Vehicle) | المبلغ المطلوب تحصيله (COD Amount) | الحالة (Status),التوقف (Stop) | العنوان (Address) | ETA (ETA) | الطرود (Packages) | الحالة (Status) | الإجراء (Action),إنشاء (Create) | تخطيط (Plan) | تحسين (Optimize) | إسناد (Assign) | بدء المسار (Start Route) | وصول (Arrive) | مسح (Scan) | إكمال (Complete) | فشل (Fail) | إرجاع (Return),Created → Ready → Planned → Assigned → Loaded → En Route → Arrived → Delivered/Partial/Failed → Return if needed → Operational Closed,LMD-018.View | LMD-018.Act,DeliveryOrders | DeliveryOrderItems | DeliveryTasks | RoutePlans | Routes | RouteStops | ProofOfDelivery | DeliveryExceptions,"R23,R24,R25,R26,R27,R28,R29,R43",,,RETAIN_AND_NORMALIZE,NO,السجل القديم محفوظ كما هو.
U-SCR-063,TRN-001,TRN,النقل والشحن بين المدن والفروع,طلب نقل,Transport Request,ويب الإدارة (Admin Web),P1,طلب نقل خفيف/متوسط/ثقيل داخل المدينة أو بين المدن.,الرأس (Header) | الأطراف (Parties) | المواقع والمراحل (Locations & Legs) | البنود/الطرود (Items & Packages) | المركبة والسائق (Vehicle & Driver) | الحمولة (Load) | التكلفة (Cost) | المستندات (Documents) | الأحداث (Events) | التدقيق (Audit),الرقم (Document No) | نوع النقل (Transport Type) | المنشأ (Origin) | الوجهة (Destination) | المرسل (Shipper) | المستلم (Consignee) | الأولوية (Priority) | الوزن (Weight) | الحجم (Volume) | المركبة (Vehicle) | السائق (Driver) | تاريخ/وقت التحميل (Pickup Date/Time) | تاريخ/وقت التسليم (Delivery Date/Time) | الحالة (Status),البند/البوليصة (Item/Waybill) | الكمية (Qty) | الوزن (Weight) | الحجم (Volume) | من (From) | إلى (To) | الحالة (Status),إنشاء (Create) | اعتماد (Approve) | تخطيط (Plan) | تجميع (Consolidate) | تقسيم (Split) | إسناد (Assign) | تحميل (Load) | ترحيل (Transship) | تسليم (Deliver) | إلغاء/عكس (Cancel/Reverse),Draft → Approved → Planned → Assigned → Loading → Dispatched → In Transit → Hub/Branch Handling → Delivered/Partial/Exception → Operational Closed,TRN-001.View | TRN-001.Act,TransportOrders | Waybills | WaybillItems | WaybillLegs | ShipmentSplits | FreightTrips | FreightManifests | FreightManifestItems,"R32,R33,R34,R35,R36,R37",,,RETAIN_AND_NORMALIZE,NO,السجل القديم محفوظ كما هو.
U-SCR-064,TRN-002,TRN,النقل والشحن بين المدن والفروع,أمر نقل,Transport Order,ويب الإدارة (Admin Web),P1,المستند التشغيلي الأساسي لتخطيط وتنفيذ النقل.,الرأس (Header) | الأطراف (Parties) | المواقع والمراحل (Locations & Legs) | البنود/الطرود (Items & Packages) | المركبة والسائق (Vehicle & Driver) | الحمولة (Load) | التكلفة (Cost) | المستندات (Documents) | الأحداث (Events) | التدقيق (Audit),الرقم (Document No) | نوع النقل (Transport Type) | المنشأ (Origin) | الوجهة (Destination) | المرسل (Shipper) | المستلم (Consignee) | الأولوية (Priority) | الوزن (Weight) | الحجم (Volume) | المركبة (Vehicle) | السائق (Driver) | تاريخ/وقت التحميل (Pickup Date/Time) | تاريخ/وقت التسليم (Delivery Date/Time) | الحالة (Status),البند/البوليصة (Item/Waybill) | الكمية (Qty) | الوزن (Weight) | الحجم (Volume) | من (From) | إلى (To) | الحالة (Status),إنشاء (Create) | اعتماد (Approve) | تخطيط (Plan) | تجميع (Consolidate) | تقسيم (Split) | إسناد (Assign) | تحميل (Load) | ترحيل (Transship) | تسليم (Deliver) | إلغاء/عكس (Cancel/Reverse),Draft → Approved → Planned → Assigned → Loading → Dispatched → In Transit → Hub/Branch Handling → Delivered/Partial/Exception → Operational Closed,TRN-002.View | TRN-002.Act,TransportOrders | Waybills | WaybillItems | WaybillLegs | ShipmentSplits | FreightTrips | FreightManifests | FreightManifestItems,"R32,R33,R34,R35,R36,R37",,,RETAIN_AND_NORMALIZE,NO,السجل القديم محفوظ كما هو.
U-SCR-065,TRN-003,TRN,النقل والشحن بين المدن والفروع,البوليصة/وثيقة الشحن,Waybill / Consignment,ويب الإدارة (Admin Web),P1,وثيقة الشحنة التي تربط المرسل والمستلم والبنود والتحصيل.,الرأس (Header) | الأطراف (Parties) | المواقع والمراحل (Locations & Legs) | البنود/الطرود (Items & Packages) | المركبة والسائق (Vehicle & Driver) | الحمولة (Load) | التكلفة (Cost) | المستندات (Documents) | الأحداث (Events) | التدقيق (Audit),الرقم (Document No) | نوع النقل (Transport Type) | المنشأ (Origin) | الوجهة (Destination) | المرسل (Shipper) | المستلم (Consignee) | الأولوية (Priority) | الوزن (Weight) | الحجم (Volume) | المركبة (Vehicle) | السائق (Driver) | تاريخ/وقت التحميل (Pickup Date/Time) | تاريخ/وقت التسليم (Delivery Date/Time) | الحالة (Status),البند/البوليصة (Item/Waybill) | الكمية (Qty) | الوزن (Weight) | الحجم (Volume) | من (From) | إلى (To) | الحالة (Status),إنشاء (Create) | اعتماد (Approve) | تخطيط (Plan) | تجميع (Consolidate) | تقسيم (Split) | إسناد (Assign) | تحميل (Load) | ترحيل (Transship) | تسليم (Deliver) | إلغاء/عكس (Cancel/Reverse),Draft → Approved → Planned → Assigned → Loading → Dispatched → In Transit → Hub/Branch Handling → Delivered/Partial/Exception → Operational Closed,TRN-003.View | TRN-003.Act,TransportOrders | Waybills | WaybillItems | WaybillLegs | ShipmentSplits | FreightTrips | FreightManifests | FreightManifestItems,"R32,R33,R34,R35,R36,R37",,,RETAIN_AND_NORMALIZE,NO,السجل القديم محفوظ كما هو.
U-SCR-066,TRN-004,TRN,النقل والشحن بين المدن والفروع,بنود البوليصة والطرود,Waybill Items & Packages,ويب الإدارة (Admin Web),P1,إدارة أصناف/طرود البوليصة متعددة البنود، مع جدول مختصر للأصناف ومنطقة تفاصيل بتبويبات مستقلة للصنف المحدد.,الأصناف (Items Grid) | البيانات الأساسية للصنف (Item General) | الوزن والأبعاد (Weight & Dimensions) | التسعير والرسوم (Pricing & Charges) | المناولة والحساسية (Handling & Risk) | الجمارك والمستندات (Customs & Documents) | توزيع الصنف على الرحلات (Trip Allocation) | التتبع والحركة (Tracking & Movement) | الصور والمرفقات (Photos & Attachments) | الملاحظات والتدقيق (Notes & Audit),البوليصة (Waybill) | الصنف/الوصف (Item / Description) | الكمية (Quantity) | عدد القطع/الطرود (Pieces / Packages) | الوحدة (Unit) | الباركود (Barcode) | الوزن المصرح (Declared Weight) | الوزن الفعلي (Actual Weight) | الوزن الإجمالي (Gross Weight) | الوزن الحجمي (Volumetric Weight) | الوزن المحتسب للتسعير (Chargeable Weight) | وحدة الوزن (Weight Unit) | مصدر الوزن (Weight Source) | الطول (Length) | العرض (Width) | الارتفاع (Height) | الحجم (Volume) | القيمة المصرح بها (Declared Value) | هش/قابل للكسر (Fragile) | يتطلب جمارك (Customs Required) | حالة الصنف (Item Status),الصنف (Item) | الكمية (Qty) | القطع (Pieces) | الوحدة (Unit) | الوزن الفعلي (Actual Weight) | الوزن المحتسب (Chargeable Weight) | الحجم (Volume) | السعر (Price) | المبلغ (Amount) | الموزع على الرحلات (Allocated Qty) | المتبقي (Remaining Qty) | الحالة (Status),إضافة صنف (Add Item) | تعديل الصنف (Edit Item) | حذف قبل الاعتماد (Delete Before Approval) | نسخ صنف (Duplicate Item) | إدخال/تحديث الوزن (Capture Weight) | إضافة مرفق (Add Attachment) | توزيع على رحلة (Allocate to Trip) | عرض الحركة (Movement) | حفظ (Save),إضافة الأصناف → إدخال التفاصيل والوزن/الأبعاد → التحقق → حفظ → توزيع كامل أو جزئي على رحلة/رحلات → تتبع المنقول/المسلم/المرتجع والمتبقي.,TRN-004.View | TRN-004.Act,Waybills | WaybillItems | WaybillItemMeasurements | ShipmentSplits | FreightTrips | FreightManifestItems | Files | AuditLogs,"R32,R33,R34,R35,R36,R37",,,RETAIN_AND_NORMALIZE,NO,السجل القديم محفوظ كما هو.
U-SCR-067,TRN-005,TRN,النقل والشحن بين المدن والفروع,محطات/مراحل البوليصة,Waybill Legs & Stops,ويب الإدارة (Admin Web),P1,مراحل الحركة بين الفروع والمدن والتوقفات الوسيطة.,الرأس (Header) | الأطراف (Parties) | المواقع والمراحل (Locations & Legs) | البنود/الطرود (Items & Packages) | المركبة والسائق (Vehicle & Driver) | الحمولة (Load) | التكلفة (Cost) | المستندات (Documents) | الأحداث (Events) | التدقيق (Audit),الرقم (Document No) | نوع النقل (Transport Type) | المنشأ (Origin) | الوجهة (Destination) | المرسل (Shipper) | المستلم (Consignee) | الأولوية (Priority) | الوزن (Weight) | الحجم (Volume) | المركبة (Vehicle) | السائق (Driver) | تاريخ/وقت التحميل (Pickup Date/Time) | تاريخ/وقت التسليم (Delivery Date/Time) | الحالة (Status),البند/البوليصة (Item/Waybill) | الكمية (Qty) | الوزن (Weight) | الحجم (Volume) | من (From) | إلى (To) | الحالة (Status),إنشاء (Create) | اعتماد (Approve) | تخطيط (Plan) | تجميع (Consolidate) | تقسيم (Split) | إسناد (Assign) | تحميل (Load) | ترحيل (Transship) | تسليم (Deliver) | إلغاء/عكس (Cancel/Reverse),Draft → Approved → Planned → Assigned → Loading → Dispatched → In Transit → Hub/Branch Handling → Delivered/Partial/Exception → Operational Closed,TRN-005.View | TRN-005.Act,TransportOrders | Waybills | WaybillItems | WaybillLegs | ShipmentSplits | FreightTrips | FreightManifests | FreightManifestItems,"R32,R33,R34,R35,R36,R37",,,RETAIN_AND_NORMALIZE,NO,السجل القديم محفوظ كما هو.
U-SCR-068,TRN-006,TRN,النقل والشحن بين المدن والفروع,تجزئة البوليصة على الرحلات,Split Shipment Across Trips,ويب الإدارة (Admin Web),P1,توزيع كل صنف/كمية/طرد في البوليصة على رحلة واحدة أو عدة رحلات مع منع تجاوز الكمية الأصلية.,ملخص البوليصة (Waybill Summary) | الأصناف والكميات (Items & Quantities) | الرحلات المتاحة (Available Trips) | التوزيع الحالي (Current Allocation) | المتبقي (Remaining) | سجل التغييرات (Audit),البوليصة (Waybill) | الصنف (Waybill Item) | الكمية الأصلية (Original Qty) | الموزع سابقًا (Previously Allocated) | المتبقي (Remaining Qty) | الرحلة (Freight Trip) | كمية هذه الرحلة (Allocated Qty) | القطع (Allocated Pieces) | الوزن المخصص (Allocated Weight) | من (From) | إلى (To) | الحالة (Allocation Status),الصنف (Item) | كمية البوليصة (Waybill Qty) | سبق ترحيله (Previously Allocated) | المتبقي (Remaining) | هذه الرحلة (This Trip) | الوزن (Weight) | الحالة (Status),ترحيل كامل (Allocate All) | ترحيل جزئي (Partial Allocation) | حفظ التوزيع (Save Allocation) | إلغاء الترحيل (Unallocate) | نقل إلى رحلة أخرى (Move to Another Trip) | عرض المانيفست (Open Manifest),اختيار البوليصة → عرض الأصناف والمتبقي → توزيع كامل/جزئي على الرحلة → تحقق من الكمية/الوزن والسعة → حفظ → تحميل/تنفيذ → تحديث الكميات المنقولة والمسلمة/المرتجعة.,TRN-006.View | TRN-006.Act,Waybills | WaybillItems | ShipmentSplits | FreightTrips | FreightManifests | FreightManifestItems,"R32,R33,R34,R35,R36,R37",,,RETAIN_AND_NORMALIZE,NO,السجل القديم محفوظ كما هو.
U-SCR-069,TRN-007,TRN,النقل والشحن بين المدن والفروع,تجميع الشحنات,Shipment Consolidation,ويب الإدارة (Admin Web),P1,تجميع عدة بوالص في رحلة/شحنة تشغيلية واحدة.,الرأس (Header) | الأطراف (Parties) | المواقع والمراحل (Locations & Legs) | البنود/الطرود (Items & Packages) | المركبة والسائق (Vehicle & Driver) | الحمولة (Load) | التكلفة (Cost) | المستندات (Documents) | الأحداث (Events) | التدقيق (Audit),الرقم (Document No) | نوع النقل (Transport Type) | المنشأ (Origin) | الوجهة (Destination) | المرسل (Shipper) | المستلم (Consignee) | الأولوية (Priority) | الوزن (Weight) | الحجم (Volume) | المركبة (Vehicle) | السائق (Driver) | تاريخ/وقت التحميل (Pickup Date/Time) | تاريخ/وقت التسليم (Delivery Date/Time) | الحالة (Status),البند/البوليصة (Item/Waybill) | الكمية (Qty) | الوزن (Weight) | الحجم (Volume) | من (From) | إلى (To) | الحالة (Status),إنشاء (Create) | اعتماد (Approve) | تخطيط (Plan) | تجميع (Consolidate) | تقسيم (Split) | إسناد (Assign) | تحميل (Load) | ترحيل (Transship) | تسليم (Deliver) | إلغاء/عكس (Cancel/Reverse),Draft → Approved → Planned → Assigned → Loading → Dispatched → In Transit → Hub/Branch Handling → Delivered/Partial/Exception → Operational Closed,TRN-007.View | TRN-007.Act,TransportOrders | Waybills | WaybillItems | WaybillLegs | ShipmentSplits | FreightTrips | FreightManifests | FreightManifestItems,"R32,R33,R34,R35,R36,R37",,,RETAIN_AND_NORMALIZE,NO,السجل القديم محفوظ كما هو.
U-SCR-070,TRN-008,TRN,النقل والشحن بين المدن والفروع,خطة الحمولة,Load Plan,ويب الإدارة (Admin Web),P1,تخطيط حمولة المركبة حسب الوزن والحجم والسعة.,الرأس (Header) | الأطراف (Parties) | المواقع والمراحل (Locations & Legs) | البنود/الطرود (Items & Packages) | المركبة والسائق (Vehicle & Driver) | الحمولة (Load) | التكلفة (Cost) | المستندات (Documents) | الأحداث (Events) | التدقيق (Audit),الرقم (Document No) | نوع النقل (Transport Type) | المنشأ (Origin) | الوجهة (Destination) | المرسل (Shipper) | المستلم (Consignee) | الأولوية (Priority) | الوزن (Weight) | الحجم (Volume) | المركبة (Vehicle) | السائق (Driver) | تاريخ/وقت التحميل (Pickup Date/Time) | تاريخ/وقت التسليم (Delivery Date/Time) | الحالة (Status),البند/البوليصة (Item/Waybill) | الكمية (Qty) | الوزن (Weight) | الحجم (Volume) | من (From) | إلى (To) | الحالة (Status),إنشاء (Create) | اعتماد (Approve) | تخطيط (Plan) | تجميع (Consolidate) | تقسيم (Split) | إسناد (Assign) | تحميل (Load) | ترحيل (Transship) | تسليم (Deliver) | إلغاء/عكس (Cancel/Reverse),Draft → Approved → Planned → Assigned → Loading → Dispatched → In Transit → Hub/Branch Handling → Delivered/Partial/Exception → Operational Closed,TRN-008.View | TRN-008.Act,TransportOrders | Waybills | WaybillItems | WaybillLegs | ShipmentSplits | FreightTrips | FreightManifests | FreightManifestItems,"R32,R33,R34,R35,R36,R37",,,RETAIN_AND_NORMALIZE,NO,السجل القديم محفوظ كما هو.
U-SCR-071,TRN-009,TRN,النقل والشحن بين المدن والفروع,أمر رحلة شحن,Freight Trip Order,ويب الإدارة (Admin Web),P1,ربط السائق والمركبة والمسار والبوالص للرحلة.,الرأس (Header) | الأطراف (Parties) | المواقع والمراحل (Locations & Legs) | البنود/الطرود (Items & Packages) | المركبة والسائق (Vehicle & Driver) | الحمولة (Load) | التكلفة (Cost) | المستندات (Documents) | الأحداث (Events) | التدقيق (Audit),الرقم (Document No) | نوع النقل (Transport Type) | المنشأ (Origin) | الوجهة (Destination) | المرسل (Shipper) | المستلم (Consignee) | الأولوية (Priority) | الوزن (Weight) | الحجم (Volume) | المركبة (Vehicle) | السائق (Driver) | تاريخ/وقت التحميل (Pickup Date/Time) | تاريخ/وقت التسليم (Delivery Date/Time) | الحالة (Status),البند/البوليصة (Item/Waybill) | الكمية (Qty) | الوزن (Weight) | الحجم (Volume) | من (From) | إلى (To) | الحالة (Status),إنشاء (Create) | اعتماد (Approve) | تخطيط (Plan) | تجميع (Consolidate) | تقسيم (Split) | إسناد (Assign) | تحميل (Load) | ترحيل (Transship) | تسليم (Deliver) | إلغاء/عكس (Cancel/Reverse),Draft → Approved → Planned → Assigned → Loading → Dispatched → In Transit → Hub/Branch Handling → Delivered/Partial/Exception → Operational Closed,TRN-009.View | TRN-009.Act,TransportOrders | Waybills | WaybillItems | WaybillLegs | ShipmentSplits | FreightTrips | FreightManifests | FreightManifestItems,"R32,R33,R34,R35,R36,R37",,,RETAIN_AND_NORMALIZE,NO,السجل القديم محفوظ كما هو.
U-SCR-072,TRN-010,TRN,النقل والشحن بين المدن والفروع,قائمة الرحلة/المانيفست,Freight Manifest,ويب الإدارة (Admin Web),P1,قائمة البوالص والطرود المحملة على الرحلة.,الملخص (Overview) | القائمة/التفاصيل (Details) | المستندات (Documents) | الأحداث (Events) | التدقيق (Audit),الرقم (Document No) | نوع النقل (Transport Type) | المنشأ (Origin) | الوجهة (Destination) | المرسل (Shipper) | المستلم (Consignee) | الأولوية (Priority) | الوزن (Weight) | الحجم (Volume) | المركبة (Vehicle) | السائق (Driver) | تاريخ/وقت التحميل (Pickup Date/Time) | تاريخ/وقت التسليم (Delivery Date/Time) | الحالة (Status),البند/البوليصة (Item/Waybill) | الكمية (Qty) | الوزن (Weight) | الحجم (Volume) | من (From) | إلى (To) | الحالة (Status),إنشاء (Create) | اعتماد (Approve) | تخطيط (Plan) | تجميع (Consolidate) | تقسيم (Split) | إسناد (Assign) | تحميل (Load) | ترحيل (Transship) | تسليم (Deliver) | إلغاء/عكس (Cancel/Reverse),Draft → Approved → Planned → Assigned → Loading → Dispatched → In Transit → Hub/Branch Handling → Delivered/Partial/Exception → Operational Closed,TRN-010.View | TRN-010.Act,TransportOrders | Waybills | WaybillItems | WaybillLegs | ShipmentSplits | FreightTrips | FreightManifests | FreightManifestItems,"R32,R33,R34,R35,R36,R37",,,RETAIN_AND_NORMALIZE,NO,السجل القديم محفوظ كما هو.
U-SCR-073,TRN-011,TRN,النقل والشحن بين المدن والفروع,النقل بين الفروع,Inter-Branch Transfer,ويب الإدارة (Admin Web),P1,تخطيط حركة البضائع بين فروع الشركة.,الرأس (Header) | الأطراف (Parties) | المواقع والمراحل (Locations & Legs) | البنود/الطرود (Items & Packages) | المركبة والسائق (Vehicle & Driver) | الحمولة (Load) | التكلفة (Cost) | المستندات (Documents) | الأحداث (Events) | التدقيق (Audit),الرقم (Document No) | نوع النقل (Transport Type) | المنشأ (Origin) | الوجهة (Destination) | المرسل (Shipper) | المستلم (Consignee) | الأولوية (Priority) | الوزن (Weight) | الحجم (Volume) | المركبة (Vehicle) | السائق (Driver) | تاريخ/وقت التحميل (Pickup Date/Time) | تاريخ/وقت التسليم (Delivery Date/Time) | الحالة (Status),البند/البوليصة (Item/Waybill) | الكمية (Qty) | الوزن (Weight) | الحجم (Volume) | من (From) | إلى (To) | الحالة (Status),إنشاء (Create) | اعتماد (Approve) | تخطيط (Plan) | تجميع (Consolidate) | تقسيم (Split) | إسناد (Assign) | تحميل (Load) | ترحيل (Transship) | تسليم (Deliver) | إلغاء/عكس (Cancel/Reverse),Draft → Approved → Planned → Assigned → Loading → Dispatched → In Transit → Hub/Branch Handling → Delivered/Partial/Exception → Operational Closed,TRN-011.View | TRN-011.Act,TransportOrders | Waybills | WaybillItems | WaybillLegs | ShipmentSplits | FreightTrips | FreightManifests | FreightManifestItems,"R32,R33,R34,R35,R36,R37",,,RETAIN_AND_NORMALIZE,NO,السجل القديم محفوظ كما هو.
U-SCR-074,TRN-012,TRN,النقل والشحن بين المدن والفروع,النقل بين المدن,Intercity Transport,ويب الإدارة (Admin Web),P1,خدمة نقل مباشرة أو متعددة المراحل بين المدن.,الرأس (Header) | الأطراف (Parties) | المواقع والمراحل (Locations & Legs) | البنود/الطرود (Items & Packages) | المركبة والسائق (Vehicle & Driver) | الحمولة (Load) | التكلفة (Cost) | المستندات (Documents) | الأحداث (Events) | التدقيق (Audit),الرقم (Document No) | نوع النقل (Transport Type) | المنشأ (Origin) | الوجهة (Destination) | المرسل (Shipper) | المستلم (Consignee) | الأولوية (Priority) | الوزن (Weight) | الحجم (Volume) | المركبة (Vehicle) | السائق (Driver) | تاريخ/وقت التحميل (Pickup Date/Time) | تاريخ/وقت التسليم (Delivery Date/Time) | الحالة (Status),البند/البوليصة (Item/Waybill) | الكمية (Qty) | الوزن (Weight) | الحجم (Volume) | من (From) | إلى (To) | الحالة (Status),إنشاء (Create) | اعتماد (Approve) | تخطيط (Plan) | تجميع (Consolidate) | تقسيم (Split) | إسناد (Assign) | تحميل (Load) | ترحيل (Transship) | تسليم (Deliver) | إلغاء/عكس (Cancel/Reverse),Draft → Approved → Planned → Assigned → Loading → Dispatched → In Transit → Hub/Branch Handling → Delivered/Partial/Exception → Operational Closed,TRN-012.View | TRN-012.Act,TransportOrders | Waybills | WaybillItems | WaybillLegs | ShipmentSplits | FreightTrips | FreightManifests | FreightManifestItems,"R32,R33,R34,R35,R36,R37",,,RETAIN_AND_NORMALIZE,NO,السجل القديم محفوظ كما هو.
U-SCR-075,TRN-013,TRN,النقل والشحن بين المدن والفروع,النقل متعدد التوقفات,Multi-Stop Transport,ويب الإدارة (Admin Web),P1,رحلة بها عدة نقاط تحميل/تنزيل.,الرأس (Header) | الأطراف (Parties) | المواقع والمراحل (Locations & Legs) | البنود/الطرود (Items & Packages) | المركبة والسائق (Vehicle & Driver) | الحمولة (Load) | التكلفة (Cost) | المستندات (Documents) | الأحداث (Events) | التدقيق (Audit),الرقم (Document No) | نوع النقل (Transport Type) | المنشأ (Origin) | الوجهة (Destination) | المرسل (Shipper) | المستلم (Consignee) | الأولوية (Priority) | الوزن (Weight) | الحجم (Volume) | المركبة (Vehicle) | السائق (Driver) | تاريخ/وقت التحميل (Pickup Date/Time) | تاريخ/وقت التسليم (Delivery Date/Time) | الحالة (Status),البند/البوليصة (Item/Waybill) | الكمية (Qty) | الوزن (Weight) | الحجم (Volume) | من (From) | إلى (To) | الحالة (Status),إنشاء (Create) | اعتماد (Approve) | تخطيط (Plan) | تجميع (Consolidate) | تقسيم (Split) | إسناد (Assign) | تحميل (Load) | ترحيل (Transship) | تسليم (Deliver) | إلغاء/عكس (Cancel/Reverse),Draft → Approved → Planned → Assigned → Loading → Dispatched → In Transit → Hub/Branch Handling → Delivered/Partial/Exception → Operational Closed,TRN-013.View | TRN-013.Act,TransportOrders | Waybills | WaybillItems | WaybillLegs | ShipmentSplits | FreightTrips | FreightManifests | FreightManifestItems,"R32,R33,R34,R35,R36,R37",,,RETAIN_AND_NORMALIZE,NO,السجل القديم محفوظ كما هو.
U-SCR-076,TRN-014,TRN,النقل والشحن بين المدن والفروع,إسناد السائق والمركبة,Driver & Vehicle Assignment,ويب الإدارة (Admin Web),P1,إسناد موارد مناسبة حسب الرخص والسعة والتوفر.,الرأس (Header) | الأطراف (Parties) | المواقع والمراحل (Locations & Legs) | البنود/الطرود (Items & Packages) | المركبة والسائق (Vehicle & Driver) | الحمولة (Load) | التكلفة (Cost) | المستندات (Documents) | الأحداث (Events) | التدقيق (Audit),الرقم (Document No) | نوع النقل (Transport Type) | المنشأ (Origin) | الوجهة (Destination) | المرسل (Shipper) | المستلم (Consignee) | الأولوية (Priority) | الوزن (Weight) | الحجم (Volume) | المركبة (Vehicle) | السائق (Driver) | تاريخ/وقت التحميل (Pickup Date/Time) | تاريخ/وقت التسليم (Delivery Date/Time) | الحالة (Status),البند/البوليصة (Item/Waybill) | الكمية (Qty) | الوزن (Weight) | الحجم (Volume) | من (From) | إلى (To) | الحالة (Status),إنشاء (Create) | اعتماد (Approve) | تخطيط (Plan) | تجميع (Consolidate) | تقسيم (Split) | إسناد (Assign) | تحميل (Load) | ترحيل (Transship) | تسليم (Deliver) | إلغاء/عكس (Cancel/Reverse),Draft → Approved → Planned → Assigned → Loading → Dispatched → In Transit → Hub/Branch Handling → Delivered/Partial/Exception → Operational Closed,TRN-014.View | TRN-014.Act,TransportOrders | Waybills | WaybillItems | WaybillLegs | ShipmentSplits | FreightTrips | FreightManifests | FreightManifestItems,"R32,R33,R34,R35,R36,R37",,,RETAIN_AND_NORMALIZE,NO,السجل القديم محفوظ كما هو.
U-SCR-077,TRN-015,TRN,النقل والشحن بين المدن والفروع,مراقبة تنفيذ الرحلة,Trip Execution Monitor,ويب الإدارة (Admin Web),P1,متابعة Planned/Estimated/Actual والأحداث والاستثناءات.,الملخص (Overview) | القائمة/التفاصيل (Details) | المستندات (Documents) | الأحداث (Events) | التدقيق (Audit),الرقم (Document No) | نوع النقل (Transport Type) | المنشأ (Origin) | الوجهة (Destination) | المرسل (Shipper) | المستلم (Consignee) | الأولوية (Priority) | الوزن (Weight) | الحجم (Volume) | المركبة (Vehicle) | السائق (Driver) | تاريخ/وقت التحميل (Pickup Date/Time) | تاريخ/وقت التسليم (Delivery Date/Time) | الحالة (Status),البند/البوليصة (Item/Waybill) | الكمية (Qty) | الوزن (Weight) | الحجم (Volume) | من (From) | إلى (To) | الحالة (Status),إنشاء (Create) | اعتماد (Approve) | تخطيط (Plan) | تجميع (Consolidate) | تقسيم (Split) | إسناد (Assign) | تحميل (Load) | ترحيل (Transship) | تسليم (Deliver) | إلغاء/عكس (Cancel/Reverse),Draft → Approved → Planned → Assigned → Loading → Dispatched → In Transit → Hub/Branch Handling → Delivered/Partial/Exception → Operational Closed,TRN-015.View | TRN-015.Act,TransportOrders | Waybills | WaybillItems | WaybillLegs | ShipmentSplits | FreightTrips | FreightManifests | FreightManifestItems,"R32,R33,R34,R35,R36,R37",,,RETAIN_AND_NORMALIZE,NO,السجل القديم محفوظ كما هو.
U-SCR-078,TRN-016,TRN,النقل والشحن بين المدن والفروع,الوصول للفرع/المحور,Branch/Hub Arrival,ويب الإدارة (Admin Web),P1,تسجيل الوصول والتفريغ والاستلام الداخلي.,الملخص (Overview) | القائمة/التفاصيل (Details) | المستندات (Documents) | الأحداث (Events) | التدقيق (Audit),الرقم (Document No) | نوع النقل (Transport Type) | المنشأ (Origin) | الوجهة (Destination) | المرسل (Shipper) | المستلم (Consignee) | الأولوية (Priority) | الوزن (Weight) | الحجم (Volume) | المركبة (Vehicle) | السائق (Driver) | تاريخ/وقت التحميل (Pickup Date/Time) | تاريخ/وقت التسليم (Delivery Date/Time) | الحالة (Status),البند/البوليصة (Item/Waybill) | الكمية (Qty) | الوزن (Weight) | الحجم (Volume) | من (From) | إلى (To) | الحالة (Status),إنشاء (Create) | اعتماد (Approve) | تخطيط (Plan) | تجميع (Consolidate) | تقسيم (Split) | إسناد (Assign) | تحميل (Load) | ترحيل (Transship) | تسليم (Deliver) | إلغاء/عكس (Cancel/Reverse),Draft → Approved → Planned → Assigned → Loading → Dispatched → In Transit → Hub/Branch Handling → Delivered/Partial/Exception → Operational Closed,TRN-016.View | TRN-016.Act,TransportOrders | Waybills | WaybillItems | WaybillLegs | ShipmentSplits | FreightTrips | FreightManifests | FreightManifestItems,"R32,R33,R34,R35,R36,R37",,,RETAIN_AND_NORMALIZE,NO,السجل القديم محفوظ كما هو.
U-SCR-079,TRN-017,TRN,النقل والشحن بين المدن والفروع,إعادة التحميل/الترحيل,Reload / Transshipment,ويب الإدارة (Admin Web),P1,ترحيل الشحنة من رحلة إلى رحلة أخرى.,الملخص (Overview) | القائمة/التفاصيل (Details) | المستندات (Documents) | الأحداث (Events) | التدقيق (Audit),الرقم (Document No) | نوع النقل (Transport Type) | المنشأ (Origin) | الوجهة (Destination) | المرسل (Shipper) | المستلم (Consignee) | الأولوية (Priority) | الوزن (Weight) | الحجم (Volume) | المركبة (Vehicle) | السائق (Driver) | تاريخ/وقت التحميل (Pickup Date/Time) | تاريخ/وقت التسليم (Delivery Date/Time) | الحالة (Status),البند/البوليصة (Item/Waybill) | الكمية (Qty) | الوزن (Weight) | الحجم (Volume) | من (From) | إلى (To) | الحالة (Status),إنشاء (Create) | اعتماد (Approve) | تخطيط (Plan) | تجميع (Consolidate) | تقسيم (Split) | إسناد (Assign) | تحميل (Load) | ترحيل (Transship) | تسليم (Deliver) | إلغاء/عكس (Cancel/Reverse),Draft → Approved → Planned → Assigned → Loading → Dispatched → In Transit → Hub/Branch Handling → Delivered/Partial/Exception → Operational Closed,TRN-017.View | TRN-017.Act,TransportOrders | Waybills | WaybillItems | WaybillLegs | ShipmentSplits | FreightTrips | FreightManifests | FreightManifestItems,"R32,R33,R34,R35,R36,R37",,,RETAIN_AND_NORMALIZE,NO,السجل القديم محفوظ كما هو.
U-SCR-080,TRN-018,TRN,النقل والشحن بين المدن والفروع,التسليم النهائي للشحنة,Final Shipment Delivery,ويب الإدارة (Admin Web),P1,التسليم النهائي مع إثبات وهوية مستلم ونقص/تلف.,الرأس (Header) | الأطراف (Parties) | المواقع والمراحل (Locations & Legs) | البنود/الطرود (Items & Packages) | المركبة والسائق (Vehicle & Driver) | الحمولة (Load) | التكلفة (Cost) | المستندات (Documents) | الأحداث (Events) | التدقيق (Audit),الرقم (Document No) | نوع النقل (Transport Type) | المنشأ (Origin) | الوجهة (Destination) | المرسل (Shipper) | المستلم (Consignee) | الأولوية (Priority) | الوزن (Weight) | الحجم (Volume) | المركبة (Vehicle) | السائق (Driver) | تاريخ/وقت التحميل (Pickup Date/Time) | تاريخ/وقت التسليم (Delivery Date/Time) | الحالة (Status),البند/البوليصة (Item/Waybill) | الكمية (Qty) | الوزن (Weight) | الحجم (Volume) | من (From) | إلى (To) | الحالة (Status),إنشاء (Create) | اعتماد (Approve) | تخطيط (Plan) | تجميع (Consolidate) | تقسيم (Split) | إسناد (Assign) | تحميل (Load) | ترحيل (Transship) | تسليم (Deliver) | إلغاء/عكس (Cancel/Reverse),Draft → Approved → Planned → Assigned → Loading → Dispatched → In Transit → Hub/Branch Handling → Delivered/Partial/Exception → Operational Closed,TRN-018.View | TRN-018.Act,TransportOrders | Waybills | WaybillItems | WaybillLegs | ShipmentSplits | FreightTrips | FreightManifests | FreightManifestItems,"R32,R33,R34,R35,R36,R37",,,RETAIN_AND_NORMALIZE,NO,السجل القديم محفوظ كما هو.
U-SCR-081,TRN-019,TRN,النقل والشحن بين المدن والفروع,المطالبات والأضرار,Claims & Damages,ويب الإدارة (Admin Web),P1,النقص والتلف والمفقود والتعويضات.,الملخص (Overview) | القائمة/التفاصيل (Details) | المستندات (Documents) | الأحداث (Events) | التدقيق (Audit),الرقم (Document No) | نوع النقل (Transport Type) | المنشأ (Origin) | الوجهة (Destination) | المرسل (Shipper) | المستلم (Consignee) | الأولوية (Priority) | الوزن (Weight) | الحجم (Volume) | المركبة (Vehicle) | السائق (Driver) | تاريخ/وقت التحميل (Pickup Date/Time) | تاريخ/وقت التسليم (Delivery Date/Time) | الحالة (Status),البند/البوليصة (Item/Waybill) | الكمية (Qty) | الوزن (Weight) | الحجم (Volume) | من (From) | إلى (To) | الحالة (Status),إنشاء (Create) | اعتماد (Approve) | تخطيط (Plan) | تجميع (Consolidate) | تقسيم (Split) | إسناد (Assign) | تحميل (Load) | ترحيل (Transship) | تسليم (Deliver) | إلغاء/عكس (Cancel/Reverse),Draft → Approved → Planned → Assigned → Loading → Dispatched → In Transit → Hub/Branch Handling → Delivered/Partial/Exception → Operational Closed,TRN-019.View | TRN-019.Act,TransportOrders | Waybills | WaybillItems | WaybillLegs | ShipmentSplits | FreightTrips | FreightManifests | FreightManifestItems,"R32,R33,R34,R35,R36,R37",,,RETAIN_AND_NORMALIZE,NO,السجل القديم محفوظ كما هو.
U-SCR-082,TRN-020,TRN,النقل والشحن بين المدن والفروع,تسعير تكلفة النقل,Transport Costing,ويب الإدارة (Admin Web),P1,تكلفة الرحلة والسائق والمركبة والناقل والطرق والوقود.,الرأس (Header) | الأطراف (Parties) | المواقع والمراحل (Locations & Legs) | البنود/الطرود (Items & Packages) | المركبة والسائق (Vehicle & Driver) | الحمولة (Load) | التكلفة (Cost) | المستندات (Documents) | الأحداث (Events) | التدقيق (Audit),الرقم (Document No) | نوع النقل (Transport Type) | المنشأ (Origin) | الوجهة (Destination) | المرسل (Shipper) | المستلم (Consignee) | الأولوية (Priority) | الوزن (Weight) | الحجم (Volume) | المركبة (Vehicle) | السائق (Driver) | تاريخ/وقت التحميل (Pickup Date/Time) | تاريخ/وقت التسليم (Delivery Date/Time) | الحالة (Status),البند/البوليصة (Item/Waybill) | الكمية (Qty) | الوزن (Weight) | الحجم (Volume) | من (From) | إلى (To) | الحالة (Status),إنشاء (Create) | اعتماد (Approve) | تخطيط (Plan) | تجميع (Consolidate) | تقسيم (Split) | إسناد (Assign) | تحميل (Load) | ترحيل (Transship) | تسليم (Deliver) | إلغاء/عكس (Cancel/Reverse),Draft → Approved → Planned → Assigned → Loading → Dispatched → In Transit → Hub/Branch Handling → Delivered/Partial/Exception → Operational Closed,TRN-020.View | TRN-020.Act,TransportOrders | Waybills | WaybillItems | WaybillLegs | ShipmentSplits | FreightTrips | FreightManifests | FreightManifestItems,"R32,R33,R34,R35,R36,R37",,,RETAIN_AND_NORMALIZE,NO,السجل القديم محفوظ كما هو.
U-SCR-083,TRN-021,TRN,النقل والشحن بين المدن والفروع,طلب عرض سعر ناقل,Carrier RFQ,ويب الإدارة (Admin Web),P1,طلب عروض أسعار من ناقلين خارجيين.,الملخص (Overview) | القائمة/التفاصيل (Details) | المستندات (Documents) | الأحداث (Events) | التدقيق (Audit),الرقم (Document No) | نوع النقل (Transport Type) | المنشأ (Origin) | الوجهة (Destination) | المرسل (Shipper) | المستلم (Consignee) | الأولوية (Priority) | الوزن (Weight) | الحجم (Volume) | المركبة (Vehicle) | السائق (Driver) | تاريخ/وقت التحميل (Pickup Date/Time) | تاريخ/وقت التسليم (Delivery Date/Time) | الحالة (Status),البند/البوليصة (Item/Waybill) | الكمية (Qty) | الوزن (Weight) | الحجم (Volume) | من (From) | إلى (To) | الحالة (Status),إنشاء (Create) | اعتماد (Approve) | تخطيط (Plan) | تجميع (Consolidate) | تقسيم (Split) | إسناد (Assign) | تحميل (Load) | ترحيل (Transship) | تسليم (Deliver) | إلغاء/عكس (Cancel/Reverse),Draft → Approved → Planned → Assigned → Loading → Dispatched → In Transit → Hub/Branch Handling → Delivered/Partial/Exception → Operational Closed,TRN-021.View | TRN-021.Act,TransportOrders | Waybills | WaybillItems | WaybillLegs | ShipmentSplits | FreightTrips | FreightManifests | FreightManifestItems,"R32,R33,R34,R35,R36,R37",,,RETAIN_AND_NORMALIZE,NO,السجل القديم محفوظ كما هو.
U-SCR-084,TRN-022,TRN,النقل والشحن بين المدن والفروع,إسناد/تعاقد ناقل,Carrier Tendering,ويب الإدارة (Admin Web),P1,تقديم النقل لناقل وتأكيده/رفضه.,الملخص (Overview) | القائمة/التفاصيل (Details) | المستندات (Documents) | الأحداث (Events) | التدقيق (Audit),الرقم (Document No) | نوع النقل (Transport Type) | المنشأ (Origin) | الوجهة (Destination) | المرسل (Shipper) | المستلم (Consignee) | الأولوية (Priority) | الوزن (Weight) | الحجم (Volume) | المركبة (Vehicle) | السائق (Driver) | تاريخ/وقت التحميل (Pickup Date/Time) | تاريخ/وقت التسليم (Delivery Date/Time) | الحالة (Status),البند/البوليصة (Item/Waybill) | الكمية (Qty) | الوزن (Weight) | الحجم (Volume) | من (From) | إلى (To) | الحالة (Status),إنشاء (Create) | اعتماد (Approve) | تخطيط (Plan) | تجميع (Consolidate) | تقسيم (Split) | إسناد (Assign) | تحميل (Load) | ترحيل (Transship) | تسليم (Deliver) | إلغاء/عكس (Cancel/Reverse),Draft → Approved → Planned → Assigned → Loading → Dispatched → In Transit → Hub/Branch Handling → Delivered/Partial/Exception → Operational Closed,TRN-022.View | TRN-022.Act,TransportOrders | Waybills | WaybillItems | WaybillLegs | ShipmentSplits | FreightTrips | FreightManifests | FreightManifestItems,"R32,R33,R34,R35,R36,R37",,,RETAIN_AND_NORMALIZE,NO,السجل القديم محفوظ كما هو.
U-SCR-085,TRV-001,TRV,السفريات والحجز والتذاكر,المدن والمحطات,Cities & Stations,ويب الإدارة (Admin Web),P1,تعريف شبكة محطات السفر والمدن ونقاط التوقف.,البيانات (General) | التفاصيل (Details) | السياسات/القواعد (Rules) | التدقيق (Audit),رقم/رمز (Code/No) | الخط (Route) | من (Origin) | إلى (Destination) | التاريخ (Date) | وقت المغادرة (Departure) | وقت الوصول (Arrival) | الحافلة (Vehicle) | السائق (Driver) | المسافر (Passenger) | نوع التعرفة (Fare Type) | المقعد (Seat) | السعر (Price) | الحالة (Status),المسافر/التذكرة (Passenger/Ticket) | المقعد (Seat) | من (From) | إلى (To) | الحالة (Status) | الصعود (Boarding),بحث (Search) | حجز (Book) | Hold مقعد (Hold Seat) | دفع (Pay) | إصدار (Issue) | تغيير (Change) | نقل (Move) | إلغاء (Cancel) | استرداد (Refund) | Check-in | Redeem | No-show,Schedule Planned → Published → Booking Hold → Confirmed/Paid → Issued → Checked-in/Redeemed → Travel Completed; exceptions: Changed/Moved/Cancelled/Refunded/No-show,TRV-001.View | TRV-001.Act,PassengerRoutes | PassengerRouteStops | PassengerSchedules | PassengerTrips | SeatMaps | Seats | Bookings | BookingPassengers | Tickets | TicketMovements | TicketRefunds | PassengerManifests | PassengerManifestItems | TicketOfficeShifts,"R01,R02,R03,R04,R05,R06,R07,R08,R09,R10,R11,R12,R13,R14,R15,R16,R17,R18,R19,R20",,,RETAIN_AND_NORMALIZE,NO,السجل القديم محفوظ كما هو.
U-SCR-086,TRV-002,TRV,السفريات والحجز والتذاكر,خطوط السفر,Passenger Routes,ويب الإدارة (Admin Web),P1,تعريف الخط واتجاهه والمحطات المرتبة.,البيانات (General) | التفاصيل (Details) | السياسات/القواعد (Rules) | التدقيق (Audit),رقم/رمز (Code/No) | الخط (Route) | من (Origin) | إلى (Destination) | التاريخ (Date) | وقت المغادرة (Departure) | وقت الوصول (Arrival) | الحافلة (Vehicle) | السائق (Driver) | المسافر (Passenger) | نوع التعرفة (Fare Type) | المقعد (Seat) | السعر (Price) | الحالة (Status),المسافر/التذكرة (Passenger/Ticket) | المقعد (Seat) | من (From) | إلى (To) | الحالة (Status) | الصعود (Boarding),بحث (Search) | حجز (Book) | Hold مقعد (Hold Seat) | دفع (Pay) | إصدار (Issue) | تغيير (Change) | نقل (Move) | إلغاء (Cancel) | استرداد (Refund) | Check-in | Redeem | No-show,Schedule Planned → Published → Booking Hold → Confirmed/Paid → Issued → Checked-in/Redeemed → Travel Completed; exceptions: Changed/Moved/Cancelled/Refunded/No-show,TRV-002.View | TRV-002.Act,PassengerRoutes | PassengerRouteStops | PassengerSchedules | PassengerTrips | SeatMaps | Seats | Bookings | BookingPassengers | Tickets | TicketMovements | TicketRefunds | PassengerManifests | PassengerManifestItems | TicketOfficeShifts,"R01,R02,R03,R04,R05,R06,R07,R08,R09,R10,R11,R12,R13,R14,R15,R16,R17,R18,R19,R20",,,RETAIN_AND_NORMALIZE,NO,السجل القديم محفوظ كما هو.
U-SCR-087,TRV-003,TRV,السفريات والحجز والتذاكر,المقاطع بين المحطات,Route Segments,ويب الإدارة (Admin Web),P1,المسافة والوقت والسعر بين كل محطتين.,البيانات (General) | التفاصيل (Details) | السياسات/القواعد (Rules) | التدقيق (Audit),رقم/رمز (Code/No) | الخط (Route) | من (Origin) | إلى (Destination) | التاريخ (Date) | وقت المغادرة (Departure) | وقت الوصول (Arrival) | الحافلة (Vehicle) | السائق (Driver) | المسافر (Passenger) | نوع التعرفة (Fare Type) | المقعد (Seat) | السعر (Price) | الحالة (Status),المسافر/التذكرة (Passenger/Ticket) | المقعد (Seat) | من (From) | إلى (To) | الحالة (Status) | الصعود (Boarding),بحث (Search) | حجز (Book) | Hold مقعد (Hold Seat) | دفع (Pay) | إصدار (Issue) | تغيير (Change) | نقل (Move) | إلغاء (Cancel) | استرداد (Refund) | Check-in | Redeem | No-show,Schedule Planned → Published → Booking Hold → Confirmed/Paid → Issued → Checked-in/Redeemed → Travel Completed; exceptions: Changed/Moved/Cancelled/Refunded/No-show,TRV-003.View | TRV-003.Act,PassengerRoutes | PassengerRouteStops | PassengerSchedules | PassengerTrips | SeatMaps | Seats | Bookings | BookingPassengers | Tickets | TicketMovements | TicketRefunds | PassengerManifests | PassengerManifestItems | TicketOfficeShifts,"R01,R02,R03,R04,R05,R06,R07,R08,R09,R10,R11,R12,R13,R14,R15,R16,R17,R18,R19,R20",,,RETAIN_AND_NORMALIZE,NO,السجل القديم محفوظ كما هو.
U-SCR-088,TRV-004,TRV,السفريات والحجز والتذاكر,الجداول الزمنية,Schedules,ويب الإدارة (Admin Web),P1,إنشاء جداول الرحلات وأيام التشغيل والحالة.,البيانات (General) | التفاصيل (Details) | السياسات/القواعد (Rules) | التدقيق (Audit),رقم/رمز (Code/No) | الخط (Route) | من (Origin) | إلى (Destination) | التاريخ (Date) | وقت المغادرة (Departure) | وقت الوصول (Arrival) | الحافلة (Vehicle) | السائق (Driver) | المسافر (Passenger) | نوع التعرفة (Fare Type) | المقعد (Seat) | السعر (Price) | الحالة (Status),المسافر/التذكرة (Passenger/Ticket) | المقعد (Seat) | من (From) | إلى (To) | الحالة (Status) | الصعود (Boarding),بحث (Search) | حجز (Book) | Hold مقعد (Hold Seat) | دفع (Pay) | إصدار (Issue) | تغيير (Change) | نقل (Move) | إلغاء (Cancel) | استرداد (Refund) | Check-in | Redeem | No-show,Schedule Planned → Published → Booking Hold → Confirmed/Paid → Issued → Checked-in/Redeemed → Travel Completed; exceptions: Changed/Moved/Cancelled/Refunded/No-show,TRV-004.View | TRV-004.Act,PassengerRoutes | PassengerRouteStops | PassengerSchedules | PassengerTrips | SeatMaps | Seats | Bookings | BookingPassengers | Tickets | TicketMovements | TicketRefunds | PassengerManifests | PassengerManifestItems | TicketOfficeShifts,"R01,R02,R03,R04,R05,R06,R07,R08,R09,R10,R11,R12,R13,R14,R15,R16,R17,R18,R19,R20",,,RETAIN_AND_NORMALIZE,NO,السجل القديم محفوظ كما هو.
U-SCR-089,TRV-005,TRV,السفريات والحجز والتذاكر,نسخ/قوالب الجداول,Schedule Templates,ويب الإدارة (Admin Web),P1,قوالب متكررة للجداول اليومية/الأسبوعية.,البيانات (General) | التفاصيل (Details) | السياسات/القواعد (Rules) | التدقيق (Audit),رقم/رمز (Code/No) | الخط (Route) | من (Origin) | إلى (Destination) | التاريخ (Date) | وقت المغادرة (Departure) | وقت الوصول (Arrival) | الحافلة (Vehicle) | السائق (Driver) | المسافر (Passenger) | نوع التعرفة (Fare Type) | المقعد (Seat) | السعر (Price) | الحالة (Status),المسافر/التذكرة (Passenger/Ticket) | المقعد (Seat) | من (From) | إلى (To) | الحالة (Status) | الصعود (Boarding),بحث (Search) | حجز (Book) | Hold مقعد (Hold Seat) | دفع (Pay) | إصدار (Issue) | تغيير (Change) | نقل (Move) | إلغاء (Cancel) | استرداد (Refund) | Check-in | Redeem | No-show,Schedule Planned → Published → Booking Hold → Confirmed/Paid → Issued → Checked-in/Redeemed → Travel Completed; exceptions: Changed/Moved/Cancelled/Refunded/No-show,TRV-005.View | TRV-005.Act,PassengerRoutes | PassengerRouteStops | PassengerSchedules | PassengerTrips | SeatMaps | Seats | Bookings | BookingPassengers | Tickets | TicketMovements | TicketRefunds | PassengerManifests | PassengerManifestItems | TicketOfficeShifts,"R01,R02,R03,R04,R05,R06,R07,R08,R09,R10,R11,R12,R13,R14,R15,R16,R17,R18,R19,R20",,,RETAIN_AND_NORMALIZE,NO,السجل القديم محفوظ كما هو.
U-SCR-090,TRV-006,TRV,السفريات والحجز والتذاكر,أنواع الحافلات/مخططات المقاعد,Vehicle Profiles & Seat Maps,ويب الإدارة (Admin Web),P1,تعريف سعة الحافلة وشكل المقاعد والمرافق.,البيانات (General) | التفاصيل (Details) | السياسات/القواعد (Rules) | التدقيق (Audit),رقم/رمز (Code/No) | الخط (Route) | من (Origin) | إلى (Destination) | التاريخ (Date) | وقت المغادرة (Departure) | وقت الوصول (Arrival) | الحافلة (Vehicle) | السائق (Driver) | المسافر (Passenger) | نوع التعرفة (Fare Type) | المقعد (Seat) | السعر (Price) | الحالة (Status),المسافر/التذكرة (Passenger/Ticket) | المقعد (Seat) | من (From) | إلى (To) | الحالة (Status) | الصعود (Boarding),بحث (Search) | حجز (Book) | Hold مقعد (Hold Seat) | دفع (Pay) | إصدار (Issue) | تغيير (Change) | نقل (Move) | إلغاء (Cancel) | استرداد (Refund) | Check-in | Redeem | No-show,Schedule Planned → Published → Booking Hold → Confirmed/Paid → Issued → Checked-in/Redeemed → Travel Completed; exceptions: Changed/Moved/Cancelled/Refunded/No-show,TRV-006.View | TRV-006.Act,PassengerRoutes | PassengerRouteStops | PassengerSchedules | PassengerTrips | SeatMaps | Seats | Bookings | BookingPassengers | Tickets | TicketMovements | TicketRefunds | PassengerManifests | PassengerManifestItems | TicketOfficeShifts,"R01,R02,R03,R04,R05,R06,R07,R08,R09,R10,R11,R12,R13,R14,R15,R16,R17,R18,R19,R20",,,RETAIN_AND_NORMALIZE,NO,السجل القديم محفوظ كما هو.
U-SCR-091,TRV-007,TRV,السفريات والحجز والتذاكر,مصمم مخطط المقاعد,Seat Map Designer,ويب الإدارة (Admin Web),P1,تصميم الأقسام والمقاعد والممرات والمرافق والفئات.,المخطط (Layout) | الأقسام (Sections) | المقاعد (Seats) | المرافق (Facilities) | الفئات (Seat Classes) | الرسوم (Seat Fees),رقم/رمز (Code/No) | الخط (Route) | من (Origin) | إلى (Destination) | التاريخ (Date) | وقت المغادرة (Departure) | وقت الوصول (Arrival) | الحافلة (Vehicle) | السائق (Driver) | المسافر (Passenger) | نوع التعرفة (Fare Type) | المقعد (Seat) | السعر (Price) | الحالة (Status),المسافر/التذكرة (Passenger/Ticket) | المقعد (Seat) | من (From) | إلى (To) | الحالة (Status) | الصعود (Boarding),بحث (Search) | حجز (Book) | Hold مقعد (Hold Seat) | دفع (Pay) | إصدار (Issue) | تغيير (Change) | نقل (Move) | إلغاء (Cancel) | استرداد (Refund) | Check-in | Redeem | No-show,Schedule Planned → Published → Booking Hold → Confirmed/Paid → Issued → Checked-in/Redeemed → Travel Completed; exceptions: Changed/Moved/Cancelled/Refunded/No-show,TRV-007.View | TRV-007.Act,PassengerRoutes | PassengerRouteStops | PassengerSchedules | PassengerTrips | SeatMaps | Seats | Bookings | BookingPassengers | Tickets | TicketMovements | TicketRefunds | PassengerManifests | PassengerManifestItems | TicketOfficeShifts,"R01,R02,R03,R04,R05,R06,R07,R08,R09,R10,R11,R12,R13,R14,R15,R16,R17,R18,R19,R20",,,RETAIN_AND_NORMALIZE,NO,السجل القديم محفوظ كما هو.
U-SCR-092,TRV-008,TRV,السفريات والحجز والتذاكر,الرحلة التشغيلية,Passenger Trip / Manifest,ويب الإدارة (Admin Web),P1,رحلة بتاريخ محدد مشتقة من الجدول مع الحافلة والسائق والركاب.,نظرة عامة (Overview) | التعليقات (Comments) | الإشعارات (Notifications) | الاستثناءات (Exceptions) | خريطة المقاعد (Seat Map) | الركاب (Passengers) | التدقيق (Audit Trail),رقم/رمز (Code/No) | الخط (Route) | من (Origin) | إلى (Destination) | التاريخ (Date) | وقت المغادرة (Departure) | وقت الوصول (Arrival) | الحافلة (Vehicle) | السائق (Driver) | المسافر (Passenger) | نوع التعرفة (Fare Type) | المقعد (Seat) | السعر (Price) | الحالة (Status),المسافر/التذكرة (Passenger/Ticket) | المقعد (Seat) | من (From) | إلى (To) | الحالة (Status) | الصعود (Boarding),بحث (Search) | حجز (Book) | Hold مقعد (Hold Seat) | دفع (Pay) | إصدار (Issue) | تغيير (Change) | نقل (Move) | إلغاء (Cancel) | استرداد (Refund) | Check-in | Redeem | No-show,Schedule Planned → Published → Booking Hold → Confirmed/Paid → Issued → Checked-in/Redeemed → Travel Completed; exceptions: Changed/Moved/Cancelled/Refunded/No-show,TRV-008.View | TRV-008.Act,PassengerRoutes | PassengerRouteStops | PassengerSchedules | PassengerTrips | SeatMaps | Seats | Bookings | BookingPassengers | Tickets | TicketMovements | TicketRefunds | PassengerManifests | PassengerManifestItems | TicketOfficeShifts,"R01,R02,R03,R04,R05,R06,R07,R08,R09,R10,R11,R12,R13,R14,R15,R16,R17,R18,R19,R20",,,RETAIN_AND_NORMALIZE,NO,السجل القديم محفوظ كما هو.
U-SCR-093,TRV-009,TRV,السفريات والحجز والتذاكر,مانيفست الركاب,Passenger Manifest,ويب الإدارة (Admin Web),P1,قائمة الركاب محطة بمحطة وحالة الصعود/النزول.,نظرة عامة (Overview) | التعليقات (Comments) | الإشعارات (Notifications) | الاستثناءات (Exceptions) | خريطة المقاعد (Seat Map) | الركاب (Passengers) | التدقيق (Audit Trail),رقم/رمز (Code/No) | الخط (Route) | من (Origin) | إلى (Destination) | التاريخ (Date) | وقت المغادرة (Departure) | وقت الوصول (Arrival) | الحافلة (Vehicle) | السائق (Driver) | المسافر (Passenger) | نوع التعرفة (Fare Type) | المقعد (Seat) | السعر (Price) | الحالة (Status),المسافر/التذكرة (Passenger/Ticket) | المقعد (Seat) | من (From) | إلى (To) | الحالة (Status) | الصعود (Boarding),بحث (Search) | حجز (Book) | Hold مقعد (Hold Seat) | دفع (Pay) | إصدار (Issue) | تغيير (Change) | نقل (Move) | إلغاء (Cancel) | استرداد (Refund) | Check-in | Redeem | No-show,Schedule Planned → Published → Booking Hold → Confirmed/Paid → Issued → Checked-in/Redeemed → Travel Completed; exceptions: Changed/Moved/Cancelled/Refunded/No-show,TRV-009.View | TRV-009.Act,PassengerRoutes | PassengerRouteStops | PassengerSchedules | PassengerTrips | SeatMaps | Seats | Bookings | BookingPassengers | Tickets | TicketMovements | TicketRefunds | PassengerManifests | PassengerManifestItems | TicketOfficeShifts,"R01,R02,R03,R04,R05,R06,R07,R08,R09,R10,R11,R12,R13,R14,R15,R16,R17,R18,R19,R20",,,RETAIN_AND_NORMALIZE,NO,السجل القديم محفوظ كما هو.
U-SCR-094,TRV-010,TRV,السفريات والحجز والتذاكر,نظرة الأيام القادمة,Trip Outlook,ويب الإدارة (Admin Web),P1,رؤية السعة والحجز والحالات لرحلات الأيام القادمة.,البيانات (General) | التفاصيل (Details) | السياسات/القواعد (Rules) | التدقيق (Audit),رقم/رمز (Code/No) | الخط (Route) | من (Origin) | إلى (Destination) | التاريخ (Date) | وقت المغادرة (Departure) | وقت الوصول (Arrival) | الحافلة (Vehicle) | السائق (Driver) | المسافر (Passenger) | نوع التعرفة (Fare Type) | المقعد (Seat) | السعر (Price) | الحالة (Status),المسافر/التذكرة (Passenger/Ticket) | المقعد (Seat) | من (From) | إلى (To) | الحالة (Status) | الصعود (Boarding),بحث (Search) | حجز (Book) | Hold مقعد (Hold Seat) | دفع (Pay) | إصدار (Issue) | تغيير (Change) | نقل (Move) | إلغاء (Cancel) | استرداد (Refund) | Check-in | Redeem | No-show,Schedule Planned → Published → Booking Hold → Confirmed/Paid → Issued → Checked-in/Redeemed → Travel Completed; exceptions: Changed/Moved/Cancelled/Refunded/No-show,TRV-010.View | TRV-010.Act,PassengerRoutes | PassengerRouteStops | PassengerSchedules | PassengerTrips | SeatMaps | Seats | Bookings | BookingPassengers | Tickets | TicketMovements | TicketRefunds | PassengerManifests | PassengerManifestItems | TicketOfficeShifts,"R01,R02,R03,R04,R05,R06,R07,R08,R09,R10,R11,R12,R13,R14,R15,R16,R17,R18,R19,R20",,,RETAIN_AND_NORMALIZE,NO,السجل القديم محفوظ كما هو.
U-SCR-095,TRV-011,TRV,السفريات والحجز والتذاكر,البحث عن رحلة,Trip Search,ويب الإدارة (Admin Web),P1,البحث من/إلى/تاريخ/ركاب وإظهار الخيارات.,البيانات (General) | التفاصيل (Details) | السياسات/القواعد (Rules) | التدقيق (Audit),رقم/رمز (Code/No) | الخط (Route) | من (Origin) | إلى (Destination) | التاريخ (Date) | وقت المغادرة (Departure) | وقت الوصول (Arrival) | الحافلة (Vehicle) | السائق (Driver) | المسافر (Passenger) | نوع التعرفة (Fare Type) | المقعد (Seat) | السعر (Price) | الحالة (Status),المسافر/التذكرة (Passenger/Ticket) | المقعد (Seat) | من (From) | إلى (To) | الحالة (Status) | الصعود (Boarding),بحث (Search) | حجز (Book) | Hold مقعد (Hold Seat) | دفع (Pay) | إصدار (Issue) | تغيير (Change) | نقل (Move) | إلغاء (Cancel) | استرداد (Refund) | Check-in | Redeem | No-show,Schedule Planned → Published → Booking Hold → Confirmed/Paid → Issued → Checked-in/Redeemed → Travel Completed; exceptions: Changed/Moved/Cancelled/Refunded/No-show,TRV-011.View | TRV-011.Act,PassengerRoutes | PassengerRouteStops | PassengerSchedules | PassengerTrips | SeatMaps | Seats | Bookings | BookingPassengers | Tickets | TicketMovements | TicketRefunds | PassengerManifests | PassengerManifestItems | TicketOfficeShifts,"R01,R02,R03,R04,R05,R06,R07,R08,R09,R10,R11,R12,R13,R14,R15,R16,R17,R18,R19,R20",,,RETAIN_AND_NORMALIZE,NO,السجل القديم محفوظ كما هو.
U-SCR-096,TRV-012,TRV,السفريات والحجز والتذاكر,اختيار الرحلة والتعرفة,Schedule & Fare Selection,ويب الإدارة (Admin Web),P1,اختيار موعد السفر وفئة السعر والمنتج.,البيانات (General) | التفاصيل (Details) | السياسات/القواعد (Rules) | التدقيق (Audit),رقم/رمز (Code/No) | الخط (Route) | من (Origin) | إلى (Destination) | التاريخ (Date) | وقت المغادرة (Departure) | وقت الوصول (Arrival) | الحافلة (Vehicle) | السائق (Driver) | المسافر (Passenger) | نوع التعرفة (Fare Type) | المقعد (Seat) | السعر (Price) | الحالة (Status),المسافر/التذكرة (Passenger/Ticket) | المقعد (Seat) | من (From) | إلى (To) | الحالة (Status) | الصعود (Boarding),بحث (Search) | حجز (Book) | Hold مقعد (Hold Seat) | دفع (Pay) | إصدار (Issue) | تغيير (Change) | نقل (Move) | إلغاء (Cancel) | استرداد (Refund) | Check-in | Redeem | No-show,Schedule Planned → Published → Booking Hold → Confirmed/Paid → Issued → Checked-in/Redeemed → Travel Completed; exceptions: Changed/Moved/Cancelled/Refunded/No-show,TRV-012.View | TRV-012.Act,PassengerRoutes | PassengerRouteStops | PassengerSchedules | PassengerTrips | SeatMaps | Seats | Bookings | BookingPassengers | Tickets | TicketMovements | TicketRefunds | PassengerManifests | PassengerManifestItems | TicketOfficeShifts,"R01,R02,R03,R04,R05,R06,R07,R08,R09,R10,R11,R12,R13,R14,R15,R16,R17,R18,R19,R20",,,RETAIN_AND_NORMALIZE,NO,السجل القديم محفوظ كما هو.
U-SCR-097,TRV-013,TRV,السفريات والحجز والتذاكر,اختيار المقعد,Seat Selection,ويب الإدارة (Admin Web),P1,اختيار المقعد من مخطط حي مع Hold مؤقت.,المخطط (Layout) | الأقسام (Sections) | المقاعد (Seats) | المرافق (Facilities) | الفئات (Seat Classes) | الرسوم (Seat Fees),رقم/رمز (Code/No) | الخط (Route) | من (Origin) | إلى (Destination) | التاريخ (Date) | وقت المغادرة (Departure) | وقت الوصول (Arrival) | الحافلة (Vehicle) | السائق (Driver) | المسافر (Passenger) | نوع التعرفة (Fare Type) | المقعد (Seat) | السعر (Price) | الحالة (Status),المسافر/التذكرة (Passenger/Ticket) | المقعد (Seat) | من (From) | إلى (To) | الحالة (Status) | الصعود (Boarding),بحث (Search) | حجز (Book) | Hold مقعد (Hold Seat) | دفع (Pay) | إصدار (Issue) | تغيير (Change) | نقل (Move) | إلغاء (Cancel) | استرداد (Refund) | Check-in | Redeem | No-show,Schedule Planned → Published → Booking Hold → Confirmed/Paid → Issued → Checked-in/Redeemed → Travel Completed; exceptions: Changed/Moved/Cancelled/Refunded/No-show,TRV-013.View | TRV-013.Act,PassengerRoutes | PassengerRouteStops | PassengerSchedules | PassengerTrips | SeatMaps | Seats | Bookings | BookingPassengers | Tickets | TicketMovements | TicketRefunds | PassengerManifests | PassengerManifestItems | TicketOfficeShifts,"R01,R02,R03,R04,R05,R06,R07,R08,R09,R10,R11,R12,R13,R14,R15,R16,R17,R18,R19,R20",,,RETAIN_AND_NORMALIZE,NO,السجل القديم محفوظ كما هو.
U-SCR-098,TRV-014,TRV,السفريات والحجز والتذاكر,بيانات المسافر,Passenger Details,ويب الإدارة (Admin Web),P1,إدخال بيانات المسافر والهوية والطلبات الخاصة.,البيانات (General) | التفاصيل (Details) | السياسات/القواعد (Rules) | التدقيق (Audit),رقم/رمز (Code/No) | الخط (Route) | من (Origin) | إلى (Destination) | التاريخ (Date) | وقت المغادرة (Departure) | وقت الوصول (Arrival) | الحافلة (Vehicle) | السائق (Driver) | المسافر (Passenger) | نوع التعرفة (Fare Type) | المقعد (Seat) | السعر (Price) | الحالة (Status),المسافر/التذكرة (Passenger/Ticket) | المقعد (Seat) | من (From) | إلى (To) | الحالة (Status) | الصعود (Boarding),بحث (Search) | حجز (Book) | Hold مقعد (Hold Seat) | دفع (Pay) | إصدار (Issue) | تغيير (Change) | نقل (Move) | إلغاء (Cancel) | استرداد (Refund) | Check-in | Redeem | No-show,Schedule Planned → Published → Booking Hold → Confirmed/Paid → Issued → Checked-in/Redeemed → Travel Completed; exceptions: Changed/Moved/Cancelled/Refunded/No-show,TRV-014.View | TRV-014.Act,PassengerRoutes | PassengerRouteStops | PassengerSchedules | PassengerTrips | SeatMaps | Seats | Bookings | BookingPassengers | Tickets | TicketMovements | TicketRefunds | PassengerManifests | PassengerManifestItems | TicketOfficeShifts,"R01,R02,R03,R04,R05,R06,R07,R08,R09,R10,R11,R12,R13,R14,R15,R16,R17,R18,R19,R20",,,RETAIN_AND_NORMALIZE,NO,السجل القديم محفوظ كما هو.
U-SCR-099,TRV-015,TRV,السفريات والحجز والتذاكر,سلة الحجز,Booking Cart,ويب الإدارة (Admin Web),P1,تلخيص التذاكر والإضافات والرسوم قبل الدفع.,البيانات (General) | التفاصيل (Details) | السياسات/القواعد (Rules) | التدقيق (Audit),رقم/رمز (Code/No) | الخط (Route) | من (Origin) | إلى (Destination) | التاريخ (Date) | وقت المغادرة (Departure) | وقت الوصول (Arrival) | الحافلة (Vehicle) | السائق (Driver) | المسافر (Passenger) | نوع التعرفة (Fare Type) | المقعد (Seat) | السعر (Price) | الحالة (Status),المسافر/التذكرة (Passenger/Ticket) | المقعد (Seat) | من (From) | إلى (To) | الحالة (Status) | الصعود (Boarding),بحث (Search) | حجز (Book) | Hold مقعد (Hold Seat) | دفع (Pay) | إصدار (Issue) | تغيير (Change) | نقل (Move) | إلغاء (Cancel) | استرداد (Refund) | Check-in | Redeem | No-show,Schedule Planned → Published → Booking Hold → Confirmed/Paid → Issued → Checked-in/Redeemed → Travel Completed; exceptions: Changed/Moved/Cancelled/Refunded/No-show,TRV-015.View | TRV-015.Act,PassengerRoutes | PassengerRouteStops | PassengerSchedules | PassengerTrips | SeatMaps | Seats | Bookings | BookingPassengers | Tickets | TicketMovements | TicketRefunds | PassengerManifests | PassengerManifestItems | TicketOfficeShifts,"R01,R02,R03,R04,R05,R06,R07,R08,R09,R10,R11,R12,R13,R14,R15,R16,R17,R18,R19,R20",,,RETAIN_AND_NORMALIZE,NO,السجل القديم محفوظ كما هو.
U-SCR-100,TRV-016,TRV,السفريات والحجز والتذاكر,الدفع وإصدار التذكرة,Payment & Ticket Issuance,ويب الإدارة (Admin Web),P1,تحصيل المبلغ وإصدار رقم التذكرة/QR.,البيانات (General) | التفاصيل (Details) | السياسات/القواعد (Rules) | التدقيق (Audit),رقم/رمز (Code/No) | الخط (Route) | من (Origin) | إلى (Destination) | التاريخ (Date) | وقت المغادرة (Departure) | وقت الوصول (Arrival) | الحافلة (Vehicle) | السائق (Driver) | المسافر (Passenger) | نوع التعرفة (Fare Type) | المقعد (Seat) | السعر (Price) | الحالة (Status),المسافر/التذكرة (Passenger/Ticket) | المقعد (Seat) | من (From) | إلى (To) | الحالة (Status) | الصعود (Boarding),بحث (Search) | حجز (Book) | Hold مقعد (Hold Seat) | دفع (Pay) | إصدار (Issue) | تغيير (Change) | نقل (Move) | إلغاء (Cancel) | استرداد (Refund) | Check-in | Redeem | No-show,Schedule Planned → Published → Booking Hold → Confirmed/Paid → Issued → Checked-in/Redeemed → Travel Completed; exceptions: Changed/Moved/Cancelled/Refunded/No-show,TRV-016.View | TRV-016.Act,PassengerRoutes | PassengerRouteStops | PassengerSchedules | PassengerTrips | SeatMaps | Seats | Bookings | BookingPassengers | Tickets | TicketMovements | TicketRefunds | PassengerManifests | PassengerManifestItems | TicketOfficeShifts,"R01,R02,R03,R04,R05,R06,R07,R08,R09,R10,R11,R12,R13,R14,R15,R16,R17,R18,R19,R20",,,RETAIN_AND_NORMALIZE,NO,السجل القديم محفوظ كما هو.
U-SCR-101,TRV-017,TRV,السفريات والحجز والتذاكر,تفاصيل الحجز,Booking Details,ويب الإدارة (Admin Web),P1,عرض الحجز والتذاكر والمسافرين والمدفوعات.,البيانات (General) | التفاصيل (Details) | السياسات/القواعد (Rules) | التدقيق (Audit),رقم/رمز (Code/No) | الخط (Route) | من (Origin) | إلى (Destination) | التاريخ (Date) | وقت المغادرة (Departure) | وقت الوصول (Arrival) | الحافلة (Vehicle) | السائق (Driver) | المسافر (Passenger) | نوع التعرفة (Fare Type) | المقعد (Seat) | السعر (Price) | الحالة (Status),المسافر/التذكرة (Passenger/Ticket) | المقعد (Seat) | من (From) | إلى (To) | الحالة (Status) | الصعود (Boarding),بحث (Search) | حجز (Book) | Hold مقعد (Hold Seat) | دفع (Pay) | إصدار (Issue) | تغيير (Change) | نقل (Move) | إلغاء (Cancel) | استرداد (Refund) | Check-in | Redeem | No-show,Schedule Planned → Published → Booking Hold → Confirmed/Paid → Issued → Checked-in/Redeemed → Travel Completed; exceptions: Changed/Moved/Cancelled/Refunded/No-show,TRV-017.View | TRV-017.Act,PassengerRoutes | PassengerRouteStops | PassengerSchedules | PassengerTrips | SeatMaps | Seats | Bookings | BookingPassengers | Tickets | TicketMovements | TicketRefunds | PassengerManifests | PassengerManifestItems | TicketOfficeShifts,"R01,R02,R03,R04,R05,R06,R07,R08,R09,R10,R11,R12,R13,R14,R15,R16,R17,R18,R19,R20",,,RETAIN_AND_NORMALIZE,NO,السجل القديم محفوظ كما هو.
U-SCR-102,TRV-018,TRV,السفريات والحجز والتذاكر,تفاصيل التذكرة,Ticket Details,ويب الإدارة (Admin Web),P1,حالة التذكرة ومقعدها ورحلتها وإجراءات ما بعد البيع.,البيانات (General) | التفاصيل (Details) | السياسات/القواعد (Rules) | التدقيق (Audit),رقم/رمز (Code/No) | الخط (Route) | من (Origin) | إلى (Destination) | التاريخ (Date) | وقت المغادرة (Departure) | وقت الوصول (Arrival) | الحافلة (Vehicle) | السائق (Driver) | المسافر (Passenger) | نوع التعرفة (Fare Type) | المقعد (Seat) | السعر (Price) | الحالة (Status),المسافر/التذكرة (Passenger/Ticket) | المقعد (Seat) | من (From) | إلى (To) | الحالة (Status) | الصعود (Boarding),بحث (Search) | حجز (Book) | Hold مقعد (Hold Seat) | دفع (Pay) | إصدار (Issue) | تغيير (Change) | نقل (Move) | إلغاء (Cancel) | استرداد (Refund) | Check-in | Redeem | No-show,Schedule Planned → Published → Booking Hold → Confirmed/Paid → Issued → Checked-in/Redeemed → Travel Completed; exceptions: Changed/Moved/Cancelled/Refunded/No-show,TRV-018.View | TRV-018.Act,PassengerRoutes | PassengerRouteStops | PassengerSchedules | PassengerTrips | SeatMaps | Seats | Bookings | BookingPassengers | Tickets | TicketMovements | TicketRefunds | PassengerManifests | PassengerManifestItems | TicketOfficeShifts,"R01,R02,R03,R04,R05,R06,R07,R08,R09,R10,R11,R12,R13,R14,R15,R16,R17,R18,R19,R20",,,RETAIN_AND_NORMALIZE,NO,السجل القديم محفوظ كما هو.
U-SCR-103,TRV-019,TRV,السفريات والحجز والتذاكر,تغيير التذكرة,Ticket Change,ويب الإدارة (Admin Web),P1,تغيير التاريخ/الرحلة/المقعد حسب السياسة.,البيانات (General) | التفاصيل (Details) | السياسات/القواعد (Rules) | التدقيق (Audit),رقم/رمز (Code/No) | الخط (Route) | من (Origin) | إلى (Destination) | التاريخ (Date) | وقت المغادرة (Departure) | وقت الوصول (Arrival) | الحافلة (Vehicle) | السائق (Driver) | المسافر (Passenger) | نوع التعرفة (Fare Type) | المقعد (Seat) | السعر (Price) | الحالة (Status),المسافر/التذكرة (Passenger/Ticket) | المقعد (Seat) | من (From) | إلى (To) | الحالة (Status) | الصعود (Boarding),بحث (Search) | حجز (Book) | Hold مقعد (Hold Seat) | دفع (Pay) | إصدار (Issue) | تغيير (Change) | نقل (Move) | إلغاء (Cancel) | استرداد (Refund) | Check-in | Redeem | No-show,Schedule Planned → Published → Booking Hold → Confirmed/Paid → Issued → Checked-in/Redeemed → Travel Completed; exceptions: Changed/Moved/Cancelled/Refunded/No-show,TRV-019.View | TRV-019.Act,PassengerRoutes | PassengerRouteStops | PassengerSchedules | PassengerTrips | SeatMaps | Seats | Bookings | BookingPassengers | Tickets | TicketMovements | TicketRefunds | PassengerManifests | PassengerManifestItems | TicketOfficeShifts,"R01,R02,R03,R04,R05,R06,R07,R08,R09,R10,R11,R12,R13,R14,R15,R16,R17,R18,R19,R20",,,RETAIN_AND_NORMALIZE,NO,السجل القديم محفوظ كما هو.
U-SCR-104,TRV-020,TRV,السفريات والحجز والتذاكر,نقل التذكرة تشغيليًا,Move / Re-accommodate Ticket,ويب الإدارة (Admin Web),P1,نقل الراكب لرحلة أخرى عند الاضطراب أو بقرار تشغيلي.,البيانات (General) | التفاصيل (Details) | السياسات/القواعد (Rules) | التدقيق (Audit),رقم/رمز (Code/No) | الخط (Route) | من (Origin) | إلى (Destination) | التاريخ (Date) | وقت المغادرة (Departure) | وقت الوصول (Arrival) | الحافلة (Vehicle) | السائق (Driver) | المسافر (Passenger) | نوع التعرفة (Fare Type) | المقعد (Seat) | السعر (Price) | الحالة (Status),المسافر/التذكرة (Passenger/Ticket) | المقعد (Seat) | من (From) | إلى (To) | الحالة (Status) | الصعود (Boarding),بحث (Search) | حجز (Book) | Hold مقعد (Hold Seat) | دفع (Pay) | إصدار (Issue) | تغيير (Change) | نقل (Move) | إلغاء (Cancel) | استرداد (Refund) | Check-in | Redeem | No-show,Schedule Planned → Published → Booking Hold → Confirmed/Paid → Issued → Checked-in/Redeemed → Travel Completed; exceptions: Changed/Moved/Cancelled/Refunded/No-show,TRV-020.View | TRV-020.Act,PassengerRoutes | PassengerRouteStops | PassengerSchedules | PassengerTrips | SeatMaps | Seats | Bookings | BookingPassengers | Tickets | TicketMovements | TicketRefunds | PassengerManifests | PassengerManifestItems | TicketOfficeShifts,"R01,R02,R03,R04,R05,R06,R07,R08,R09,R10,R11,R12,R13,R14,R15,R16,R17,R18,R19,R20",,,RETAIN_AND_NORMALIZE,NO,السجل القديم محفوظ كما هو.
U-SCR-105,TRV-021,TRV,السفريات والحجز والتذاكر,إلغاء واسترداد,Cancellation & Refund,ويب الإدارة (Admin Web),P1,إلغاء تذكرة وحساب الرسوم والاسترداد.,البيانات (General) | التفاصيل (Details) | السياسات/القواعد (Rules) | التدقيق (Audit),رقم/رمز (Code/No) | الخط (Route) | من (Origin) | إلى (Destination) | التاريخ (Date) | وقت المغادرة (Departure) | وقت الوصول (Arrival) | الحافلة (Vehicle) | السائق (Driver) | المسافر (Passenger) | نوع التعرفة (Fare Type) | المقعد (Seat) | السعر (Price) | الحالة (Status),المسافر/التذكرة (Passenger/Ticket) | المقعد (Seat) | من (From) | إلى (To) | الحالة (Status) | الصعود (Boarding),بحث (Search) | حجز (Book) | Hold مقعد (Hold Seat) | دفع (Pay) | إصدار (Issue) | تغيير (Change) | نقل (Move) | إلغاء (Cancel) | استرداد (Refund) | Check-in | Redeem | No-show,Schedule Planned → Published → Booking Hold → Confirmed/Paid → Issued → Checked-in/Redeemed → Travel Completed; exceptions: Changed/Moved/Cancelled/Refunded/No-show,TRV-021.View | TRV-021.Act,PassengerRoutes | PassengerRouteStops | PassengerSchedules | PassengerTrips | SeatMaps | Seats | Bookings | BookingPassengers | Tickets | TicketMovements | TicketRefunds | PassengerManifests | PassengerManifestItems | TicketOfficeShifts,"R01,R02,R03,R04,R05,R06,R07,R08,R09,R10,R11,R12,R13,R14,R15,R16,R17,R18,R19,R20",,,RETAIN_AND_NORMALIZE,NO,السجل القديم محفوظ كما هو.
U-SCR-106,TRV-022,TRV,السفريات والحجز والتذاكر,حالة عدم الحضور,No-Show,ويب الإدارة (Admin Web),P1,تمييز الراكب المتخلف وتطبيق السياسة.,البيانات (General) | التفاصيل (Details) | السياسات/القواعد (Rules) | التدقيق (Audit),رقم/رمز (Code/No) | الخط (Route) | من (Origin) | إلى (Destination) | التاريخ (Date) | وقت المغادرة (Departure) | وقت الوصول (Arrival) | الحافلة (Vehicle) | السائق (Driver) | المسافر (Passenger) | نوع التعرفة (Fare Type) | المقعد (Seat) | السعر (Price) | الحالة (Status),المسافر/التذكرة (Passenger/Ticket) | المقعد (Seat) | من (From) | إلى (To) | الحالة (Status) | الصعود (Boarding),بحث (Search) | حجز (Book) | Hold مقعد (Hold Seat) | دفع (Pay) | إصدار (Issue) | تغيير (Change) | نقل (Move) | إلغاء (Cancel) | استرداد (Refund) | Check-in | Redeem | No-show,Schedule Planned → Published → Booking Hold → Confirmed/Paid → Issued → Checked-in/Redeemed → Travel Completed; exceptions: Changed/Moved/Cancelled/Refunded/No-show,TRV-022.View | TRV-022.Act,PassengerRoutes | PassengerRouteStops | PassengerSchedules | PassengerTrips | SeatMaps | Seats | Bookings | BookingPassengers | Tickets | TicketMovements | TicketRefunds | PassengerManifests | PassengerManifestItems | TicketOfficeShifts,"R01,R02,R03,R04,R05,R06,R07,R08,R09,R10,R11,R12,R13,R14,R15,R16,R17,R18,R19,R20",,,RETAIN_AND_NORMALIZE,NO,السجل القديم محفوظ كما هو.
U-SCR-107,TRV-023,TRV,السفريات والحجز والتذاكر,تسجيل الوصول/الصعود,Check-in & Boarding,ويب الإدارة (Admin Web),P1,التحقق من التذكرة وQR وتسجيل الصعود.,البيانات (General) | التفاصيل (Details) | السياسات/القواعد (Rules) | التدقيق (Audit),رقم/رمز (Code/No) | الخط (Route) | من (Origin) | إلى (Destination) | التاريخ (Date) | وقت المغادرة (Departure) | وقت الوصول (Arrival) | الحافلة (Vehicle) | السائق (Driver) | المسافر (Passenger) | نوع التعرفة (Fare Type) | المقعد (Seat) | السعر (Price) | الحالة (Status),المسافر/التذكرة (Passenger/Ticket) | المقعد (Seat) | من (From) | إلى (To) | الحالة (Status) | الصعود (Boarding),بحث (Search) | حجز (Book) | Hold مقعد (Hold Seat) | دفع (Pay) | إصدار (Issue) | تغيير (Change) | نقل (Move) | إلغاء (Cancel) | استرداد (Refund) | Check-in | Redeem | No-show,Schedule Planned → Published → Booking Hold → Confirmed/Paid → Issued → Checked-in/Redeemed → Travel Completed; exceptions: Changed/Moved/Cancelled/Refunded/No-show,TRV-023.View | TRV-023.Act,PassengerRoutes | PassengerRouteStops | PassengerSchedules | PassengerTrips | SeatMaps | Seats | Bookings | BookingPassengers | Tickets | TicketMovements | TicketRefunds | PassengerManifests | PassengerManifestItems | TicketOfficeShifts,"R01,R02,R03,R04,R05,R06,R07,R08,R09,R10,R11,R12,R13,R14,R15,R16,R17,R18,R19,R20",,,RETAIN_AND_NORMALIZE,NO,السجل القديم محفوظ كما هو.
U-SCR-108,TRV-024,TRV,السفريات والحجز والتذاكر,البيع داخل الحافلة,Onboard Ticket Sales,ويب الإدارة (Admin Web),P1,بيع تذاكر من السائق/المحصل Online/Offline.,البيانات (General) | التفاصيل (Details) | السياسات/القواعد (Rules) | التدقيق (Audit),رقم/رمز (Code/No) | الخط (Route) | من (Origin) | إلى (Destination) | التاريخ (Date) | وقت المغادرة (Departure) | وقت الوصول (Arrival) | الحافلة (Vehicle) | السائق (Driver) | المسافر (Passenger) | نوع التعرفة (Fare Type) | المقعد (Seat) | السعر (Price) | الحالة (Status),المسافر/التذكرة (Passenger/Ticket) | المقعد (Seat) | من (From) | إلى (To) | الحالة (Status) | الصعود (Boarding),بحث (Search) | حجز (Book) | Hold مقعد (Hold Seat) | دفع (Pay) | إصدار (Issue) | تغيير (Change) | نقل (Move) | إلغاء (Cancel) | استرداد (Refund) | Check-in | Redeem | No-show,Schedule Planned → Published → Booking Hold → Confirmed/Paid → Issued → Checked-in/Redeemed → Travel Completed; exceptions: Changed/Moved/Cancelled/Refunded/No-show,TRV-024.View | TRV-024.Act,PassengerRoutes | PassengerRouteStops | PassengerSchedules | PassengerTrips | SeatMaps | Seats | Bookings | BookingPassengers | Tickets | TicketMovements | TicketRefunds | PassengerManifests | PassengerManifestItems | TicketOfficeShifts,"R01,R02,R03,R04,R05,R06,R07,R08,R09,R10,R11,R12,R13,R14,R15,R16,R17,R18,R19,R20",,,RETAIN_AND_NORMALIZE,NO,السجل القديم محفوظ كما هو.
U-SCR-109,TRV-025,TRV,السفريات والحجز والتذاكر,التذاكر اليدوية والدفاتر,Manual Ticket Sequences,ويب الإدارة (Admin Web),P1,إدارة عهد أرقام التذاكر اليدوية وربطها بالسائق/الوردية/المانيفست.,البيانات (General) | التفاصيل (Details) | السياسات/القواعد (Rules) | التدقيق (Audit),رقم/رمز (Code/No) | الخط (Route) | من (Origin) | إلى (Destination) | التاريخ (Date) | وقت المغادرة (Departure) | وقت الوصول (Arrival) | الحافلة (Vehicle) | السائق (Driver) | المسافر (Passenger) | نوع التعرفة (Fare Type) | المقعد (Seat) | السعر (Price) | الحالة (Status),المسافر/التذكرة (Passenger/Ticket) | المقعد (Seat) | من (From) | إلى (To) | الحالة (Status) | الصعود (Boarding),بحث (Search) | حجز (Book) | Hold مقعد (Hold Seat) | دفع (Pay) | إصدار (Issue) | تغيير (Change) | نقل (Move) | إلغاء (Cancel) | استرداد (Refund) | Check-in | Redeem | No-show,Schedule Planned → Published → Booking Hold → Confirmed/Paid → Issued → Checked-in/Redeemed → Travel Completed; exceptions: Changed/Moved/Cancelled/Refunded/No-show,TRV-025.View | TRV-025.Act,PassengerRoutes | PassengerRouteStops | PassengerSchedules | PassengerTrips | SeatMaps | Seats | Bookings | BookingPassengers | Tickets | TicketMovements | TicketRefunds | PassengerManifests | PassengerManifestItems | TicketOfficeShifts,"R01,R02,R03,R04,R05,R06,R07,R08,R09,R10,R11,R12,R13,R14,R15,R16,R17,R18,R19,R20",,,RETAIN_AND_NORMALIZE,NO,السجل القديم محفوظ كما هو.
U-SCR-110,TRV-026,TRV,السفريات والحجز والتذاكر,وردية شباك التذاكر,Ticket Office Shift,ويب الإدارة (Admin Web),P1,فتح/إغلاق وردية، النقدية، الإيداع والفروقات.,الملخص (Summary) | المدفوعات (Payments) | المعاملات (Transactions) | التذاكر (Tickets) | الرسوم (Fees) | الاستردادات (Refunds) | الإيداعات (Deposits) | المبيعات اليدوية (Manual Sales) | الفواتير (Invoices) | العمولات (Commissions),رقم/رمز (Code/No) | الخط (Route) | من (Origin) | إلى (Destination) | التاريخ (Date) | وقت المغادرة (Departure) | وقت الوصول (Arrival) | الحافلة (Vehicle) | السائق (Driver) | المسافر (Passenger) | نوع التعرفة (Fare Type) | المقعد (Seat) | السعر (Price) | الحالة (Status),المسافر/التذكرة (Passenger/Ticket) | المقعد (Seat) | من (From) | إلى (To) | الحالة (Status) | الصعود (Boarding),بحث (Search) | حجز (Book) | Hold مقعد (Hold Seat) | دفع (Pay) | إصدار (Issue) | تغيير (Change) | نقل (Move) | إلغاء (Cancel) | استرداد (Refund) | Check-in | Redeem | No-show,Schedule Planned → Published → Booking Hold → Confirmed/Paid → Issued → Checked-in/Redeemed → Travel Completed; exceptions: Changed/Moved/Cancelled/Refunded/No-show,TRV-026.View | TRV-026.Act,PassengerRoutes | PassengerRouteStops | PassengerSchedules | PassengerTrips | SeatMaps | Seats | Bookings | BookingPassengers | Tickets | TicketMovements | TicketRefunds | PassengerManifests | PassengerManifestItems | TicketOfficeShifts,"R01,R02,R03,R04,R05,R06,R07,R08,R09,R10,R11,R12,R13,R14,R15,R16,R17,R18,R19,R20",,,RETAIN_AND_NORMALIZE,NO,السجل القديم محفوظ كما هو.
U-SCR-111,TRV-027,TRV,السفريات والحجز والتذاكر,وكالات ومكاتب البيع,Agency Sales,ويب الإدارة (Admin Web),P1,بيع التذاكر من وكالة مع صلاحيات وعمولة وحدود.,البيانات (General) | التفاصيل (Details) | السياسات/القواعد (Rules) | التدقيق (Audit),رقم/رمز (Code/No) | الخط (Route) | من (Origin) | إلى (Destination) | التاريخ (Date) | وقت المغادرة (Departure) | وقت الوصول (Arrival) | الحافلة (Vehicle) | السائق (Driver) | المسافر (Passenger) | نوع التعرفة (Fare Type) | المقعد (Seat) | السعر (Price) | الحالة (Status),المسافر/التذكرة (Passenger/Ticket) | المقعد (Seat) | من (From) | إلى (To) | الحالة (Status) | الصعود (Boarding),بحث (Search) | حجز (Book) | Hold مقعد (Hold Seat) | دفع (Pay) | إصدار (Issue) | تغيير (Change) | نقل (Move) | إلغاء (Cancel) | استرداد (Refund) | Check-in | Redeem | No-show,Schedule Planned → Published → Booking Hold → Confirmed/Paid → Issued → Checked-in/Redeemed → Travel Completed; exceptions: Changed/Moved/Cancelled/Refunded/No-show,TRV-027.View | TRV-027.Act,PassengerRoutes | PassengerRouteStops | PassengerSchedules | PassengerTrips | SeatMaps | Seats | Bookings | BookingPassengers | Tickets | TicketMovements | TicketRefunds | PassengerManifests | PassengerManifestItems | TicketOfficeShifts,"R01,R02,R03,R04,R05,R06,R07,R08,R09,R10,R11,R12,R13,R14,R15,R16,R17,R18,R19,R20",,,RETAIN_AND_NORMALIZE,NO,السجل القديم محفوظ كما هو.
U-SCR-112,TRV-028,TRV,السفريات والحجز والتذاكر,حسابات الشركات,Corporate Travel Accounts,ويب الإدارة (Admin Web),P1,حجوزات الشركات، الائتمان والفوترة.,البيانات (General) | التفاصيل (Details) | السياسات/القواعد (Rules) | التدقيق (Audit),رقم/رمز (Code/No) | الخط (Route) | من (Origin) | إلى (Destination) | التاريخ (Date) | وقت المغادرة (Departure) | وقت الوصول (Arrival) | الحافلة (Vehicle) | السائق (Driver) | المسافر (Passenger) | نوع التعرفة (Fare Type) | المقعد (Seat) | السعر (Price) | الحالة (Status),المسافر/التذكرة (Passenger/Ticket) | المقعد (Seat) | من (From) | إلى (To) | الحالة (Status) | الصعود (Boarding),بحث (Search) | حجز (Book) | Hold مقعد (Hold Seat) | دفع (Pay) | إصدار (Issue) | تغيير (Change) | نقل (Move) | إلغاء (Cancel) | استرداد (Refund) | Check-in | Redeem | No-show,Schedule Planned → Published → Booking Hold → Confirmed/Paid → Issued → Checked-in/Redeemed → Travel Completed; exceptions: Changed/Moved/Cancelled/Refunded/No-show,TRV-028.View | TRV-028.Act,PassengerRoutes | PassengerRouteStops | PassengerSchedules | PassengerTrips | SeatMaps | Seats | Bookings | BookingPassengers | Tickets | TicketMovements | TicketRefunds | PassengerManifests | PassengerManifestItems | TicketOfficeShifts,"R01,R02,R03,R04,R05,R06,R07,R08,R09,R10,R11,R12,R13,R14,R15,R16,R17,R18,R19,R20",,,RETAIN_AND_NORMALIZE,NO,السجل القديم محفوظ كما هو.
U-SCR-113,TRV-029,TRV,السفريات والحجز والتذاكر,الأمتعة,Passenger Baggage,ويب الإدارة (Admin Web),P1,تسجيل الأمتعة والزيادة والرسوم والملصقات.,البيانات (General) | التفاصيل (Details) | السياسات/القواعد (Rules) | التدقيق (Audit),رقم/رمز (Code/No) | الخط (Route) | من (Origin) | إلى (Destination) | التاريخ (Date) | وقت المغادرة (Departure) | وقت الوصول (Arrival) | الحافلة (Vehicle) | السائق (Driver) | المسافر (Passenger) | نوع التعرفة (Fare Type) | المقعد (Seat) | السعر (Price) | الحالة (Status),المسافر/التذكرة (Passenger/Ticket) | المقعد (Seat) | من (From) | إلى (To) | الحالة (Status) | الصعود (Boarding),بحث (Search) | حجز (Book) | Hold مقعد (Hold Seat) | دفع (Pay) | إصدار (Issue) | تغيير (Change) | نقل (Move) | إلغاء (Cancel) | استرداد (Refund) | Check-in | Redeem | No-show,Schedule Planned → Published → Booking Hold → Confirmed/Paid → Issued → Checked-in/Redeemed → Travel Completed; exceptions: Changed/Moved/Cancelled/Refunded/No-show,TRV-029.View | TRV-029.Act,PassengerRoutes | PassengerRouteStops | PassengerSchedules | PassengerTrips | SeatMaps | Seats | Bookings | BookingPassengers | Tickets | TicketMovements | TicketRefunds | PassengerManifests | PassengerManifestItems | TicketOfficeShifts,"R01,R02,R03,R04,R05,R06,R07,R08,R09,R10,R11,R12,R13,R14,R15,R16,R17,R18,R19,R20",,,RETAIN_AND_NORMALIZE,NO,السجل القديم محفوظ كما هو.
U-SCR-114,TRV-030,TRV,السفريات والحجز والتذاكر,الخدمات الإضافية,Ancillaries,ويب الإدارة (Admin Web),P1,اختيار خدمات إضافية مثل الأمتعة/الوجبات/المقعد المميز.,البيانات (General) | التفاصيل (Details) | السياسات/القواعد (Rules) | التدقيق (Audit),رقم/رمز (Code/No) | الخط (Route) | من (Origin) | إلى (Destination) | التاريخ (Date) | وقت المغادرة (Departure) | وقت الوصول (Arrival) | الحافلة (Vehicle) | السائق (Driver) | المسافر (Passenger) | نوع التعرفة (Fare Type) | المقعد (Seat) | السعر (Price) | الحالة (Status),المسافر/التذكرة (Passenger/Ticket) | المقعد (Seat) | من (From) | إلى (To) | الحالة (Status) | الصعود (Boarding),بحث (Search) | حجز (Book) | Hold مقعد (Hold Seat) | دفع (Pay) | إصدار (Issue) | تغيير (Change) | نقل (Move) | إلغاء (Cancel) | استرداد (Refund) | Check-in | Redeem | No-show,Schedule Planned → Published → Booking Hold → Confirmed/Paid → Issued → Checked-in/Redeemed → Travel Completed; exceptions: Changed/Moved/Cancelled/Refunded/No-show,TRV-030.View | TRV-030.Act,PassengerRoutes | PassengerRouteStops | PassengerSchedules | PassengerTrips | SeatMaps | Seats | Bookings | BookingPassengers | Tickets | TicketMovements | TicketRefunds | PassengerManifests | PassengerManifestItems | TicketOfficeShifts,"R01,R02,R03,R04,R05,R06,R07,R08,R09,R10,R11,R12,R13,R14,R15,R16,R17,R18,R19,R20",,,RETAIN_AND_NORMALIZE,NO,السجل القديم محفوظ كما هو.
U-SCR-115,TRV-031,TRV,السفريات والحجز والتذاكر,طلبات الخدمة الخاصة,Special Service Requests,ويب الإدارة (Admin Web),P1,احتياجات خاصة، كرسي متحرك، طفل، أولوية، ملاحظات.,البيانات (General) | التفاصيل (Details) | السياسات/القواعد (Rules) | التدقيق (Audit),رقم/رمز (Code/No) | الخط (Route) | من (Origin) | إلى (Destination) | التاريخ (Date) | وقت المغادرة (Departure) | وقت الوصول (Arrival) | الحافلة (Vehicle) | السائق (Driver) | المسافر (Passenger) | نوع التعرفة (Fare Type) | المقعد (Seat) | السعر (Price) | الحالة (Status),المسافر/التذكرة (Passenger/Ticket) | المقعد (Seat) | من (From) | إلى (To) | الحالة (Status) | الصعود (Boarding),بحث (Search) | حجز (Book) | Hold مقعد (Hold Seat) | دفع (Pay) | إصدار (Issue) | تغيير (Change) | نقل (Move) | إلغاء (Cancel) | استرداد (Refund) | Check-in | Redeem | No-show,Schedule Planned → Published → Booking Hold → Confirmed/Paid → Issued → Checked-in/Redeemed → Travel Completed; exceptions: Changed/Moved/Cancelled/Refunded/No-show,TRV-031.View | TRV-031.Act,PassengerRoutes | PassengerRouteStops | PassengerSchedules | PassengerTrips | SeatMaps | Seats | Bookings | BookingPassengers | Tickets | TicketMovements | TicketRefunds | PassengerManifests | PassengerManifestItems | TicketOfficeShifts,"R01,R02,R03,R04,R05,R06,R07,R08,R09,R10,R11,R12,R13,R14,R15,R16,R17,R18,R19,R20",,,RETAIN_AND_NORMALIZE,NO,السجل القديم محفوظ كما هو.
U-SCR-116,TRV-032,TRV,السفريات والحجز والتذاكر,إشعارات الركاب,Passenger Notifications,ويب الإدارة (Admin Web),P1,إشعارات الحجز والتأخير والتغيير والإلغاء.,البيانات (General) | التفاصيل (Details) | السياسات/القواعد (Rules) | التدقيق (Audit),رقم/رمز (Code/No) | الخط (Route) | من (Origin) | إلى (Destination) | التاريخ (Date) | وقت المغادرة (Departure) | وقت الوصول (Arrival) | الحافلة (Vehicle) | السائق (Driver) | المسافر (Passenger) | نوع التعرفة (Fare Type) | المقعد (Seat) | السعر (Price) | الحالة (Status),المسافر/التذكرة (Passenger/Ticket) | المقعد (Seat) | من (From) | إلى (To) | الحالة (Status) | الصعود (Boarding),بحث (Search) | حجز (Book) | Hold مقعد (Hold Seat) | دفع (Pay) | إصدار (Issue) | تغيير (Change) | نقل (Move) | إلغاء (Cancel) | استرداد (Refund) | Check-in | Redeem | No-show,Schedule Planned → Published → Booking Hold → Confirmed/Paid → Issued → Checked-in/Redeemed → Travel Completed; exceptions: Changed/Moved/Cancelled/Refunded/No-show,TRV-032.View | TRV-032.Act,PassengerRoutes | PassengerRouteStops | PassengerSchedules | PassengerTrips | SeatMaps | Seats | Bookings | BookingPassengers | Tickets | TicketMovements | TicketRefunds | PassengerManifests | PassengerManifestItems | TicketOfficeShifts,"R01,R02,R03,R04,R05,R06,R07,R08,R09,R10,R11,R12,R13,R14,R15,R16,R17,R18,R19,R20",,,RETAIN_AND_NORMALIZE,NO,السجل القديم محفوظ كما هو.
U-SCR-117,TRV-033,TRV,السفريات والحجز والتذاكر,اضطرابات الرحلات,Disruption Management,ويب الإدارة (Admin Web),P1,تعطل/تأخير/إلغاء وتشغيل إعادة الحجز الجماعي.,البيانات (General) | التفاصيل (Details) | السياسات/القواعد (Rules) | التدقيق (Audit),رقم/رمز (Code/No) | الخط (Route) | من (Origin) | إلى (Destination) | التاريخ (Date) | وقت المغادرة (Departure) | وقت الوصول (Arrival) | الحافلة (Vehicle) | السائق (Driver) | المسافر (Passenger) | نوع التعرفة (Fare Type) | المقعد (Seat) | السعر (Price) | الحالة (Status),المسافر/التذكرة (Passenger/Ticket) | المقعد (Seat) | من (From) | إلى (To) | الحالة (Status) | الصعود (Boarding),بحث (Search) | حجز (Book) | Hold مقعد (Hold Seat) | دفع (Pay) | إصدار (Issue) | تغيير (Change) | نقل (Move) | إلغاء (Cancel) | استرداد (Refund) | Check-in | Redeem | No-show,Schedule Planned → Published → Booking Hold → Confirmed/Paid → Issued → Checked-in/Redeemed → Travel Completed; exceptions: Changed/Moved/Cancelled/Refunded/No-show,TRV-033.View | TRV-033.Act,PassengerRoutes | PassengerRouteStops | PassengerSchedules | PassengerTrips | SeatMaps | Seats | Bookings | BookingPassengers | Tickets | TicketMovements | TicketRefunds | PassengerManifests | PassengerManifestItems | TicketOfficeShifts,"R01,R02,R03,R04,R05,R06,R07,R08,R09,R10,R11,R12,R13,R14,R15,R16,R17,R18,R19,R20",,,RETAIN_AND_NORMALIZE,NO,السجل القديم محفوظ كما هو.
U-SCR-118,TRV-034,TRV,السفريات والحجز والتذاكر,معلومات الركاب الحية,Real-Time Passenger Information,ويب الإدارة (Admin Web),P1,موقع الحافلة والتأخير/التقدم وETA.,البيانات (General) | التفاصيل (Details) | السياسات/القواعد (Rules) | التدقيق (Audit),رقم/رمز (Code/No) | الخط (Route) | من (Origin) | إلى (Destination) | التاريخ (Date) | وقت المغادرة (Departure) | وقت الوصول (Arrival) | الحافلة (Vehicle) | السائق (Driver) | المسافر (Passenger) | نوع التعرفة (Fare Type) | المقعد (Seat) | السعر (Price) | الحالة (Status),المسافر/التذكرة (Passenger/Ticket) | المقعد (Seat) | من (From) | إلى (To) | الحالة (Status) | الصعود (Boarding),بحث (Search) | حجز (Book) | Hold مقعد (Hold Seat) | دفع (Pay) | إصدار (Issue) | تغيير (Change) | نقل (Move) | إلغاء (Cancel) | استرداد (Refund) | Check-in | Redeem | No-show,Schedule Planned → Published → Booking Hold → Confirmed/Paid → Issued → Checked-in/Redeemed → Travel Completed; exceptions: Changed/Moved/Cancelled/Refunded/No-show,TRV-034.View | TRV-034.Act,PassengerRoutes | PassengerRouteStops | PassengerSchedules | PassengerTrips | SeatMaps | Seats | Bookings | BookingPassengers | Tickets | TicketMovements | TicketRefunds | PassengerManifests | PassengerManifestItems | TicketOfficeShifts,"R01,R02,R03,R04,R05,R06,R07,R08,R09,R10,R11,R12,R13,R14,R15,R16,R17,R18,R19,R20",,,RETAIN_AND_NORMALIZE,NO,السجل القديم محفوظ كما هو.
U-SCR-119,TRV-035,TRV,السفريات والحجز والتذاكر,المنتجات والباقات,Travel Products & Passes,ويب الإدارة (Admin Web),P1,ذهاب/عودة/عودة مفتوحة/باقات/اشتراكات.,البيانات (General) | التفاصيل (Details) | السياسات/القواعد (Rules) | التدقيق (Audit),رقم/رمز (Code/No) | الخط (Route) | من (Origin) | إلى (Destination) | التاريخ (Date) | وقت المغادرة (Departure) | وقت الوصول (Arrival) | الحافلة (Vehicle) | السائق (Driver) | المسافر (Passenger) | نوع التعرفة (Fare Type) | المقعد (Seat) | السعر (Price) | الحالة (Status),المسافر/التذكرة (Passenger/Ticket) | المقعد (Seat) | من (From) | إلى (To) | الحالة (Status) | الصعود (Boarding),بحث (Search) | حجز (Book) | Hold مقعد (Hold Seat) | دفع (Pay) | إصدار (Issue) | تغيير (Change) | نقل (Move) | إلغاء (Cancel) | استرداد (Refund) | Check-in | Redeem | No-show,Schedule Planned → Published → Booking Hold → Confirmed/Paid → Issued → Checked-in/Redeemed → Travel Completed; exceptions: Changed/Moved/Cancelled/Refunded/No-show,TRV-035.View | TRV-035.Act,PassengerRoutes | PassengerRouteStops | PassengerSchedules | PassengerTrips | SeatMaps | Seats | Bookings | BookingPassengers | Tickets | TicketMovements | TicketRefunds | PassengerManifests | PassengerManifestItems | TicketOfficeShifts,"R01,R02,R03,R04,R05,R06,R07,R08,R09,R10,R11,R12,R13,R14,R15,R16,R17,R18,R19,R20",,,RETAIN_AND_NORMALIZE,NO,السجل القديم محفوظ كما هو.
U-SCR-120,TRV-036,TRV,السفريات والحجز والتذاكر,فئات التعرفة والتحكم,Fare Classes & Control Classes,ويب الإدارة (Admin Web),P1,التحكم في السعر والسعة حسب الفئة والقناة والوقت.,البيانات (General) | التفاصيل (Details) | السياسات/القواعد (Rules) | التدقيق (Audit),رقم/رمز (Code/No) | الخط (Route) | من (Origin) | إلى (Destination) | التاريخ (Date) | وقت المغادرة (Departure) | وقت الوصول (Arrival) | الحافلة (Vehicle) | السائق (Driver) | المسافر (Passenger) | نوع التعرفة (Fare Type) | المقعد (Seat) | السعر (Price) | الحالة (Status),المسافر/التذكرة (Passenger/Ticket) | المقعد (Seat) | من (From) | إلى (To) | الحالة (Status) | الصعود (Boarding),بحث (Search) | حجز (Book) | Hold مقعد (Hold Seat) | دفع (Pay) | إصدار (Issue) | تغيير (Change) | نقل (Move) | إلغاء (Cancel) | استرداد (Refund) | Check-in | Redeem | No-show,Schedule Planned → Published → Booking Hold → Confirmed/Paid → Issued → Checked-in/Redeemed → Travel Completed; exceptions: Changed/Moved/Cancelled/Refunded/No-show,TRV-036.View | TRV-036.Act,PassengerRoutes | PassengerRouteStops | PassengerSchedules | PassengerTrips | SeatMaps | Seats | Bookings | BookingPassengers | Tickets | TicketMovements | TicketRefunds | PassengerManifests | PassengerManifestItems | TicketOfficeShifts,"R01,R02,R03,R04,R05,R06,R07,R08,R09,R10,R11,R12,R13,R14,R15,R16,R17,R18,R19,R20",,,RETAIN_AND_NORMALIZE,NO,السجل القديم محفوظ كما هو.
U-SCR-121,TRV-037,TRV,السفريات والحجز والتذاكر,القسائم والولاء,Vouchers & Loyalty,ويب الإدارة (Admin Web),P1,قسائم، نقاط، عضويات ومزايا.,البيانات (General) | التفاصيل (Details) | السياسات/القواعد (Rules) | التدقيق (Audit),رقم/رمز (Code/No) | الخط (Route) | من (Origin) | إلى (Destination) | التاريخ (Date) | وقت المغادرة (Departure) | وقت الوصول (Arrival) | الحافلة (Vehicle) | السائق (Driver) | المسافر (Passenger) | نوع التعرفة (Fare Type) | المقعد (Seat) | السعر (Price) | الحالة (Status),المسافر/التذكرة (Passenger/Ticket) | المقعد (Seat) | من (From) | إلى (To) | الحالة (Status) | الصعود (Boarding),بحث (Search) | حجز (Book) | Hold مقعد (Hold Seat) | دفع (Pay) | إصدار (Issue) | تغيير (Change) | نقل (Move) | إلغاء (Cancel) | استرداد (Refund) | Check-in | Redeem | No-show,Schedule Planned → Published → Booking Hold → Confirmed/Paid → Issued → Checked-in/Redeemed → Travel Completed; exceptions: Changed/Moved/Cancelled/Refunded/No-show,TRV-037.View | TRV-037.Act,PassengerRoutes | PassengerRouteStops | PassengerSchedules | PassengerTrips | SeatMaps | Seats | Bookings | BookingPassengers | Tickets | TicketMovements | TicketRefunds | PassengerManifests | PassengerManifestItems | TicketOfficeShifts,"R01,R02,R03,R04,R05,R06,R07,R08,R09,R10,R11,R12,R13,R14,R15,R16,R17,R18,R19,R20",,,RETAIN_AND_NORMALIZE,NO,السجل القديم محفوظ كما هو.
U-SCR-122,TRV-038,TRV,السفريات والحجز والتذاكر,عمولات الوكلاء,Agent Commissions,ويب الإدارة (Admin Web),P1,حساب عمولات قنوات البيع والوكلاء.,البيانات (General) | التفاصيل (Details) | السياسات/القواعد (Rules) | التدقيق (Audit),رقم/رمز (Code/No) | الخط (Route) | من (Origin) | إلى (Destination) | التاريخ (Date) | وقت المغادرة (Departure) | وقت الوصول (Arrival) | الحافلة (Vehicle) | السائق (Driver) | المسافر (Passenger) | نوع التعرفة (Fare Type) | المقعد (Seat) | السعر (Price) | الحالة (Status),المسافر/التذكرة (Passenger/Ticket) | المقعد (Seat) | من (From) | إلى (To) | الحالة (Status) | الصعود (Boarding),بحث (Search) | حجز (Book) | Hold مقعد (Hold Seat) | دفع (Pay) | إصدار (Issue) | تغيير (Change) | نقل (Move) | إلغاء (Cancel) | استرداد (Refund) | Check-in | Redeem | No-show,Schedule Planned → Published → Booking Hold → Confirmed/Paid → Issued → Checked-in/Redeemed → Travel Completed; exceptions: Changed/Moved/Cancelled/Refunded/No-show,TRV-038.View | TRV-038.Act,PassengerRoutes | PassengerRouteStops | PassengerSchedules | PassengerTrips | SeatMaps | Seats | Bookings | BookingPassengers | Tickets | TicketMovements | TicketRefunds | PassengerManifests | PassengerManifestItems | TicketOfficeShifts,"R01,R02,R03,R04,R05,R06,R07,R08,R09,R10,R11,R12,R13,R14,R15,R16,R17,R18,R19,R20",,,RETAIN_AND_NORMALIZE,NO,السجل القديم محفوظ كما هو.
U-SCR-123,FLT-001,FLT,الأسطول والسائقون,المركبات,Vehicles,ويب الإدارة (Admin Web),P1,ملف المركبة الموحد لكل أنواع النقل.,البيانات (General) | المستندات (Documents) | التشغيل (Operations) | الصيانة (Maintenance) | GPS | التكاليف (Costs) | التدقيق (Audit),الرقم (No) | الاسم/اللوحة (Name/Plate) | النوع (Type) | الفرع (Branch) | الحالة (Status) | الصلاحية/الانتهاء (Validity/Expiry),العنصر (Item) | النوع (Type) | الحالة (Status) | الانتهاء (Expiry) | آخر تحديث (Updated),جديد (New) | حفظ (Save) | إسناد (Assign) | إيقاف (Suspend) | إرفاق مستند (Attach) | عرض التاريخ (History),Active ↔ Assigned/In Service ↔ Maintenance/Suspended,FLT-001.View | FLT-001.Manage,Vehicles | Drivers | VehicleDocuments | DriverDocuments | DriverVehicleAssignments | VehicleMeters,"R31,R38,R41",,,RETAIN_AND_NORMALIZE,NO,السجل القديم محفوظ كما هو.
U-SCR-124,FLT-002,FLT,الأسطول والسائقون,السائقون,Drivers,ويب الإدارة (Admin Web),P1,ملف السائق، الرخص، التأهيل والتوفر.,البيانات (General) | المستندات (Documents) | التشغيل (Operations) | الصيانة (Maintenance) | GPS | التكاليف (Costs) | التدقيق (Audit),الرقم (No) | الاسم/اللوحة (Name/Plate) | النوع (Type) | الفرع (Branch) | الحالة (Status) | الصلاحية/الانتهاء (Validity/Expiry),العنصر (Item) | النوع (Type) | الحالة (Status) | الانتهاء (Expiry) | آخر تحديث (Updated),جديد (New) | حفظ (Save) | إسناد (Assign) | إيقاف (Suspend) | إرفاق مستند (Attach) | عرض التاريخ (History),Active ↔ Assigned/In Service ↔ Maintenance/Suspended,FLT-002.View | FLT-002.Manage,Vehicles | Drivers | VehicleDocuments | DriverDocuments | DriverVehicleAssignments | VehicleMeters,"R31,R38,R41",,,RETAIN_AND_NORMALIZE,NO,السجل القديم محفوظ كما هو.
U-SCR-125,FLT-003,FLT,الأسطول والسائقون,وثائق المركبة,Vehicle Documents,ويب الإدارة (Admin Web),P1,التسجيل والتأمين والفحص والتصاريح.,البيانات (General) | المستندات (Documents) | التشغيل (Operations) | الصيانة (Maintenance) | GPS | التكاليف (Costs) | التدقيق (Audit),الرقم (No) | الاسم/اللوحة (Name/Plate) | النوع (Type) | الفرع (Branch) | الحالة (Status) | الصلاحية/الانتهاء (Validity/Expiry),العنصر (Item) | النوع (Type) | الحالة (Status) | الانتهاء (Expiry) | آخر تحديث (Updated),جديد (New) | حفظ (Save) | إسناد (Assign) | إيقاف (Suspend) | إرفاق مستند (Attach) | عرض التاريخ (History),Active ↔ Assigned/In Service ↔ Maintenance/Suspended,FLT-003.View | FLT-003.Manage,Vehicles | Drivers | VehicleDocuments | DriverDocuments | DriverVehicleAssignments | VehicleMeters,"R31,R38,R41",,,RETAIN_AND_NORMALIZE,NO,السجل القديم محفوظ كما هو.
U-SCR-126,FLT-004,FLT,الأسطول والسائقون,وثائق السائق,Driver Documents,ويب الإدارة (Admin Web),P1,الرخصة والهوية والتصاريح والانتهاء.,البيانات (General) | المستندات (Documents) | التشغيل (Operations) | الصيانة (Maintenance) | GPS | التكاليف (Costs) | التدقيق (Audit),الرقم (No) | الاسم/اللوحة (Name/Plate) | النوع (Type) | الفرع (Branch) | الحالة (Status) | الصلاحية/الانتهاء (Validity/Expiry),العنصر (Item) | النوع (Type) | الحالة (Status) | الانتهاء (Expiry) | آخر تحديث (Updated),جديد (New) | حفظ (Save) | إسناد (Assign) | إيقاف (Suspend) | إرفاق مستند (Attach) | عرض التاريخ (History),Active ↔ Assigned/In Service ↔ Maintenance/Suspended,FLT-004.View | FLT-004.Manage,Vehicles | Drivers | VehicleDocuments | DriverDocuments | DriverVehicleAssignments | VehicleMeters,"R31,R38,R41",,,RETAIN_AND_NORMALIZE,NO,السجل القديم محفوظ كما هو.
U-SCR-127,FLT-005,FLT,الأسطول والسائقون,توافر المركبات,Vehicle Availability,ويب الإدارة (Admin Web),P1,متاح/في رحلة/صيانة/موقوف.,البيانات (General) | المستندات (Documents) | التشغيل (Operations) | الصيانة (Maintenance) | GPS | التكاليف (Costs) | التدقيق (Audit),الرقم (No) | الاسم/اللوحة (Name/Plate) | النوع (Type) | الفرع (Branch) | الحالة (Status) | الصلاحية/الانتهاء (Validity/Expiry),العنصر (Item) | النوع (Type) | الحالة (Status) | الانتهاء (Expiry) | آخر تحديث (Updated),جديد (New) | حفظ (Save) | إسناد (Assign) | إيقاف (Suspend) | إرفاق مستند (Attach) | عرض التاريخ (History),Active ↔ Assigned/In Service ↔ Maintenance/Suspended,FLT-005.View | FLT-005.Manage,Vehicles | Drivers | VehicleDocuments | DriverDocuments | DriverVehicleAssignments | VehicleMeters,"R31,R38,R41",,,RETAIN_AND_NORMALIZE,NO,السجل القديم محفوظ كما هو.
U-SCR-128,FLT-006,FLT,الأسطول والسائقون,توافر السائقين,Driver Availability,ويب الإدارة (Admin Web),P1,الوردية، الإجازة، الراحة، الرحلات المتداخلة.,البيانات (General) | المستندات (Documents) | التشغيل (Operations) | الصيانة (Maintenance) | GPS | التكاليف (Costs) | التدقيق (Audit),الرقم (No) | الاسم/اللوحة (Name/Plate) | النوع (Type) | الفرع (Branch) | الحالة (Status) | الصلاحية/الانتهاء (Validity/Expiry),العنصر (Item) | النوع (Type) | الحالة (Status) | الانتهاء (Expiry) | آخر تحديث (Updated),جديد (New) | حفظ (Save) | إسناد (Assign) | إيقاف (Suspend) | إرفاق مستند (Attach) | عرض التاريخ (History),Active ↔ Assigned/In Service ↔ Maintenance/Suspended,FLT-006.View | FLT-006.Manage,Vehicles | Drivers | VehicleDocuments | DriverDocuments | DriverVehicleAssignments | VehicleMeters,"R31,R38,R41",,,RETAIN_AND_NORMALIZE,NO,السجل القديم محفوظ كما هو.
U-SCR-129,FLT-007,FLT,الأسطول والسائقون,ربط السائق بالمركبة,Driver-Vehicle Assignment,ويب الإدارة (Admin Web),P1,التعيين الدائم أو المؤقت.,البيانات (General) | المستندات (Documents) | التشغيل (Operations) | الصيانة (Maintenance) | GPS | التكاليف (Costs) | التدقيق (Audit),الرقم (No) | الاسم/اللوحة (Name/Plate) | النوع (Type) | الفرع (Branch) | الحالة (Status) | الصلاحية/الانتهاء (Validity/Expiry),العنصر (Item) | النوع (Type) | الحالة (Status) | الانتهاء (Expiry) | آخر تحديث (Updated),جديد (New) | حفظ (Save) | إسناد (Assign) | إيقاف (Suspend) | إرفاق مستند (Attach) | عرض التاريخ (History),Active ↔ Assigned/In Service ↔ Maintenance/Suspended,FLT-007.View | FLT-007.Manage,Vehicles | Drivers | VehicleDocuments | DriverDocuments | DriverVehicleAssignments | VehicleMeters,"R31,R38,R41",,,RETAIN_AND_NORMALIZE,NO,السجل القديم محفوظ كما هو.
U-SCR-130,FLT-008,FLT,الأسطول والسائقون,فحص ما قبل الرحلة,Pre-Trip Inspection,ويب الإدارة (Admin Web),P1,قائمة فحص المركبة قبل الانطلاق.,البيانات (General) | المستندات (Documents) | التشغيل (Operations) | الصيانة (Maintenance) | GPS | التكاليف (Costs) | التدقيق (Audit),الرقم (No) | الاسم/اللوحة (Name/Plate) | النوع (Type) | الفرع (Branch) | الحالة (Status) | الصلاحية/الانتهاء (Validity/Expiry),العنصر (Item) | النوع (Type) | الحالة (Status) | الانتهاء (Expiry) | آخر تحديث (Updated),جديد (New) | حفظ (Save) | إسناد (Assign) | إيقاف (Suspend) | إرفاق مستند (Attach) | عرض التاريخ (History),Active ↔ Assigned/In Service ↔ Maintenance/Suspended,FLT-008.View | FLT-008.Manage,Vehicles | Drivers | VehicleDocuments | DriverDocuments | DriverVehicleAssignments | VehicleMeters,"R31,R38,R41",,,RETAIN_AND_NORMALIZE,NO,السجل القديم محفوظ كما هو.
U-SCR-131,FLT-009,FLT,الأسطول والسائقون,عدادات المركبة,Vehicle Meters,ويب الإدارة (Admin Web),P1,العداد والكيلومترات وساعات المحرك.,البيانات (General) | المستندات (Documents) | التشغيل (Operations) | الصيانة (Maintenance) | GPS | التكاليف (Costs) | التدقيق (Audit),الرقم (No) | الاسم/اللوحة (Name/Plate) | النوع (Type) | الفرع (Branch) | الحالة (Status) | الصلاحية/الانتهاء (Validity/Expiry),العنصر (Item) | النوع (Type) | الحالة (Status) | الانتهاء (Expiry) | آخر تحديث (Updated),جديد (New) | حفظ (Save) | إسناد (Assign) | إيقاف (Suspend) | إرفاق مستند (Attach) | عرض التاريخ (History),Active ↔ Assigned/In Service ↔ Maintenance/Suspended,FLT-009.View | FLT-009.Manage,Vehicles | Drivers | VehicleDocuments | DriverDocuments | DriverVehicleAssignments | VehicleMeters,"R31,R38,R41",,,RETAIN_AND_NORMALIZE,NO,السجل القديم محفوظ كما هو.
U-SCR-132,FLT-010,FLT,الأسطول والسائقون,الحوادث والمخالفات,Incidents & Violations,ويب الإدارة (Admin Web),P1,الحوادث والمخالفات والأدلة والتكاليف.,البيانات (General) | المستندات (Documents) | التشغيل (Operations) | الصيانة (Maintenance) | GPS | التكاليف (Costs) | التدقيق (Audit),الرقم (No) | الاسم/اللوحة (Name/Plate) | النوع (Type) | الفرع (Branch) | الحالة (Status) | الصلاحية/الانتهاء (Validity/Expiry),العنصر (Item) | النوع (Type) | الحالة (Status) | الانتهاء (Expiry) | آخر تحديث (Updated),جديد (New) | حفظ (Save) | إسناد (Assign) | إيقاف (Suspend) | إرفاق مستند (Attach) | عرض التاريخ (History),Active ↔ Assigned/In Service ↔ Maintenance/Suspended,FLT-010.View | FLT-010.Manage,Vehicles | Drivers | VehicleDocuments | DriverDocuments | DriverVehicleAssignments | VehicleMeters,"R31,R38,R41",,,RETAIN_AND_NORMALIZE,NO,السجل القديم محفوظ كما هو.
U-SCR-133,FLT-011,FLT,الأسطول والسائقون,تصنيف السائق,Driver Score,ويب الإدارة (Admin Web),P1,السلامة والالتزام والخدمة والتقييم.,البيانات (General) | المستندات (Documents) | التشغيل (Operations) | الصيانة (Maintenance) | GPS | التكاليف (Costs) | التدقيق (Audit),الرقم (No) | الاسم/اللوحة (Name/Plate) | النوع (Type) | الفرع (Branch) | الحالة (Status) | الصلاحية/الانتهاء (Validity/Expiry),العنصر (Item) | النوع (Type) | الحالة (Status) | الانتهاء (Expiry) | آخر تحديث (Updated),جديد (New) | حفظ (Save) | إسناد (Assign) | إيقاف (Suspend) | إرفاق مستند (Attach) | عرض التاريخ (History),Active ↔ Assigned/In Service ↔ Maintenance/Suspended,FLT-011.View | FLT-011.Manage,Vehicles | Drivers | VehicleDocuments | DriverDocuments | DriverVehicleAssignments | VehicleMeters,"R31,R38,R41",,,RETAIN_AND_NORMALIZE,NO,السجل القديم محفوظ كما هو.
U-SCR-134,FLT-012,FLT,الأسطول والسائقون,لوحة الأسطول,Fleet Dashboard,ويب الإدارة (Admin Web),P1,حالة الأسطول والتوفر والصيانة والتشغيل.,البيانات (General) | المستندات (Documents) | التشغيل (Operations) | الصيانة (Maintenance) | GPS | التكاليف (Costs) | التدقيق (Audit),الرقم (No) | الاسم/اللوحة (Name/Plate) | النوع (Type) | الفرع (Branch) | الحالة (Status) | الصلاحية/الانتهاء (Validity/Expiry),العنصر (Item) | النوع (Type) | الحالة (Status) | الانتهاء (Expiry) | آخر تحديث (Updated),جديد (New) | حفظ (Save) | إسناد (Assign) | إيقاف (Suspend) | إرفاق مستند (Attach) | عرض التاريخ (History),Active ↔ Assigned/In Service ↔ Maintenance/Suspended,FLT-012.View | FLT-012.Manage,Vehicles | Drivers | VehicleDocuments | DriverDocuments | DriverVehicleAssignments | VehicleMeters,"R31,R38,R41",,,RETAIN_AND_NORMALIZE,NO,السجل القديم محفوظ كما هو.
U-SCR-135,MNT-001,MNT,الصيانة والوقود,طلبات الصيانة,Maintenance Requests,ويب الإدارة (Admin Web),P1,طلبات ناتجة من فحص أو عطل أو تنبيه.,نظرة عامة (Overview) | الأصل/المركبة (Asset) | المهام (Jobs) | القطع (Parts) | العمالة (Labor) | التكلفة (Cost) | المرفقات (Attachments) | التدقيق (Audit),رقم الأمر (Order No) | المركبة (Vehicle) | الحالة (Status) | الأولوية (Priority) | مستحق في (Due Date) | مسند إلى (Assigned To) | الورشة (Repair Site) | العداد (Odometer) | التكلفة (Cost),المهمة (Job) | الحالة (Status) | العمالة (Labor) | القطع (Parts) | التكلفة (Cost),إنشاء (Create) | اعتماد (Authorize) | جدولة (Schedule) | بدء (Start) | إكمال (Complete) | إعادة فتح (Reopen) | إلغاء (Cancel),Request → Work Order Open/Scheduled/In Progress → Jobs Complete → Work Order Complete → History,MNT-001.View | MNT-001.Act,MaintenanceRequests | WorkOrders | MaintenanceJobs | MaintenanceSchedules | VehicleInspections | Parts | WorkOrderParts | FuelEntries,"R38,R39,R40,R41",,,RETAIN_AND_NORMALIZE,NO,السجل القديم محفوظ كما هو.
U-SCR-136,MNT-002,MNT,الصيانة والوقود,أوامر العمل,Work Orders,ويب الإدارة (Admin Web),P1,اعتماد وتتبع أعمال الصيانة والإصلاح.,نظرة عامة (Overview) | الأصل/المركبة (Asset) | المهام (Jobs) | القطع (Parts) | العمالة (Labor) | التكلفة (Cost) | المرفقات (Attachments) | التدقيق (Audit),رقم الأمر (Order No) | المركبة (Vehicle) | الحالة (Status) | الأولوية (Priority) | مستحق في (Due Date) | مسند إلى (Assigned To) | الورشة (Repair Site) | العداد (Odometer) | التكلفة (Cost),المهمة (Job) | الحالة (Status) | العمالة (Labor) | القطع (Parts) | التكلفة (Cost),إنشاء (Create) | اعتماد (Authorize) | جدولة (Schedule) | بدء (Start) | إكمال (Complete) | إعادة فتح (Reopen) | إلغاء (Cancel),Request → Work Order Open/Scheduled/In Progress → Jobs Complete → Work Order Complete → History,MNT-002.View | MNT-002.Act,MaintenanceRequests | WorkOrders | MaintenanceJobs | MaintenanceSchedules | VehicleInspections | Parts | WorkOrderParts | FuelEntries,"R38,R39,R40,R41",,,RETAIN_AND_NORMALIZE,NO,السجل القديم محفوظ كما هو.
U-SCR-137,MNT-003,MNT,الصيانة والوقود,مهام الصيانة,Maintenance Jobs,ويب الإدارة (Admin Web),P1,المهام داخل أمر العمل مع العمالة والقطع.,نظرة عامة (Overview) | الأصل/المركبة (Asset) | المهام (Jobs) | القطع (Parts) | العمالة (Labor) | التكلفة (Cost) | المرفقات (Attachments) | التدقيق (Audit),رقم الأمر (Order No) | المركبة (Vehicle) | الحالة (Status) | الأولوية (Priority) | مستحق في (Due Date) | مسند إلى (Assigned To) | الورشة (Repair Site) | العداد (Odometer) | التكلفة (Cost),المهمة (Job) | الحالة (Status) | العمالة (Labor) | القطع (Parts) | التكلفة (Cost),إنشاء (Create) | اعتماد (Authorize) | جدولة (Schedule) | بدء (Start) | إكمال (Complete) | إعادة فتح (Reopen) | إلغاء (Cancel),Request → Work Order Open/Scheduled/In Progress → Jobs Complete → Work Order Complete → History,MNT-003.View | MNT-003.Act,MaintenanceRequests | WorkOrders | MaintenanceJobs | MaintenanceSchedules | VehicleInspections | Parts | WorkOrderParts | FuelEntries,"R38,R39,R40,R41",,,RETAIN_AND_NORMALIZE,NO,السجل القديم محفوظ كما هو.
U-SCR-138,MNT-004,MNT,الصيانة والوقود,خطط الصيانة الوقائية,Preventive Maintenance Schedules,ويب الإدارة (Admin Web),P1,الصيانة حسب المسافة/الوقت/ساعات المحرك.,نظرة عامة (Overview) | الأصل/المركبة (Asset) | المهام (Jobs) | القطع (Parts) | العمالة (Labor) | التكلفة (Cost) | المرفقات (Attachments) | التدقيق (Audit),رقم الأمر (Order No) | المركبة (Vehicle) | الحالة (Status) | الأولوية (Priority) | مستحق في (Due Date) | مسند إلى (Assigned To) | الورشة (Repair Site) | العداد (Odometer) | التكلفة (Cost),المهمة (Job) | الحالة (Status) | العمالة (Labor) | القطع (Parts) | التكلفة (Cost),إنشاء (Create) | اعتماد (Authorize) | جدولة (Schedule) | بدء (Start) | إكمال (Complete) | إعادة فتح (Reopen) | إلغاء (Cancel),Request → Work Order Open/Scheduled/In Progress → Jobs Complete → Work Order Complete → History,MNT-004.View | MNT-004.Act,MaintenanceRequests | WorkOrders | MaintenanceJobs | MaintenanceSchedules | VehicleInspections | Parts | WorkOrderParts | FuelEntries,"R38,R39,R40,R41",,,RETAIN_AND_NORMALIZE,NO,السجل القديم محفوظ كما هو.
U-SCR-139,MNT-005,MNT,الصيانة والوقود,الفحوصات,Vehicle Inspections,ويب الإدارة (Admin Web),P1,نماذج فحص المركبة والعيوب.,نظرة عامة (Overview) | الأصل/المركبة (Asset) | المهام (Jobs) | القطع (Parts) | العمالة (Labor) | التكلفة (Cost) | المرفقات (Attachments) | التدقيق (Audit),رقم الأمر (Order No) | المركبة (Vehicle) | الحالة (Status) | الأولوية (Priority) | مستحق في (Due Date) | مسند إلى (Assigned To) | الورشة (Repair Site) | العداد (Odometer) | التكلفة (Cost),المهمة (Job) | الحالة (Status) | العمالة (Labor) | القطع (Parts) | التكلفة (Cost),إنشاء (Create) | اعتماد (Authorize) | جدولة (Schedule) | بدء (Start) | إكمال (Complete) | إعادة فتح (Reopen) | إلغاء (Cancel),Request → Work Order Open/Scheduled/In Progress → Jobs Complete → Work Order Complete → History,MNT-005.View | MNT-005.Act,MaintenanceRequests | WorkOrders | MaintenanceJobs | MaintenanceSchedules | VehicleInspections | Parts | WorkOrderParts | FuelEntries,"R38,R39,R40,R41",,,RETAIN_AND_NORMALIZE,NO,السجل القديم محفوظ كما هو.
U-SCR-140,MNT-006,MNT,الصيانة والوقود,قطع الغيار,Spare Parts,ويب الإدارة (Admin Web),P1,تعريف وتتبع قطع الغيار.,نظرة عامة (Overview) | الأصل/المركبة (Asset) | المهام (Jobs) | القطع (Parts) | العمالة (Labor) | التكلفة (Cost) | المرفقات (Attachments) | التدقيق (Audit),رقم الأمر (Order No) | المركبة (Vehicle) | الحالة (Status) | الأولوية (Priority) | مستحق في (Due Date) | مسند إلى (Assigned To) | الورشة (Repair Site) | العداد (Odometer) | التكلفة (Cost),المهمة (Job) | الحالة (Status) | العمالة (Labor) | القطع (Parts) | التكلفة (Cost),إنشاء (Create) | اعتماد (Authorize) | جدولة (Schedule) | بدء (Start) | إكمال (Complete) | إعادة فتح (Reopen) | إلغاء (Cancel),Request → Work Order Open/Scheduled/In Progress → Jobs Complete → Work Order Complete → History,MNT-006.View | MNT-006.Act,MaintenanceRequests | WorkOrders | MaintenanceJobs | MaintenanceSchedules | VehicleInspections | Parts | WorkOrderParts | FuelEntries,"R38,R39,R40,R41",,,RETAIN_AND_NORMALIZE,NO,السجل القديم محفوظ كما هو.
U-SCR-141,MNT-007,MNT,الصيانة والوقود,صرف القطع لأمر العمل,Work Order Parts Issue,ويب الإدارة (Admin Web),P1,صرف وإرجاع قطع لأمر الصيانة.,نظرة عامة (Overview) | الأصل/المركبة (Asset) | المهام (Jobs) | القطع (Parts) | العمالة (Labor) | التكلفة (Cost) | المرفقات (Attachments) | التدقيق (Audit),رقم الأمر (Order No) | المركبة (Vehicle) | الحالة (Status) | الأولوية (Priority) | مستحق في (Due Date) | مسند إلى (Assigned To) | الورشة (Repair Site) | العداد (Odometer) | التكلفة (Cost),المهمة (Job) | الحالة (Status) | العمالة (Labor) | القطع (Parts) | التكلفة (Cost),إنشاء (Create) | اعتماد (Authorize) | جدولة (Schedule) | بدء (Start) | إكمال (Complete) | إعادة فتح (Reopen) | إلغاء (Cancel),Request → Work Order Open/Scheduled/In Progress → Jobs Complete → Work Order Complete → History,MNT-007.View | MNT-007.Act,MaintenanceRequests | WorkOrders | MaintenanceJobs | MaintenanceSchedules | VehicleInspections | Parts | WorkOrderParts | FuelEntries,"R38,R39,R40,R41",,,RETAIN_AND_NORMALIZE,NO,السجل القديم محفوظ كما هو.
U-SCR-142,MNT-008,MNT,الصيانة والوقود,ورش ومزودو صيانة,Repair Sites & Vendors,ويب الإدارة (Admin Web),P1,الورش الداخلية والخارجية ومقدمو الخدمة.,نظرة عامة (Overview) | الأصل/المركبة (Asset) | المهام (Jobs) | القطع (Parts) | العمالة (Labor) | التكلفة (Cost) | المرفقات (Attachments) | التدقيق (Audit),رقم الأمر (Order No) | المركبة (Vehicle) | الحالة (Status) | الأولوية (Priority) | مستحق في (Due Date) | مسند إلى (Assigned To) | الورشة (Repair Site) | العداد (Odometer) | التكلفة (Cost),المهمة (Job) | الحالة (Status) | العمالة (Labor) | القطع (Parts) | التكلفة (Cost),إنشاء (Create) | اعتماد (Authorize) | جدولة (Schedule) | بدء (Start) | إكمال (Complete) | إعادة فتح (Reopen) | إلغاء (Cancel),Request → Work Order Open/Scheduled/In Progress → Jobs Complete → Work Order Complete → History,MNT-008.View | MNT-008.Act,MaintenanceRequests | WorkOrders | MaintenanceJobs | MaintenanceSchedules | VehicleInspections | Parts | WorkOrderParts | FuelEntries,"R38,R39,R40,R41",,,RETAIN_AND_NORMALIZE,NO,السجل القديم محفوظ كما هو.
U-SCR-143,MNT-009,MNT,الصيانة والوقود,سجل الصيانة,Maintenance History,ويب الإدارة (Admin Web),P1,السجل التاريخي للمركبة والتكاليف.,نظرة عامة (Overview) | الأصل/المركبة (Asset) | المهام (Jobs) | القطع (Parts) | العمالة (Labor) | التكلفة (Cost) | المرفقات (Attachments) | التدقيق (Audit),رقم الأمر (Order No) | المركبة (Vehicle) | الحالة (Status) | الأولوية (Priority) | مستحق في (Due Date) | مسند إلى (Assigned To) | الورشة (Repair Site) | العداد (Odometer) | التكلفة (Cost),المهمة (Job) | الحالة (Status) | العمالة (Labor) | القطع (Parts) | التكلفة (Cost),إنشاء (Create) | اعتماد (Authorize) | جدولة (Schedule) | بدء (Start) | إكمال (Complete) | إعادة فتح (Reopen) | إلغاء (Cancel),Request → Work Order Open/Scheduled/In Progress → Jobs Complete → Work Order Complete → History,MNT-009.View | MNT-009.Act,MaintenanceRequests | WorkOrders | MaintenanceJobs | MaintenanceSchedules | VehicleInspections | Parts | WorkOrderParts | FuelEntries,"R38,R39,R40,R41",,,RETAIN_AND_NORMALIZE,NO,السجل القديم محفوظ كما هو.
U-SCR-144,MNT-010,MNT,الصيانة والوقود,تسجيل الوقود,Fuel Entry,ويب الإدارة (Admin Web),P1,الكمية، القيمة، المحطة، العداد والموقع.,نظرة عامة (Overview) | الأصل/المركبة (Asset) | المهام (Jobs) | القطع (Parts) | العمالة (Labor) | التكلفة (Cost) | المرفقات (Attachments) | التدقيق (Audit),رقم الأمر (Order No) | المركبة (Vehicle) | الحالة (Status) | الأولوية (Priority) | مستحق في (Due Date) | مسند إلى (Assigned To) | الورشة (Repair Site) | العداد (Odometer) | التكلفة (Cost),المهمة (Job) | الحالة (Status) | العمالة (Labor) | القطع (Parts) | التكلفة (Cost),إنشاء (Create) | اعتماد (Authorize) | جدولة (Schedule) | بدء (Start) | إكمال (Complete) | إعادة فتح (Reopen) | إلغاء (Cancel),Request → Work Order Open/Scheduled/In Progress → Jobs Complete → Work Order Complete → History,MNT-010.View | MNT-010.Act,MaintenanceRequests | WorkOrders | MaintenanceJobs | MaintenanceSchedules | VehicleInspections | Parts | WorkOrderParts | FuelEntries,"R38,R39,R40,R41",,,RETAIN_AND_NORMALIZE,NO,السجل القديم محفوظ كما هو.
U-SCR-145,MNT-011,MNT,الصيانة والوقود,ضبط الوقود والصور,Fuel Verification,ويب الإدارة (Admin Web),P1,مطابقة الصورة/GPS/العداد لمنع التلاعب.,نظرة عامة (Overview) | الأصل/المركبة (Asset) | المهام (Jobs) | القطع (Parts) | العمالة (Labor) | التكلفة (Cost) | المرفقات (Attachments) | التدقيق (Audit),رقم الأمر (Order No) | المركبة (Vehicle) | الحالة (Status) | الأولوية (Priority) | مستحق في (Due Date) | مسند إلى (Assigned To) | الورشة (Repair Site) | العداد (Odometer) | التكلفة (Cost),المهمة (Job) | الحالة (Status) | العمالة (Labor) | القطع (Parts) | التكلفة (Cost),إنشاء (Create) | اعتماد (Authorize) | جدولة (Schedule) | بدء (Start) | إكمال (Complete) | إعادة فتح (Reopen) | إلغاء (Cancel),Request → Work Order Open/Scheduled/In Progress → Jobs Complete → Work Order Complete → History,MNT-011.View | MNT-011.Act,MaintenanceRequests | WorkOrders | MaintenanceJobs | MaintenanceSchedules | VehicleInspections | Parts | WorkOrderParts | FuelEntries,"R38,R39,R40,R41",,,RETAIN_AND_NORMALIZE,NO,السجل القديم محفوظ كما هو.
U-SCR-146,MNT-012,MNT,الصيانة والوقود,تحليل الوقود,Fuel Analytics,ويب الإدارة (Admin Web),P1,استهلاك، تكلفة/كم، مخالفات وشذوذ.,نظرة عامة (Overview) | الأصل/المركبة (Asset) | المهام (Jobs) | القطع (Parts) | العمالة (Labor) | التكلفة (Cost) | المرفقات (Attachments) | التدقيق (Audit),رقم الأمر (Order No) | المركبة (Vehicle) | الحالة (Status) | الأولوية (Priority) | مستحق في (Due Date) | مسند إلى (Assigned To) | الورشة (Repair Site) | العداد (Odometer) | التكلفة (Cost),المهمة (Job) | الحالة (Status) | العمالة (Labor) | القطع (Parts) | التكلفة (Cost),إنشاء (Create) | اعتماد (Authorize) | جدولة (Schedule) | بدء (Start) | إكمال (Complete) | إعادة فتح (Reopen) | إلغاء (Cancel),Request → Work Order Open/Scheduled/In Progress → Jobs Complete → Work Order Complete → History,MNT-012.View | MNT-012.Act,MaintenanceRequests | WorkOrders | MaintenanceJobs | MaintenanceSchedules | VehicleInspections | Parts | WorkOrderParts | FuelEntries,"R38,R39,R40,R41",,,RETAIN_AND_NORMALIZE,NO,السجل القديم محفوظ كما هو.
U-SCR-147,OPS-001,OPS,GPS والتحكم,الخريطة الحية,Live Map,ويب الإدارة (Admin Web),P1,عرض المركبات والسائقين والرحلات والطلبات لحظيًا.,الخريطة (Map) | القائمة (List) | الأحداث (Events) | الفلاتر (Filters) | التنبيهات (Alerts),المركبة (Vehicle) | السائق (Driver) | الموقع (Location) | السرعة (Speed) | الحالة (Status) | آخر تحديث (Last Update) | ETA (ETA),الكيان (Entity) | الرحلة/المهمة (Trip/Task) | الموقع (Location) | الوقت (Time) | الحالة (Status),تحديد موقع (Locate) | إرسال للسائق (Message) | إعادة إسناد (Reassign) | مشاركة موقع (Share Location) | فتح الرحلة (Open Trip),Telemetry Event Stream → Alert/ETA updates → Operational actions,OPS-001.View | OPS-001.Act,GpsPositions | TrackingEvents | Geofences | GeofenceEvents | OperationalAlerts,"R29,R30,R31,R38",,,RETAIN_AND_NORMALIZE,NO,السجل القديم محفوظ كما هو.
U-SCR-148,OPS-002,OPS,GPS والتحكم,مركز التحكم والتوزيع,Control & Dispatch Center,ويب الإدارة (Admin Web),P1,مركز موحد للمشاوير والتوصيل والنقل والرحلات.,الخريطة (Map) | القائمة (List) | الأحداث (Events) | الفلاتر (Filters) | التنبيهات (Alerts),المركبة (Vehicle) | السائق (Driver) | الموقع (Location) | السرعة (Speed) | الحالة (Status) | آخر تحديث (Last Update) | ETA (ETA),الكيان (Entity) | الرحلة/المهمة (Trip/Task) | الموقع (Location) | الوقت (Time) | الحالة (Status),تحديد موقع (Locate) | إرسال للسائق (Message) | إعادة إسناد (Reassign) | مشاركة موقع (Share Location) | فتح الرحلة (Open Trip),Telemetry Event Stream → Alert/ETA updates → Operational actions,OPS-002.View | OPS-002.Act,GpsPositions | TrackingEvents | Geofences | GeofenceEvents | OperationalAlerts,"R29,R30,R31,R38",,,RETAIN_AND_NORMALIZE,NO,السجل القديم محفوظ كما هو.
U-SCR-149,OPS-003,OPS,GPS والتحكم,سجل حركة المركبة,Vehicle Trip History,ويب الإدارة (Admin Web),P1,إعادة عرض حركة المركبة والأوقات والتوقفات.,الخريطة (Map) | القائمة (List) | الأحداث (Events) | الفلاتر (Filters) | التنبيهات (Alerts),المركبة (Vehicle) | السائق (Driver) | الموقع (Location) | السرعة (Speed) | الحالة (Status) | آخر تحديث (Last Update) | ETA (ETA),الكيان (Entity) | الرحلة/المهمة (Trip/Task) | الموقع (Location) | الوقت (Time) | الحالة (Status),تحديد موقع (Locate) | إرسال للسائق (Message) | إعادة إسناد (Reassign) | مشاركة موقع (Share Location) | فتح الرحلة (Open Trip),Telemetry Event Stream → Alert/ETA updates → Operational actions,OPS-003.View | OPS-003.Act,GpsPositions | TrackingEvents | Geofences | GeofenceEvents | OperationalAlerts,"R29,R30,R31,R38",,,RETAIN_AND_NORMALIZE,NO,السجل القديم محفوظ كما هو.
U-SCR-150,OPS-004,OPS,GPS والتحكم,سجل حركة السائق,Driver Activity History,ويب الإدارة (Admin Web),P1,سجل نشاط السائق ومهامه وتنقلاته.,الخريطة (Map) | القائمة (List) | الأحداث (Events) | الفلاتر (Filters) | التنبيهات (Alerts),المركبة (Vehicle) | السائق (Driver) | الموقع (Location) | السرعة (Speed) | الحالة (Status) | آخر تحديث (Last Update) | ETA (ETA),الكيان (Entity) | الرحلة/المهمة (Trip/Task) | الموقع (Location) | الوقت (Time) | الحالة (Status),تحديد موقع (Locate) | إرسال للسائق (Message) | إعادة إسناد (Reassign) | مشاركة موقع (Share Location) | فتح الرحلة (Open Trip),Telemetry Event Stream → Alert/ETA updates → Operational actions,OPS-004.View | OPS-004.Act,GpsPositions | TrackingEvents | Geofences | GeofenceEvents | OperationalAlerts,"R29,R30,R31,R38",,,RETAIN_AND_NORMALIZE,NO,السجل القديم محفوظ كما هو.
U-SCR-151,OPS-005,OPS,GPS والتحكم,السياج الجغرافي,Geofences,ويب الإدارة (Admin Web),P1,تعريف مناطق ومحطات ومخازن ومناطق ممنوعة.,الخريطة (Map) | القائمة (List) | الأحداث (Events) | الفلاتر (Filters) | التنبيهات (Alerts),المركبة (Vehicle) | السائق (Driver) | الموقع (Location) | السرعة (Speed) | الحالة (Status) | آخر تحديث (Last Update) | ETA (ETA),الكيان (Entity) | الرحلة/المهمة (Trip/Task) | الموقع (Location) | الوقت (Time) | الحالة (Status),تحديد موقع (Locate) | إرسال للسائق (Message) | إعادة إسناد (Reassign) | مشاركة موقع (Share Location) | فتح الرحلة (Open Trip),Telemetry Event Stream → Alert/ETA updates → Operational actions,OPS-005.View | OPS-005.Act,GpsPositions | TrackingEvents | Geofences | GeofenceEvents | OperationalAlerts,"R29,R30,R31,R38",,,RETAIN_AND_NORMALIZE,NO,السجل القديم محفوظ كما هو.
U-SCR-152,OPS-006,OPS,GPS والتحكم,تنبيهات GPS,GPS Alerts,ويب الإدارة (Admin Web),P1,دخول/خروج، تأخير، توقف طويل، انحراف مسار.,الخريطة (Map) | القائمة (List) | الأحداث (Events) | الفلاتر (Filters) | التنبيهات (Alerts),المركبة (Vehicle) | السائق (Driver) | الموقع (Location) | السرعة (Speed) | الحالة (Status) | آخر تحديث (Last Update) | ETA (ETA),الكيان (Entity) | الرحلة/المهمة (Trip/Task) | الموقع (Location) | الوقت (Time) | الحالة (Status),تحديد موقع (Locate) | إرسال للسائق (Message) | إعادة إسناد (Reassign) | مشاركة موقع (Share Location) | فتح الرحلة (Open Trip),Telemetry Event Stream → Alert/ETA updates → Operational actions,OPS-006.View | OPS-006.Act,GpsPositions | TrackingEvents | Geofences | GeofenceEvents | OperationalAlerts,"R29,R30,R31,R38",,,RETAIN_AND_NORMALIZE,NO,السجل القديم محفوظ كما هو.
U-SCR-153,OPS-007,OPS,GPS والتحكم,مقارنة المخطط بالفعلي,Planned vs Actual,ويب الإدارة (Admin Web),P1,الأوقات والمسار المخطط مقابل التنفيذ.,الخريطة (Map) | القائمة (List) | الأحداث (Events) | الفلاتر (Filters) | التنبيهات (Alerts),المركبة (Vehicle) | السائق (Driver) | الموقع (Location) | السرعة (Speed) | الحالة (Status) | آخر تحديث (Last Update) | ETA (ETA),الكيان (Entity) | الرحلة/المهمة (Trip/Task) | الموقع (Location) | الوقت (Time) | الحالة (Status),تحديد موقع (Locate) | إرسال للسائق (Message) | إعادة إسناد (Reassign) | مشاركة موقع (Share Location) | فتح الرحلة (Open Trip),Telemetry Event Stream → Alert/ETA updates → Operational actions,OPS-007.View | OPS-007.Act,GpsPositions | TrackingEvents | Geofences | GeofenceEvents | OperationalAlerts,"R29,R30,R31,R38",,,RETAIN_AND_NORMALIZE,NO,السجل القديم محفوظ كما هو.
U-SCR-154,OPS-008,OPS,GPS والتحكم,إعادة تشغيل الرحلة,Trip Replay,ويب الإدارة (Admin Web),P1,عرض زمني لمسار الرحلة والأحداث.,الخريطة (Map) | القائمة (List) | الأحداث (Events) | الفلاتر (Filters) | التنبيهات (Alerts),المركبة (Vehicle) | السائق (Driver) | الموقع (Location) | السرعة (Speed) | الحالة (Status) | آخر تحديث (Last Update) | ETA (ETA),الكيان (Entity) | الرحلة/المهمة (Trip/Task) | الموقع (Location) | الوقت (Time) | الحالة (Status),تحديد موقع (Locate) | إرسال للسائق (Message) | إعادة إسناد (Reassign) | مشاركة موقع (Share Location) | فتح الرحلة (Open Trip),Telemetry Event Stream → Alert/ETA updates → Operational actions,OPS-008.View | OPS-008.Act,GpsPositions | TrackingEvents | Geofences | GeofenceEvents | OperationalAlerts,"R29,R30,R31,R38",,,RETAIN_AND_NORMALIZE,NO,السجل القديم محفوظ كما هو.
U-SCR-155,OPS-009,OPS,GPS والتحكم,ETA والتأخير,ETA & Delay Monitor,ويب الإدارة (Admin Web),P1,تقدير الوصول ومراقبة الانحرافات.,الخريطة (Map) | القائمة (List) | الأحداث (Events) | الفلاتر (Filters) | التنبيهات (Alerts),المركبة (Vehicle) | السائق (Driver) | الموقع (Location) | السرعة (Speed) | الحالة (Status) | آخر تحديث (Last Update) | ETA (ETA),الكيان (Entity) | الرحلة/المهمة (Trip/Task) | الموقع (Location) | الوقت (Time) | الحالة (Status),تحديد موقع (Locate) | إرسال للسائق (Message) | إعادة إسناد (Reassign) | مشاركة موقع (Share Location) | فتح الرحلة (Open Trip),Telemetry Event Stream → Alert/ETA updates → Operational actions,OPS-009.View | OPS-009.Act,GpsPositions | TrackingEvents | Geofences | GeofenceEvents | OperationalAlerts,"R29,R30,R31,R38",,,RETAIN_AND_NORMALIZE,NO,السجل القديم محفوظ كما هو.
U-SCR-156,OPS-010,OPS,GPS والتحكم,مشاركة الموقع,Live Location Sharing,ويب الإدارة (Admin Web),P1,إنشاء رابط مشاركة آمن مؤقت.,الخريطة (Map) | القائمة (List) | الأحداث (Events) | الفلاتر (Filters) | التنبيهات (Alerts),المركبة (Vehicle) | السائق (Driver) | الموقع (Location) | السرعة (Speed) | الحالة (Status) | آخر تحديث (Last Update) | ETA (ETA),الكيان (Entity) | الرحلة/المهمة (Trip/Task) | الموقع (Location) | الوقت (Time) | الحالة (Status),تحديد موقع (Locate) | إرسال للسائق (Message) | إعادة إسناد (Reassign) | مشاركة موقع (Share Location) | فتح الرحلة (Open Trip),Telemetry Event Stream → Alert/ETA updates → Operational actions,OPS-010.View | OPS-010.Act,GpsPositions | TrackingEvents | Geofences | GeofenceEvents | OperationalAlerts,"R29,R30,R31,R38",,,RETAIN_AND_NORMALIZE,NO,السجل القديم محفوظ كما هو.
U-SCR-157,WHS-001,WHS,المحاور والمستودعات,استلام الشحنات للمحور,Hub Receipt,ويب الإدارة (Admin Web),P1,استلام بوالص وطرود إلى فرع/محور.,الرأس (Header) | الطرود (Packages) | الموقع (Location) | المسح (Scanning) | الفروقات (Exceptions) | التدقيق (Audit),المحور (Hub) | الرحلة (Trip) | البوليصة (Waybill) | الباركود (Barcode) | الموقع (Location) | الحالة (Status),الباركود (Barcode) | البوليصة (Waybill) | الوجهة (Destination) | الكمية (Qty) | الحالة (Status),استلام (Receive) | مسح (Scan) | فرز (Sort) | تحميل (Load) | تفريغ (Unload) | تعليق (Hold) | حل فرق (Resolve),Expected → Received → Staged → Loaded → Departed / Held,WHS-001.View | WHS-001.Act,HubReceipts | PackageHandlingEvents | StagingLocations | LoadSessions | LoadSessionItems,,,,RETAIN_AND_NORMALIZE,NO,السجل القديم محفوظ كما هو.
U-SCR-158,WHS-002,WHS,المحاور والمستودعات,فحص وفرز الطرود,Package Sortation,ويب الإدارة (Admin Web),P1,فرز حسب الوجهة/الرحلة/المسار.,الرأس (Header) | الطرود (Packages) | الموقع (Location) | المسح (Scanning) | الفروقات (Exceptions) | التدقيق (Audit),المحور (Hub) | الرحلة (Trip) | البوليصة (Waybill) | الباركود (Barcode) | الموقع (Location) | الحالة (Status),الباركود (Barcode) | البوليصة (Waybill) | الوجهة (Destination) | الكمية (Qty) | الحالة (Status),استلام (Receive) | مسح (Scan) | فرز (Sort) | تحميل (Load) | تفريغ (Unload) | تعليق (Hold) | حل فرق (Resolve),Expected → Received → Staged → Loaded → Departed / Held,WHS-002.View | WHS-002.Act,HubReceipts | PackageHandlingEvents | StagingLocations | LoadSessions | LoadSessionItems,,,,RETAIN_AND_NORMALIZE,NO,السجل القديم محفوظ كما هو.
U-SCR-159,WHS-003,WHS,المحاور والمستودعات,مواقع التخزين المؤقت,Staging Locations,ويب الإدارة (Admin Web),P1,مواقع وساحات انتظار قبل التحميل.,الرأس (Header) | الطرود (Packages) | الموقع (Location) | المسح (Scanning) | الفروقات (Exceptions) | التدقيق (Audit),المحور (Hub) | الرحلة (Trip) | البوليصة (Waybill) | الباركود (Barcode) | الموقع (Location) | الحالة (Status),الباركود (Barcode) | البوليصة (Waybill) | الوجهة (Destination) | الكمية (Qty) | الحالة (Status),استلام (Receive) | مسح (Scan) | فرز (Sort) | تحميل (Load) | تفريغ (Unload) | تعليق (Hold) | حل فرق (Resolve),Expected → Received → Staged → Loaded → Departed / Held,WHS-003.View | WHS-003.Act,HubReceipts | PackageHandlingEvents | StagingLocations | LoadSessions | LoadSessionItems,,,,RETAIN_AND_NORMALIZE,NO,السجل القديم محفوظ كما هو.
U-SCR-160,WHS-004,WHS,المحاور والمستودعات,تجهيز التحميل,Load Preparation,ويب الإدارة (Admin Web),P1,تجهيز قائمة التحميل والمسح.,الرأس (Header) | الطرود (Packages) | الموقع (Location) | المسح (Scanning) | الفروقات (Exceptions) | التدقيق (Audit),المحور (Hub) | الرحلة (Trip) | البوليصة (Waybill) | الباركود (Barcode) | الموقع (Location) | الحالة (Status),الباركود (Barcode) | البوليصة (Waybill) | الوجهة (Destination) | الكمية (Qty) | الحالة (Status),استلام (Receive) | مسح (Scan) | فرز (Sort) | تحميل (Load) | تفريغ (Unload) | تعليق (Hold) | حل فرق (Resolve),Expected → Received → Staged → Loaded → Departed / Held,WHS-004.View | WHS-004.Act,HubReceipts | PackageHandlingEvents | StagingLocations | LoadSessions | LoadSessionItems,,,,RETAIN_AND_NORMALIZE,NO,السجل القديم محفوظ كما هو.
U-SCR-161,WHS-005,WHS,المحاور والمستودعات,تحميل المركبة,Vehicle Loading,ويب الإدارة (Admin Web),P1,مسح الطرود وتأكيد سلسلة العهدة.,الرأس (Header) | الطرود (Packages) | الموقع (Location) | المسح (Scanning) | الفروقات (Exceptions) | التدقيق (Audit),المحور (Hub) | الرحلة (Trip) | البوليصة (Waybill) | الباركود (Barcode) | الموقع (Location) | الحالة (Status),الباركود (Barcode) | البوليصة (Waybill) | الوجهة (Destination) | الكمية (Qty) | الحالة (Status),استلام (Receive) | مسح (Scan) | فرز (Sort) | تحميل (Load) | تفريغ (Unload) | تعليق (Hold) | حل فرق (Resolve),Expected → Received → Staged → Loaded → Departed / Held,WHS-005.View | WHS-005.Act,HubReceipts | PackageHandlingEvents | StagingLocations | LoadSessions | LoadSessionItems,,,,RETAIN_AND_NORMALIZE,NO,السجل القديم محفوظ كما هو.
U-SCR-162,WHS-006,WHS,المحاور والمستودعات,تفريغ المركبة,Vehicle Unloading,ويب الإدارة (Admin Web),P1,مسح التفريغ ومطابقة الرحلة.,الرأس (Header) | الطرود (Packages) | الموقع (Location) | المسح (Scanning) | الفروقات (Exceptions) | التدقيق (Audit),المحور (Hub) | الرحلة (Trip) | البوليصة (Waybill) | الباركود (Barcode) | الموقع (Location) | الحالة (Status),الباركود (Barcode) | البوليصة (Waybill) | الوجهة (Destination) | الكمية (Qty) | الحالة (Status),استلام (Receive) | مسح (Scan) | فرز (Sort) | تحميل (Load) | تفريغ (Unload) | تعليق (Hold) | حل فرق (Resolve),Expected → Received → Staged → Loaded → Departed / Held,WHS-006.View | WHS-006.Act,HubReceipts | PackageHandlingEvents | StagingLocations | LoadSessions | LoadSessionItems,,,,RETAIN_AND_NORMALIZE,NO,السجل القديم محفوظ كما هو.
U-SCR-163,WHS-007,WHS,المحاور والمستودعات,الطرود المعلقة,Held / Exception Packages,ويب الإدارة (Admin Web),P1,طرود مشكلة/مفقودة/غير مطابقة.,الرأس (Header) | الطرود (Packages) | الموقع (Location) | المسح (Scanning) | الفروقات (Exceptions) | التدقيق (Audit),المحور (Hub) | الرحلة (Trip) | البوليصة (Waybill) | الباركود (Barcode) | الموقع (Location) | الحالة (Status),الباركود (Barcode) | البوليصة (Waybill) | الوجهة (Destination) | الكمية (Qty) | الحالة (Status),استلام (Receive) | مسح (Scan) | فرز (Sort) | تحميل (Load) | تفريغ (Unload) | تعليق (Hold) | حل فرق (Resolve),Expected → Received → Staged → Loaded → Departed / Held,WHS-007.View | WHS-007.Act,HubReceipts | PackageHandlingEvents | StagingLocations | LoadSessions | LoadSessionItems,,,,RETAIN_AND_NORMALIZE,NO,السجل القديم محفوظ كما هو.
U-SCR-164,WHS-008,WHS,المحاور والمستودعات,رصيد المحور,Hub Inventory Snapshot,ويب الإدارة (Admin Web),P1,لقطة بما هو موجود فعليًا في المحور.,الرأس (Header) | الطرود (Packages) | الموقع (Location) | المسح (Scanning) | الفروقات (Exceptions) | التدقيق (Audit),المحور (Hub) | الرحلة (Trip) | البوليصة (Waybill) | الباركود (Barcode) | الموقع (Location) | الحالة (Status),الباركود (Barcode) | البوليصة (Waybill) | الوجهة (Destination) | الكمية (Qty) | الحالة (Status),استلام (Receive) | مسح (Scan) | فرز (Sort) | تحميل (Load) | تفريغ (Unload) | تعليق (Hold) | حل فرق (Resolve),Expected → Received → Staged → Loaded → Departed / Held,WHS-008.View | WHS-008.Act,HubReceipts | PackageHandlingEvents | StagingLocations | LoadSessions | LoadSessionItems,,,,RETAIN_AND_NORMALIZE,NO,السجل القديم محفوظ كما هو.
U-SCR-165,FIN-001,FIN,التحصيل والتسويات التشغيلية,طرق الدفع,Payment Methods,ويب الإدارة (Admin Web),P1,إدارة نقد/بطاقة/محفظة/آجل/حساب شركة.,الملخص (Summary) | المعاملات (Transactions) | المدفوعات (Payments) | المستندات (Documents) | الفروقات (Variances) | التدقيق (Audit),رقم المستند (Document No) | الطرف (Party) | السائق/الوكيل (Driver/Agent) | الفرع (Branch) | العملة (Currency) | المبلغ (Amount) | المودع (Deposited) | الفرق (Variance) | الحالة (Status),المرجع (Reference) | النوع (Type) | المبلغ (Amount) | طريقة الدفع (Payment Method) | الحالة (Status),إنشاء (Create) | حساب (Calculate) | إعادة حساب (Recalculate) | اعتماد (Approve) | توريد (Deposit) | دفع (Pay) | إلغاء/عكس (Cancel/Reverse),Open → Calculated → In Review → Approved → Paid/Deposited → Settled,FIN-001.View | FIN-001.Act,Payments | PaymentAllocations | CashCollections | DriverCustodies | DriverSettlements | AgentSettlements | Refunds,"R13,R14,R15",,,RETAIN_AND_NORMALIZE,NO,السجل القديم محفوظ كما هو.
U-SCR-166,FIN-002,FIN,التحصيل والتسويات التشغيلية,مدفوعات العملاء,Customer Payments,ويب الإدارة (Admin Web),P1,تسجيل مدفوعات الطلبات والتذاكر.,الملخص (Summary) | المعاملات (Transactions) | المدفوعات (Payments) | المستندات (Documents) | الفروقات (Variances) | التدقيق (Audit),رقم المستند (Document No) | الطرف (Party) | السائق/الوكيل (Driver/Agent) | الفرع (Branch) | العملة (Currency) | المبلغ (Amount) | المودع (Deposited) | الفرق (Variance) | الحالة (Status),المرجع (Reference) | النوع (Type) | المبلغ (Amount) | طريقة الدفع (Payment Method) | الحالة (Status),إنشاء (Create) | حساب (Calculate) | إعادة حساب (Recalculate) | اعتماد (Approve) | توريد (Deposit) | دفع (Pay) | إلغاء/عكس (Cancel/Reverse),Open → Calculated → In Review → Approved → Paid/Deposited → Settled,FIN-002.View | FIN-002.Act,Payments | PaymentAllocations | CashCollections | DriverCustodies | DriverSettlements | AgentSettlements | Refunds,"R13,R14,R15",,,RETAIN_AND_NORMALIZE,NO,السجل القديم محفوظ كما هو.
U-SCR-167,FIN-003,FIN,التحصيل والتسويات التشغيلية,التحصيل عند التسليم,COD Collections,ويب الإدارة (Admin Web),P1,تسجيل ما حصله السائق لكل طلب.,الملخص (Summary) | المعاملات (Transactions) | المدفوعات (Payments) | المستندات (Documents) | الفروقات (Variances) | التدقيق (Audit),رقم المستند (Document No) | الطرف (Party) | السائق/الوكيل (Driver/Agent) | الفرع (Branch) | العملة (Currency) | المبلغ (Amount) | المودع (Deposited) | الفرق (Variance) | الحالة (Status),المرجع (Reference) | النوع (Type) | المبلغ (Amount) | طريقة الدفع (Payment Method) | الحالة (Status),إنشاء (Create) | حساب (Calculate) | إعادة حساب (Recalculate) | اعتماد (Approve) | توريد (Deposit) | دفع (Pay) | إلغاء/عكس (Cancel/Reverse),Open → Calculated → In Review → Approved → Paid/Deposited → Settled,FIN-003.View | FIN-003.Act,Payments | PaymentAllocations | CashCollections | DriverCustodies | DriverSettlements | AgentSettlements | Refunds,"R13,R14,R15",,,RETAIN_AND_NORMALIZE,NO,السجل القديم محفوظ كما هو.
U-SCR-168,FIN-004,FIN,التحصيل والتسويات التشغيلية,عهدة السائق,Driver Custody,ويب الإدارة (Admin Web),P1,رصيد ما في عهدة السائق من نقد/مستندات.,الملخص (Summary) | المعاملات (Transactions) | المدفوعات (Payments) | المستندات (Documents) | الفروقات (Variances) | التدقيق (Audit),رقم المستند (Document No) | الطرف (Party) | السائق/الوكيل (Driver/Agent) | الفرع (Branch) | العملة (Currency) | المبلغ (Amount) | المودع (Deposited) | الفرق (Variance) | الحالة (Status),المرجع (Reference) | النوع (Type) | المبلغ (Amount) | طريقة الدفع (Payment Method) | الحالة (Status),إنشاء (Create) | حساب (Calculate) | إعادة حساب (Recalculate) | اعتماد (Approve) | توريد (Deposit) | دفع (Pay) | إلغاء/عكس (Cancel/Reverse),Open → Calculated → In Review → Approved → Paid/Deposited → Settled,FIN-004.View | FIN-004.Act,Payments | PaymentAllocations | CashCollections | DriverCustodies | DriverSettlements | AgentSettlements | Refunds,"R13,R14,R15",,,RETAIN_AND_NORMALIZE,NO,السجل القديم محفوظ كما هو.
U-SCR-169,FIN-005,FIN,التحصيل والتسويات التشغيلية,توريد السائق,Driver Handover,ويب الإدارة (Admin Web),P1,توريد النقد/الشيكات للفرع أو الصندوق.,الملخص (Summary) | المعاملات (Transactions) | المدفوعات (Payments) | المستندات (Documents) | الفروقات (Variances) | التدقيق (Audit),رقم المستند (Document No) | الطرف (Party) | السائق/الوكيل (Driver/Agent) | الفرع (Branch) | العملة (Currency) | المبلغ (Amount) | المودع (Deposited) | الفرق (Variance) | الحالة (Status),المرجع (Reference) | النوع (Type) | المبلغ (Amount) | طريقة الدفع (Payment Method) | الحالة (Status),إنشاء (Create) | حساب (Calculate) | إعادة حساب (Recalculate) | اعتماد (Approve) | توريد (Deposit) | دفع (Pay) | إلغاء/عكس (Cancel/Reverse),Open → Calculated → In Review → Approved → Paid/Deposited → Settled,FIN-005.View | FIN-005.Act,Payments | PaymentAllocations | CashCollections | DriverCustodies | DriverSettlements | AgentSettlements | Refunds,"R13,R14,R15",,,RETAIN_AND_NORMALIZE,NO,السجل القديم محفوظ كما هو.
U-SCR-170,FIN-006,FIN,التحصيل والتسويات التشغيلية,تسوية السائق,Driver Settlement,ويب الإدارة (Admin Web),P1,مطابقة المشاوير/التوصيلات/الرحلات/الوقود/البدلات والتوريد.,الملخص (Summary) | الرحلات/المهام (Trips & Tasks) | العمولات والمستحقات (Commissions & Earnings) | التحصيل والعهدة (Collections & Custody) | الوقود/البدلات (Fuel & Allowances) | الفروقات (Variances) | المحاسبة (Accounting) | الاعتماد (Approval) | التدقيق (Audit),السائق (Driver) | فترة التسوية (Settlement Period) | الرحلات (Trips) | إجمالي المستحقات (Gross Earnings) | التحصيل بعهدة السائق (Driver Custody) | التوريدات (Handovers) | الوقود/البدلات (Fuel/Allowances) | الخصومات (Deductions) | صافي المستحق (Net Due) | الحالة (Status),المرجع (Reference) | النوع (Type) | المبلغ (Amount) | طريقة الدفع (Payment Method) | الحالة (Status),إنشاء (Create) | حساب (Calculate) | إعادة حساب (Recalculate) | اعتماد (Approve) | توريد (Deposit) | دفع (Pay) | إلغاء/عكس (Cancel/Reverse),Open → Calculated → In Review → Approved → Paid/Deposited → Settled,FIN-006.View | FIN-006.Act,DriverSettlements | DriverSettlementLines | CommissionAccruals | DriverCustodies | CashCollections | Payments | FreightTrips,"R13,R14,R15",,,RETAIN_AND_NORMALIZE,NO,السجل القديم محفوظ كما هو.
U-SCR-171,FIN-007,FIN,التحصيل والتسويات التشغيلية,تسوية المركبة/الرحلة,Vehicle / Trip Settlement,ويب الإدارة (Admin Web),P1,تكاليف وإيرادات الرحلة والمركبة.,الملخص (Summary) | إيرادات الرحلة (Trip Revenue) | تكاليف الرحلة (Trip Costs) | مستحق السائق (Driver Earnings) | مستحق المركبة/الناقل (Vehicle/Carrier Earnings) | المكتب والمندوب (Office & Representative) | وقود/طرق/مصروفات (Fuel/Tolls/Expenses) | الفروقات (Variances) | المحاسبة (Accounting) | الاعتماد (Approval) | التدقيق (Audit),الرحلة (Freight Trip) | المانيفست (Manifest) | إجمالي الإيراد المخصص للرحلة (Allocated Trip Revenue) | الوزن المنقول (Moved Weight) | المسافة (Distance) | مستحق السائق (Driver Earnings) | مستحق المركبة/الناقل (Vehicle/Carrier Earnings) | عمولات المكتب والمندوب (Office/Representative Commissions) | التكاليف الأخرى (Other Costs) | صافي نتيجة الرحلة (Trip Net Result) | الحالة (Status),المرجع (Reference) | النوع (Type) | المبلغ (Amount) | طريقة الدفع (Payment Method) | الحالة (Status),إنشاء (Create) | حساب (Calculate) | إعادة حساب (Recalculate) | اعتماد (Approve) | توريد (Deposit) | دفع (Pay) | إلغاء/عكس (Cancel/Reverse),Open → Calculated → In Review → Approved → Paid/Deposited → Settled,FIN-007.View | FIN-007.Act,TripSettlements | TripSettlementLines | CommissionAccruals | FreightTrips | FreightManifests | FreightManifestItems,"R13,R14,R15",,,RETAIN_AND_NORMALIZE,NO,السجل القديم محفوظ كما هو.
U-SCR-172,FIN-008,FIN,التحصيل والتسويات التشغيلية,تسوية الوكيل,Agent Settlement,ويب الإدارة (Admin Web),P1,مبيعات التذاكر/العمولات/الإيداعات للوكلاء.,الملخص (Summary) | المعاملات (Transactions) | المدفوعات (Payments) | المستندات (Documents) | الفروقات (Variances) | التدقيق (Audit),رقم المستند (Document No) | الطرف (Party) | السائق/الوكيل (Driver/Agent) | الفرع (Branch) | العملة (Currency) | المبلغ (Amount) | المودع (Deposited) | الفرق (Variance) | الحالة (Status),المرجع (Reference) | النوع (Type) | المبلغ (Amount) | طريقة الدفع (Payment Method) | الحالة (Status),إنشاء (Create) | حساب (Calculate) | إعادة حساب (Recalculate) | اعتماد (Approve) | توريد (Deposit) | دفع (Pay) | إلغاء/عكس (Cancel/Reverse),Open → Calculated → In Review → Approved → Paid/Deposited → Settled,FIN-008.View | FIN-008.Act,Payments | PaymentAllocations | CashCollections | DriverCustodies | DriverSettlements | AgentSettlements | Refunds,"R13,R14,R15",,,RETAIN_AND_NORMALIZE,NO,السجل القديم محفوظ كما هو.
U-SCR-173,FIN-009,FIN,التحصيل والتسويات التشغيلية,تسوية وردية التذاكر,Ticket Shift Settlement,ويب الإدارة (Admin Web),P1,إغلاق وردية الكاشير ومطابقة الفروقات.,الملخص (Summary) | المعاملات (Transactions) | المدفوعات (Payments) | المستندات (Documents) | الفروقات (Variances) | التدقيق (Audit),رقم المستند (Document No) | الطرف (Party) | السائق/الوكيل (Driver/Agent) | الفرع (Branch) | العملة (Currency) | المبلغ (Amount) | المودع (Deposited) | الفرق (Variance) | الحالة (Status),المرجع (Reference) | النوع (Type) | المبلغ (Amount) | طريقة الدفع (Payment Method) | الحالة (Status),إنشاء (Create) | حساب (Calculate) | إعادة حساب (Recalculate) | اعتماد (Approve) | توريد (Deposit) | دفع (Pay) | إلغاء/عكس (Cancel/Reverse),Open → Calculated → In Review → Approved → Paid/Deposited → Settled,FIN-009.View | FIN-009.Act,Payments | PaymentAllocations | CashCollections | DriverCustodies | DriverSettlements | AgentSettlements | Refunds,"R13,R14,R15",,,RETAIN_AND_NORMALIZE,NO,السجل القديم محفوظ كما هو.
U-SCR-174,FIN-010,FIN,التحصيل والتسويات التشغيلية,فواتير عملاء الأعمال,Business Customer Invoices,ويب الإدارة (Admin Web),P1,فوترة مجمعة للخدمات والتذاكر.,الملخص (Summary) | المعاملات (Transactions) | المدفوعات (Payments) | المستندات (Documents) | الفروقات (Variances) | التدقيق (Audit),رقم المستند (Document No) | الطرف (Party) | السائق/الوكيل (Driver/Agent) | الفرع (Branch) | العملة (Currency) | المبلغ (Amount) | المودع (Deposited) | الفرق (Variance) | الحالة (Status),المرجع (Reference) | النوع (Type) | المبلغ (Amount) | طريقة الدفع (Payment Method) | الحالة (Status),إنشاء (Create) | حساب (Calculate) | إعادة حساب (Recalculate) | اعتماد (Approve) | توريد (Deposit) | دفع (Pay) | إلغاء/عكس (Cancel/Reverse),Open → Calculated → In Review → Approved → Paid/Deposited → Settled,FIN-010.View | FIN-010.Act,Payments | PaymentAllocations | CashCollections | DriverCustodies | DriverSettlements | AgentSettlements | Refunds,"R13,R14,R15",,,RETAIN_AND_NORMALIZE,NO,السجل القديم محفوظ كما هو.
U-SCR-175,FIN-011,FIN,التحصيل والتسويات التشغيلية,مدفوعات الناقلين,Carrier Payables,ويب الإدارة (Admin Web),P1,مستحقات الناقل الخارجي.,الملخص (Summary) | المعاملات (Transactions) | المدفوعات (Payments) | المستندات (Documents) | الفروقات (Variances) | التدقيق (Audit),رقم المستند (Document No) | الطرف (Party) | السائق/الوكيل (Driver/Agent) | الفرع (Branch) | العملة (Currency) | المبلغ (Amount) | المودع (Deposited) | الفرق (Variance) | الحالة (Status),المرجع (Reference) | النوع (Type) | المبلغ (Amount) | طريقة الدفع (Payment Method) | الحالة (Status),إنشاء (Create) | حساب (Calculate) | إعادة حساب (Recalculate) | اعتماد (Approve) | توريد (Deposit) | دفع (Pay) | إلغاء/عكس (Cancel/Reverse),Open → Calculated → In Review → Approved → Paid/Deposited → Settled,FIN-011.View | FIN-011.Act,Payments | PaymentAllocations | CashCollections | DriverCustodies | DriverSettlements | AgentSettlements | Refunds,"R13,R14,R15",,,RETAIN_AND_NORMALIZE,NO,السجل القديم محفوظ كما هو.
U-SCR-176,FIN-012,FIN,التحصيل والتسويات التشغيلية,تخصيص المدفوعات للخدمات,Payment Allocation,ويب الإدارة (Admin Web),P1,تخصيص دفعة إلى طلب/بوليصة/تذكرة/فاتورة.,الملخص (Summary) | المعاملات (Transactions) | المدفوعات (Payments) | المستندات (Documents) | الفروقات (Variances) | التدقيق (Audit),رقم المستند (Document No) | الطرف (Party) | السائق/الوكيل (Driver/Agent) | الفرع (Branch) | العملة (Currency) | المبلغ (Amount) | المودع (Deposited) | الفرق (Variance) | الحالة (Status),المرجع (Reference) | النوع (Type) | المبلغ (Amount) | طريقة الدفع (Payment Method) | الحالة (Status),إنشاء (Create) | حساب (Calculate) | إعادة حساب (Recalculate) | اعتماد (Approve) | توريد (Deposit) | دفع (Pay) | إلغاء/عكس (Cancel/Reverse),Open → Calculated → In Review → Approved → Paid/Deposited → Settled,FIN-012.View | FIN-012.Act,Payments | PaymentAllocations | CashCollections | DriverCustodies | DriverSettlements | AgentSettlements | Refunds,"R13,R14,R15",,,RETAIN_AND_NORMALIZE,NO,السجل القديم محفوظ كما هو.
U-SCR-177,FIN-013,FIN,التحصيل والتسويات التشغيلية,استرداد التذاكر والخدمات,Refunds,ويب الإدارة (Admin Web),P1,إدارة رد الأموال ورسوم الإلغاء.,الملخص (Summary) | المعاملات (Transactions) | المدفوعات (Payments) | المستندات (Documents) | الفروقات (Variances) | التدقيق (Audit),رقم المستند (Document No) | الطرف (Party) | السائق/الوكيل (Driver/Agent) | الفرع (Branch) | العملة (Currency) | المبلغ (Amount) | المودع (Deposited) | الفرق (Variance) | الحالة (Status),المرجع (Reference) | النوع (Type) | المبلغ (Amount) | طريقة الدفع (Payment Method) | الحالة (Status),إنشاء (Create) | حساب (Calculate) | إعادة حساب (Recalculate) | اعتماد (Approve) | توريد (Deposit) | دفع (Pay) | إلغاء/عكس (Cancel/Reverse),Open → Calculated → In Review → Approved → Paid/Deposited → Settled,FIN-013.View | FIN-013.Act,Payments | PaymentAllocations | CashCollections | DriverCustodies | DriverSettlements | AgentSettlements | Refunds,"R13,R14,R15",,,RETAIN_AND_NORMALIZE,NO,السجل القديم محفوظ كما هو.
U-SCR-178,FIN-014,FIN,التحصيل والتسويات التشغيلية,مركز الفروقات المالية,Financial Exceptions,ويب الإدارة (Admin Web),P1,فروقات نقدية وتسويات معلقة وأخطاء دفع.,الملخص (Summary) | المعاملات (Transactions) | المدفوعات (Payments) | المستندات (Documents) | الفروقات (Variances) | التدقيق (Audit),رقم المستند (Document No) | الطرف (Party) | السائق/الوكيل (Driver/Agent) | الفرع (Branch) | العملة (Currency) | المبلغ (Amount) | المودع (Deposited) | الفرق (Variance) | الحالة (Status),المرجع (Reference) | النوع (Type) | المبلغ (Amount) | طريقة الدفع (Payment Method) | الحالة (Status),إنشاء (Create) | حساب (Calculate) | إعادة حساب (Recalculate) | اعتماد (Approve) | توريد (Deposit) | دفع (Pay) | إلغاء/عكس (Cancel/Reverse),Open → Calculated → In Review → Approved → Paid/Deposited → Settled,FIN-014.View | FIN-014.Act,Payments | PaymentAllocations | CashCollections | DriverCustodies | DriverSettlements | AgentSettlements | Refunds,"R13,R14,R15",,,RETAIN_AND_NORMALIZE,NO,السجل القديم محفوظ كما هو.
U-SCR-179,FIN-015,FIN,التحصيل والتسويات التشغيلية,قواعد العمولات,Commission Rules,ويب الإدارة (Admin Web),P1,تعريف قواعد العمولات حسب الخدمة والحدث والمستفيد وطريقة وأساس الحساب.,القاعدة (Rule) | النطاق (Scope) | المستفيد (Beneficiary) | طريقة الحساب (Method) | أساس الحساب (Calculation Base) | حدث الاستحقاق (Trigger Event) | السريان (Effective Dates) | الموافقات (Approval) | التدقيق (Audit),رمز القاعدة (Rule Code) | الخدمة/نوع النقل (Service / Transport Type) | المستفيد (Beneficiary Type) | طريقة الحساب (Calculation Method) | أساس الحساب (Calculation Base) | النسبة (Percentage Rate) | المبلغ الثابت (Fixed Amount) | سعر الوحدة (Unit Rate) | العملة (Currency) | حدث الاستحقاق (Trigger Event) | من تاريخ (Effective From) | إلى تاريخ (Effective To) | الحالة (Status),القاعدة (Rule) | المستفيد (Beneficiary) | الطريقة (Method) | الأساس (Base) | القيمة (Rate/Amount) | الحدث (Trigger) | السريان (Effective) | الحالة (Status),جديد (New) | حفظ (Save) | نسخ قاعدة (Clone) | اختبار احتساب (Test Calculation) | تفعيل/تعطيل (Enable/Disable) | طلب اعتماد (Request Approval) | اعتماد (Approve),Draft → Validate → Approval when required → Active → Superseded/Disabled؛ لا تعاد كتابة النتائج التاريخية عند تغير القاعدة.,FIN-015.View | FIN-015.Act,CommissionRules | CommissionRuleScopes | ApprovalActions | AuditLogs,"R13,R14,R15",,,RETAIN_AND_NORMALIZE,NO,السجل القديم محفوظ كما هو.
U-SCR-180,FIN-016,FIN,التحصيل والتسويات التشغيلية,احتساب عمولات الرحلة,Trip Commission Calculation,ويب الإدارة (Admin Web),P1,احتساب مستحقات الرحلة من المانيفست/الكشف الفعلي مع توزيعها حسب السائق والمركبة والمكتب والمندوب.,الرحلة والمانيفست (Trip & Manifest) | الإيراد/الأساس (Revenue & Basis) | المستفيدون (Beneficiaries) | نتائج الاحتساب (Calculation Results) | الفروقات/التعديلات (Adjustments) | Snapshot (Historical Snapshot) | التدقيق (Audit),الرحلة (Trip) | المانيفست (Manifest) | البوليصة/الصنف (Waybill/Item) | الإيراد المخصص (Allocated Revenue) | الوزن (Weight) | المسافة (Distance) | القطع (Pieces) | المستفيد (Beneficiary) | القاعدة (Commission Rule) | المبلغ المحتسب (Calculated Amount) | الحالة (Status),البوليصة/الصنف (Waybill/Item) | المستفيد (Beneficiary) | طريقة الحساب (Method) | الأساس (Base Value) | النسبة/السعر (Rate) | المبلغ (Amount) | الحالة (Status),احتساب (Calculate) | إعادة احتساب قبل الاعتماد (Recalculate Before Approval) | إضافة تعديل (Add Adjustment) | مراجعة (Review) | طلب اعتماد (Request Approval),Completed/eligible trip work → Calculate from manifest/actual allocation → Review/Adjust → Approval → Freeze Snapshot → Feed settlements.,FIN-016.View | FIN-016.Act,CommissionAccruals | CommissionRules | TripSettlements | FreightTrips | FreightManifests | FreightManifestItems | ShipmentSplits,"R13,R14,R15",,,RETAIN_AND_NORMALIZE,NO,السجل القديم محفوظ كما هو.
U-SCR-181,FIN-017,FIN,التحصيل والتسويات التشغيلية,مستحقات السائق,Driver Earnings,ويب الإدارة (Admin Web),P1,عرض تفاصيل مستحقات السائق الناتجة من الرحلات والخدمات قبل إدخالها في التسوية النهائية.,الملخص (Summary) | حسب الرحلة (By Trip) | حسب البوليصة/الصنف (By Waybill/Item) | التعديلات (Adjustments) | التسوية (Settlement) | التدقيق (Audit),السائق (Driver) | الفترة (Period) | عدد الرحلات (Trip Count) | إجمالي الأساس (Basis Total) | إجمالي المستحق (Gross Earnings) | التعديلات (Adjustments) | المسوى (Settled) | المتبقي (Outstanding),المرجع (Reference) | النوع (Type) | المبلغ (Amount) | طريقة الدفع (Payment Method) | الحالة (Status),إنشاء (Create) | حساب (Calculate) | إعادة حساب (Recalculate) | اعتماد (Approve) | توريد (Deposit) | دفع (Pay) | إلغاء/عكس (Cancel/Reverse),Open → Calculated → In Review → Approved → Paid/Deposited → Settled,FIN-017.View | FIN-017.Act,CommissionAccruals | DriverSettlements | DriverSettlementLines | FreightTrips,"R13,R14,R15",,,RETAIN_AND_NORMALIZE,NO,السجل القديم محفوظ كما هو.
U-SCR-182,FIN-018,FIN,التحصيل والتسويات التشغيلية,مستحقات المركبة/الناقل,Vehicle / Carrier Earnings,ويب الإدارة (Admin Web),P1,احتساب وعرض مستحق المركبة المملوكة أو الناقل الخارجي حسب الرحلة وقاعدة العمولة.,الملخص (Summary) | حسب الرحلة (By Trip) | المركبة/الناقل (Vehicle/Carrier) | الوقود/التكلفة (Fuel & Costs) | التعديلات (Adjustments) | التسوية (Settlement) | التدقيق (Audit),المركبة/الناقل (Vehicle/Carrier) | الفترة (Period) | الرحلات (Trips) | الوزن (Weight) | المسافة (Distance) | إجمالي المستحق (Gross Earnings) | التعديلات (Adjustments) | المسوى (Settled) | المتبقي (Outstanding),المرجع (Reference) | النوع (Type) | المبلغ (Amount) | طريقة الدفع (Payment Method) | الحالة (Status),إنشاء (Create) | حساب (Calculate) | إعادة حساب (Recalculate) | اعتماد (Approve) | توريد (Deposit) | دفع (Pay) | إلغاء/عكس (Cancel/Reverse),Open → Calculated → In Review → Approved → Paid/Deposited → Settled,FIN-018.View | FIN-018.Act,CommissionAccruals | TripSettlements | TripSettlementLines | Vehicles | Carriers | FreightTrips,"R13,R14,R15",,,RETAIN_AND_NORMALIZE,NO,السجل القديم محفوظ كما هو.
U-SCR-183,FIN-019,FIN,التحصيل والتسويات التشغيلية,عمولات المكتب والمندوب,Office & Representative Commissions,ويب الإدارة (Admin Web),P1,احتساب عمولة المكتب والمندوب حسب حدث الاستحقاق مثل إصدار البوليصة أو التحصيل أو التسليم دون تكرارها مع تعدد الرحلات.,المكتب/المندوب (Office/Representative) | مصدر الاستحقاق (Trigger Source) | البوالص/الخدمات (Waybills/Services) | التحصيل (Collection) | التسليم (Delivery) | النتائج (Results) | التسوية (Settlement) | التدقيق (Audit),المستفيد (Beneficiary) | نوع المستفيد (Beneficiary Type) | حدث الاستحقاق (Trigger Event) | البوليصة/الطلب (Waybill/Order) | المبلغ الأساس (Base Amount) | النسبة/القيمة (Rate/Amount) | العمولة (Commission Amount) | الحالة (Status),المرجع (Reference) | النوع (Type) | المبلغ (Amount) | طريقة الدفع (Payment Method) | الحالة (Status),إنشاء (Create) | حساب (Calculate) | إعادة حساب (Recalculate) | اعتماد (Approve) | توريد (Deposit) | دفع (Pay) | إلغاء/عكس (Cancel/Reverse),Open → Calculated → In Review → Approved → Paid/Deposited → Settled,FIN-019.View | FIN-019.Act,CommissionAccruals | CommissionRules | Parties | Branches | Waybills | Payments | TripSettlements,"R13,R14,R15",,,RETAIN_AND_NORMALIZE,NO,السجل القديم محفوظ كما هو.
U-SCR-184,FIN-020,FIN,التحصيل والتسويات التشغيلية,مراجعة واعتماد العمولات,Commission Review & Approval,ويب الإدارة (Admin Web),P1,مراجعة نتائج الاحتساب والفروقات ثم اعتمادها وتجميد لقطة القاعدة والمبلغ تاريخيًا.,بانتظار المراجعة (Pending Review) | الفروقات (Variances) | التعديلات (Adjustments) | المعتمد (Approved) | المرفوض (Rejected) | السجل (Audit),مرجع الاحتساب (Calculation Reference) | المستفيد (Beneficiary) | الرحلة/البوليصة (Trip/Waybill) | المبلغ المحتسب (Calculated Amount) | المبلغ المعدل (Adjusted Amount) | سبب التعديل (Adjustment Reason) | الحالة (Status),المرجع (Reference) | النوع (Type) | المبلغ (Amount) | طريقة الدفع (Payment Method) | الحالة (Status),فتح (Open) | إعادة احتساب قبل الاعتماد (Recalculate) | تعديل مع سبب (Adjust with Reason) | اعتماد (Approve) | رفض (Reject) | إرجاع للمراجعة (Return to Review),Calculated → In Review → Approved/Rejected/Returned → Snapshot Locked → Settlement.,FIN-020.View | FIN-020.Act,CommissionAccruals | CommissionRules | ApprovalActions | AuditLogs,"R13,R14,R15",,,RETAIN_AND_NORMALIZE,NO,السجل القديم محفوظ كما هو.
U-SCR-185,MOC-001,MOC,تطبيق العميل,الرئيسية والخدمات,Customer Home & Services,تطبيق العميل (Customer App),P0,اختيار مشوار/توصيل/نقل/سفر.,واجهة جوال واحدة (Single Mobile View),المستخدم (User) | الخدمة (Service) | الموقع (Location) | المرجع (Reference) | الحالة (Status),N/A,متابعة (Continue) | تأكيد (Confirm) | دفع (Pay) | تتبع (Track) | إلغاء (Cancel),Customer self-service flow,MOC-001.Use,Users | Parties | RideOrders | DeliveryOrders | TransportOrders | Bookings,"R21,R23,R42",,,RETAIN_AND_NORMALIZE,NO,السجل القديم محفوظ كما هو.
U-SCR-186,MOC-002,MOC,تطبيق العميل,طلب مشوار,Book a Ride,تطبيق العميل (Customer App),P0,حجز مشوار فوري أو مجدول.,واجهة جوال واحدة (Single Mobile View),المستخدم (User) | الخدمة (Service) | الموقع (Location) | المرجع (Reference) | الحالة (Status),N/A,متابعة (Continue) | تأكيد (Confirm) | دفع (Pay) | تتبع (Track) | إلغاء (Cancel),Customer self-service flow,MOC-002.Use,Users | Parties | RideOrders | DeliveryOrders | TransportOrders | Bookings,"R21,R23,R42",,,RETAIN_AND_NORMALIZE,NO,السجل القديم محفوظ كما هو.
U-SCR-187,MOC-003,MOC,تطبيق العميل,طلب توصيل/نقل,Book Delivery / Transport,تطبيق العميل (Customer App),P0,إنشاء طلب توصيل أو نقل واختيار المركبة.,واجهة جوال واحدة (Single Mobile View),المستخدم (User) | الخدمة (Service) | الموقع (Location) | المرجع (Reference) | الحالة (Status),N/A,متابعة (Continue) | تأكيد (Confirm) | دفع (Pay) | تتبع (Track) | إلغاء (Cancel),Customer self-service flow,MOC-003.Use,Users | Parties | RideOrders | DeliveryOrders | TransportOrders | Bookings,"R21,R23,R42",,,RETAIN_AND_NORMALIZE,NO,السجل القديم محفوظ كما هو.
U-SCR-188,MOC-004,MOC,تطبيق العميل,البحث عن سفر,Search Travel,تطبيق العميل (Customer App),P0,البحث عن خطوط وجداول السفر.,واجهة جوال واحدة (Single Mobile View),المستخدم (User) | الخدمة (Service) | الموقع (Location) | المرجع (Reference) | الحالة (Status),N/A,متابعة (Continue) | تأكيد (Confirm) | دفع (Pay) | تتبع (Track) | إلغاء (Cancel),Customer self-service flow,MOC-004.Use,Users | Parties | RideOrders | DeliveryOrders | TransportOrders | Bookings,"R21,R23,R42",,,RETAIN_AND_NORMALIZE,NO,السجل القديم محفوظ كما هو.
U-SCR-189,MOC-005,MOC,تطبيق العميل,اختيار الرحلة والمقعد,Select Trip & Seat,تطبيق العميل (Customer App),P0,اختيار الرحلة وفئة السعر والمقعد.,واجهة جوال واحدة (Single Mobile View),المستخدم (User) | الخدمة (Service) | الموقع (Location) | المرجع (Reference) | الحالة (Status),N/A,متابعة (Continue) | تأكيد (Confirm) | دفع (Pay) | تتبع (Track) | إلغاء (Cancel),Customer self-service flow,MOC-005.Use,Users | Parties | RideOrders | DeliveryOrders | TransportOrders | Bookings,"R21,R23,R42",,,RETAIN_AND_NORMALIZE,NO,السجل القديم محفوظ كما هو.
U-SCR-190,MOC-006,MOC,تطبيق العميل,الدفع,Checkout & Payment,تطبيق العميل (Customer App),P0,الدفع للخدمات والتذاكر.,واجهة جوال واحدة (Single Mobile View),المستخدم (User) | الخدمة (Service) | الموقع (Location) | المرجع (Reference) | الحالة (Status),N/A,متابعة (Continue) | تأكيد (Confirm) | دفع (Pay) | تتبع (Track) | إلغاء (Cancel),Customer self-service flow,MOC-006.Use,Users | Parties | RideOrders | DeliveryOrders | TransportOrders | Bookings,"R21,R23,R42",,,RETAIN_AND_NORMALIZE,NO,السجل القديم محفوظ كما هو.
U-SCR-191,MOC-007,MOC,تطبيق العميل,طلباتي وحجوزاتي,My Orders & Bookings,تطبيق العميل (Customer App),P0,عرض تاريخ الطلبات والحجوزات.,واجهة جوال واحدة (Single Mobile View),المستخدم (User) | الخدمة (Service) | الموقع (Location) | المرجع (Reference) | الحالة (Status),N/A,متابعة (Continue) | تأكيد (Confirm) | دفع (Pay) | تتبع (Track) | إلغاء (Cancel),Customer self-service flow,MOC-007.Use,Users | Parties | RideOrders | DeliveryOrders | TransportOrders | Bookings,"R21,R23,R42",,,RETAIN_AND_NORMALIZE,NO,السجل القديم محفوظ كما هو.
U-SCR-192,MOC-008,MOC,تطبيق العميل,التتبع الحي,Live Tracking,تطبيق العميل (Customer App),P0,تتبع السائق/الحافلة/الشحنة.,واجهة جوال واحدة (Single Mobile View),المستخدم (User) | الخدمة (Service) | الموقع (Location) | المرجع (Reference) | الحالة (Status),N/A,متابعة (Continue) | تأكيد (Confirm) | دفع (Pay) | تتبع (Track) | إلغاء (Cancel),Customer self-service flow,MOC-008.Use,Users | Parties | RideOrders | DeliveryOrders | TransportOrders | Bookings,"R21,R23,R42",,,RETAIN_AND_NORMALIZE,NO,السجل القديم محفوظ كما هو.
U-SCR-193,MOC-009,MOC,تطبيق العميل,تذاكري,My Tickets,تطبيق العميل (Customer App),P0,QR والتفاصيل والتغيير والإلغاء إن سمح.,واجهة جوال واحدة (Single Mobile View),المستخدم (User) | الخدمة (Service) | الموقع (Location) | المرجع (Reference) | الحالة (Status),N/A,متابعة (Continue) | تأكيد (Confirm) | دفع (Pay) | تتبع (Track) | إلغاء (Cancel),Customer self-service flow,MOC-009.Use,Users | Parties | RideOrders | DeliveryOrders | TransportOrders | Bookings,"R21,R23,R42",,,RETAIN_AND_NORMALIZE,NO,السجل القديم محفوظ كما هو.
U-SCR-194,MOC-010,MOC,تطبيق العميل,العناوين المحفوظة,Saved Addresses,تطبيق العميل (Customer App),P0,إدارة العناوين.,واجهة جوال واحدة (Single Mobile View),المستخدم (User) | الخدمة (Service) | الموقع (Location) | المرجع (Reference) | الحالة (Status),N/A,متابعة (Continue) | تأكيد (Confirm) | دفع (Pay) | تتبع (Track) | إلغاء (Cancel),Customer self-service flow,MOC-010.Use,Users | Parties | RideOrders | DeliveryOrders | TransportOrders | Bookings,"R21,R23,R42",,,RETAIN_AND_NORMALIZE,NO,السجل القديم محفوظ كما هو.
U-SCR-195,MOC-011,MOC,تطبيق العميل,المحفظة وطرق الدفع,Wallet & Payment Methods,تطبيق العميل (Customer App),P0,البطاقات/المحفظة/الرصيد.,واجهة جوال واحدة (Single Mobile View),المستخدم (User) | الخدمة (Service) | الموقع (Location) | المرجع (Reference) | الحالة (Status),N/A,متابعة (Continue) | تأكيد (Confirm) | دفع (Pay) | تتبع (Track) | إلغاء (Cancel),Customer self-service flow,MOC-011.Use,Users | Parties | RideOrders | DeliveryOrders | TransportOrders | Bookings,"R21,R23,R42",,,RETAIN_AND_NORMALIZE,NO,السجل القديم محفوظ كما هو.
U-SCR-196,MOC-012,MOC,تطبيق العميل,الإشعارات والدعم,Notifications & Support,تطبيق العميل (Customer App),P0,التنبيهات والمحادثة والشكاوى.,واجهة جوال واحدة (Single Mobile View),المستخدم (User) | الخدمة (Service) | الموقع (Location) | المرجع (Reference) | الحالة (Status),N/A,متابعة (Continue) | تأكيد (Confirm) | دفع (Pay) | تتبع (Track) | إلغاء (Cancel),Customer self-service flow,MOC-012.Use,Users | Parties | RideOrders | DeliveryOrders | TransportOrders | Bookings,"R21,R23,R42",,,RETAIN_AND_NORMALIZE,NO,السجل القديم محفوظ كما هو.
U-SCR-197,MOD-001,MOD,تطبيق السائق,تسجيل/تفعيل السائق,Driver Onboarding,تطبيق السائق (Driver App),P0,تسجيل السائق والتحقق والمستندات والاعتماد.,واجهة جوال واحدة (Single Mobile View),السائق (Driver) | المهمة/الرحلة (Task/Trip) | الموقع (Location) | الوقت (Time) | الحالة (Status),N/A,قبول (Accept) | بدء (Start) | ملاحة (Navigate) | وصول (Arrive) | مسح (Scan) | إكمال (Complete) | فشل (Fail) | توريد (Handover),Assigned → Accepted → Started → Arrived → Completed/Exception → Settlement,MOD-001.Use,Drivers | Routes | DeliveryTasks | PassengerTrips | Tickets | ProofOfDelivery | CashCollections,"R04,R27,R29,R31,R41",,,RETAIN_AND_NORMALIZE,NO,السجل القديم محفوظ كما هو.
U-SCR-198,MOD-002,MOD,تطبيق السائق,الرئيسية/الوردية,Driver Home / Shift,تطبيق السائق (Driver App),P0,بدء الوردية والحالة On Duty/Off Duty.,واجهة جوال واحدة (Single Mobile View),السائق (Driver) | المهمة/الرحلة (Task/Trip) | الموقع (Location) | الوقت (Time) | الحالة (Status),N/A,قبول (Accept) | بدء (Start) | ملاحة (Navigate) | وصول (Arrive) | مسح (Scan) | إكمال (Complete) | فشل (Fail) | توريد (Handover),Assigned → Accepted → Started → Arrived → Completed/Exception → Settlement,MOD-002.Use,Drivers | Routes | DeliveryTasks | PassengerTrips | Tickets | ProofOfDelivery | CashCollections,"R04,R27,R29,R31,R41",,,RETAIN_AND_NORMALIZE,NO,السجل القديم محفوظ كما هو.
U-SCR-199,MOD-003,MOD,تطبيق السائق,المهام والمسارات,Tasks & Routes,تطبيق السائق (Driver App),P0,المشاوير والتوصيلات والمسارات المسندة.,واجهة جوال واحدة (Single Mobile View),السائق (Driver) | المهمة/الرحلة (Task/Trip) | الموقع (Location) | الوقت (Time) | الحالة (Status),N/A,قبول (Accept) | بدء (Start) | ملاحة (Navigate) | وصول (Arrive) | مسح (Scan) | إكمال (Complete) | فشل (Fail) | توريد (Handover),Assigned → Accepted → Started → Arrived → Completed/Exception → Settlement,MOD-003.Use,Drivers | Routes | DeliveryTasks | PassengerTrips | Tickets | ProofOfDelivery | CashCollections,"R04,R27,R29,R31,R41",,,RETAIN_AND_NORMALIZE,NO,السجل القديم محفوظ كما هو.
U-SCR-200,MOD-004,MOD,تطبيق السائق,تفاصيل المهمة,Task Details,تطبيق السائق (Driver App),P0,معلومات العميل والموقع والتعليمات والطرود.,واجهة جوال واحدة (Single Mobile View),السائق (Driver) | المهمة/الرحلة (Task/Trip) | الموقع (Location) | الوقت (Time) | الحالة (Status),N/A,قبول (Accept) | بدء (Start) | ملاحة (Navigate) | وصول (Arrive) | مسح (Scan) | إكمال (Complete) | فشل (Fail) | توريد (Handover),Assigned → Accepted → Started → Arrived → Completed/Exception → Settlement,MOD-004.Use,Drivers | Routes | DeliveryTasks | PassengerTrips | Tickets | ProofOfDelivery | CashCollections,"R04,R27,R29,R31,R41",,,RETAIN_AND_NORMALIZE,NO,السجل القديم محفوظ كما هو.
U-SCR-201,MOD-005,MOD,تطبيق السائق,الملاحة,Navigation,تطبيق السائق (Driver App),P0,فتح الملاحة المناسبة للمركبة.,واجهة جوال واحدة (Single Mobile View),السائق (Driver) | المهمة/الرحلة (Task/Trip) | الموقع (Location) | الوقت (Time) | الحالة (Status),N/A,قبول (Accept) | بدء (Start) | ملاحة (Navigate) | وصول (Arrive) | مسح (Scan) | إكمال (Complete) | فشل (Fail) | توريد (Handover),Assigned → Accepted → Started → Arrived → Completed/Exception → Settlement,MOD-005.Use,Drivers | Routes | DeliveryTasks | PassengerTrips | Tickets | ProofOfDelivery | CashCollections,"R04,R27,R29,R31,R41",,,RETAIN_AND_NORMALIZE,NO,السجل القديم محفوظ كما هو.
U-SCR-202,MOD-006,MOD,تطبيق السائق,الوصول والاستلام,Arrive & Pickup,تطبيق السائق (Driver App),P0,تأكيد الوصول والاستلام والمسح.,واجهة جوال واحدة (Single Mobile View),السائق (Driver) | المهمة/الرحلة (Task/Trip) | الموقع (Location) | الوقت (Time) | الحالة (Status),N/A,قبول (Accept) | بدء (Start) | ملاحة (Navigate) | وصول (Arrive) | مسح (Scan) | إكمال (Complete) | فشل (Fail) | توريد (Handover),Assigned → Accepted → Started → Arrived → Completed/Exception → Settlement,MOD-006.Use,Drivers | Routes | DeliveryTasks | PassengerTrips | Tickets | ProofOfDelivery | CashCollections,"R04,R27,R29,R31,R41",,,RETAIN_AND_NORMALIZE,NO,السجل القديم محفوظ كما هو.
U-SCR-203,MOD-007,MOD,تطبيق السائق,التسليم وإثباته,Delivery & POD,تطبيق السائق (Driver App),P0,صورة/توقيع/باركود/ملاحظات.,واجهة جوال واحدة (Single Mobile View),السائق (Driver) | المهمة/الرحلة (Task/Trip) | الموقع (Location) | الوقت (Time) | الحالة (Status),N/A,قبول (Accept) | بدء (Start) | ملاحة (Navigate) | وصول (Arrive) | مسح (Scan) | إكمال (Complete) | فشل (Fail) | توريد (Handover),Assigned → Accepted → Started → Arrived → Completed/Exception → Settlement,MOD-007.Use,Drivers | Routes | DeliveryTasks | PassengerTrips | Tickets | ProofOfDelivery | CashCollections,"R04,R27,R29,R31,R41",,,RETAIN_AND_NORMALIZE,NO,السجل القديم محفوظ كما هو.
U-SCR-204,MOD-008,MOD,تطبيق السائق,تحصيل COD,Collect COD,تطبيق السائق (Driver App),P0,تسجيل التحصيل وإيصاله للعهدة.,واجهة جوال واحدة (Single Mobile View),السائق (Driver) | المهمة/الرحلة (Task/Trip) | الموقع (Location) | الوقت (Time) | الحالة (Status),N/A,قبول (Accept) | بدء (Start) | ملاحة (Navigate) | وصول (Arrive) | مسح (Scan) | إكمال (Complete) | فشل (Fail) | توريد (Handover),Assigned → Accepted → Started → Arrived → Completed/Exception → Settlement,MOD-008.Use,Drivers | Routes | DeliveryTasks | PassengerTrips | Tickets | ProofOfDelivery | CashCollections,"R04,R27,R29,R31,R41",,,RETAIN_AND_NORMALIZE,NO,السجل القديم محفوظ كما هو.
U-SCR-205,MOD-009,MOD,تطبيق السائق,الاستثناء/الفشل,Exception / Failure,تطبيق السائق (Driver App),P0,سبب الفشل، رفض، إعادة محاولة، إرجاع.,واجهة جوال واحدة (Single Mobile View),السائق (Driver) | المهمة/الرحلة (Task/Trip) | الموقع (Location) | الوقت (Time) | الحالة (Status),N/A,قبول (Accept) | بدء (Start) | ملاحة (Navigate) | وصول (Arrive) | مسح (Scan) | إكمال (Complete) | فشل (Fail) | توريد (Handover),Assigned → Accepted → Started → Arrived → Completed/Exception → Settlement,MOD-009.Use,Drivers | Routes | DeliveryTasks | PassengerTrips | Tickets | ProofOfDelivery | CashCollections,"R04,R27,R29,R31,R41",,,RETAIN_AND_NORMALIZE,NO,السجل القديم محفوظ كما هو.
U-SCR-206,MOD-010,MOD,تطبيق السائق,رحلة الركاب والمانيفست,Passenger Trip & Manifest,تطبيق السائق (Driver App),P0,قائمة الركاب والمحطات والصعود/النزول.,واجهة جوال واحدة (Single Mobile View),السائق (Driver) | المهمة/الرحلة (Task/Trip) | الموقع (Location) | الوقت (Time) | الحالة (Status),N/A,قبول (Accept) | بدء (Start) | ملاحة (Navigate) | وصول (Arrive) | مسح (Scan) | إكمال (Complete) | فشل (Fail) | توريد (Handover),Assigned → Accepted → Started → Arrived → Completed/Exception → Settlement,MOD-010.Use,Drivers | Routes | DeliveryTasks | PassengerTrips | Tickets | ProofOfDelivery | CashCollections,"R04,R27,R29,R31,R41",,,RETAIN_AND_NORMALIZE,NO,السجل القديم محفوظ كما هو.
U-SCR-207,MOD-011,MOD,تطبيق السائق,مسح التذاكر/QR,Ticket Scan / Check-in,تطبيق السائق (Driver App),P0,تحقق التذكرة ومنع التكرار.,واجهة جوال واحدة (Single Mobile View),السائق (Driver) | المهمة/الرحلة (Task/Trip) | الموقع (Location) | الوقت (Time) | الحالة (Status),N/A,قبول (Accept) | بدء (Start) | ملاحة (Navigate) | وصول (Arrive) | مسح (Scan) | إكمال (Complete) | فشل (Fail) | توريد (Handover),Assigned → Accepted → Started → Arrived → Completed/Exception → Settlement,MOD-011.Use,Drivers | Routes | DeliveryTasks | PassengerTrips | Tickets | ProofOfDelivery | CashCollections,"R04,R27,R29,R31,R41",,,RETAIN_AND_NORMALIZE,NO,السجل القديم محفوظ كما هو.
U-SCR-208,MOD-012,MOD,تطبيق السائق,بيع تذكرة داخل المركبة,Onboard Ticket Sale,تطبيق السائق (Driver App),P0,بيع Offline/Online مع مزامنة لاحقة.,واجهة جوال واحدة (Single Mobile View),السائق (Driver) | المهمة/الرحلة (Task/Trip) | الموقع (Location) | الوقت (Time) | الحالة (Status),N/A,قبول (Accept) | بدء (Start) | ملاحة (Navigate) | وصول (Arrive) | مسح (Scan) | إكمال (Complete) | فشل (Fail) | توريد (Handover),Assigned → Accepted → Started → Arrived → Completed/Exception → Settlement,MOD-012.Use,Drivers | Routes | DeliveryTasks | PassengerTrips | Tickets | ProofOfDelivery | CashCollections,"R04,R27,R29,R31,R41",,,RETAIN_AND_NORMALIZE,NO,السجل القديم محفوظ كما هو.
U-SCR-209,MOD-013,MOD,تطبيق السائق,الفحص قبل الرحلة,Pre-Trip Inspection,تطبيق السائق (Driver App),P0,نموذج فحص المركبة.,واجهة جوال واحدة (Single Mobile View),السائق (Driver) | المهمة/الرحلة (Task/Trip) | الموقع (Location) | الوقت (Time) | الحالة (Status),N/A,قبول (Accept) | بدء (Start) | ملاحة (Navigate) | وصول (Arrive) | مسح (Scan) | إكمال (Complete) | فشل (Fail) | توريد (Handover),Assigned → Accepted → Started → Arrived → Completed/Exception → Settlement,MOD-013.Use,Drivers | Routes | DeliveryTasks | PassengerTrips | Tickets | ProofOfDelivery | CashCollections,"R04,R27,R29,R31,R41",,,RETAIN_AND_NORMALIZE,NO,السجل القديم محفوظ كما هو.
U-SCR-210,MOD-014,MOD,تطبيق السائق,العهدة والتوريد,Custody & Handover,تطبيق السائق (Driver App),P0,عرض العهدة والتوريد للفرع.,واجهة جوال واحدة (Single Mobile View),السائق (Driver) | المهمة/الرحلة (Task/Trip) | الموقع (Location) | الوقت (Time) | الحالة (Status),N/A,قبول (Accept) | بدء (Start) | ملاحة (Navigate) | وصول (Arrive) | مسح (Scan) | إكمال (Complete) | فشل (Fail) | توريد (Handover),Assigned → Accepted → Started → Arrived → Completed/Exception → Settlement,MOD-014.Use,Drivers | Routes | DeliveryTasks | PassengerTrips | Tickets | ProofOfDelivery | CashCollections,"R04,R27,R29,R31,R41",,,RETAIN_AND_NORMALIZE,NO,السجل القديم محفوظ كما هو.
U-SCR-211,MOD-015,MOD,تطبيق السائق,الرسائل والإشعارات,Messages & Notifications,تطبيق السائق (Driver App),P0,التواصل مع التشغيل.,واجهة جوال واحدة (Single Mobile View),السائق (Driver) | المهمة/الرحلة (Task/Trip) | الموقع (Location) | الوقت (Time) | الحالة (Status),N/A,قبول (Accept) | بدء (Start) | ملاحة (Navigate) | وصول (Arrive) | مسح (Scan) | إكمال (Complete) | فشل (Fail) | توريد (Handover),Assigned → Accepted → Started → Arrived → Completed/Exception → Settlement,MOD-015.Use,Drivers | Routes | DeliveryTasks | PassengerTrips | Tickets | ProofOfDelivery | CashCollections,"R04,R27,R29,R31,R41",,,RETAIN_AND_NORMALIZE,NO,السجل القديم محفوظ كما هو.
U-SCR-212,ACC-001,ACC,المحاسبة والمالية,دليل الحسابات,Chart of Accounts,ويب الإدارة/سطح المكتب (Admin Web/Desktop),P0,تعريف شجرة الحسابات والمستويات وخصائص الترحيل.,البيانات الأساسية (General) | الإعدادات (Setup) | الربط والاستخدام (Usage) | المستندات (Documents) | التدقيق (Audit),الشركة (Company) | الفرع (Branch) | الفترة (Period) | رقم المستند/المرجع (Document/Reference No) | التاريخ (Date) | الحساب/الطرف (Account/Party) | العملة (Currency) | سعر الصرف (Exchange Rate) | مدين (Debit) | دائن (Credit) | المبلغ (Amount) | مركز التكلفة/الأبعاد (Cost Center/Dimensions) | الحالة (Status),التاريخ (Date) | المستند (Document) | الحساب/الطرف (Account/Party) | البيان (Description) | مدين (Debit) | دائن (Credit) | الرصيد (Balance) | الحالة (Status),جديد (New) | حفظ (Save) | تحقق (Validate) | اعتماد (Approve) | ترحيل (Post) | عكس (Reverse) | إلغاء (Cancel) | تخصيص/مطابقة (Allocate/Match) | طباعة (Print),Draft → Validated → Approved when required → Posted → Locked; reversal/cancellation only by controlled action,ACC-001.View | ACC-001.Create | ACC-001.Edit | ACC-001.Approve | ACC-001.Post,ChartOfAccounts | JournalEntries | JournalEntryLines | FinancialVouchers | FinancialVoucherLines | OpenItems | OpenItemAllocations | BankAccounts | BankStatements | BankReconciliations,"R47,R48",W3-P1-007,MAPPED_TO_LEGACY_SCREEN,RETAIN_AND_NORMALIZE,YES,تثبيت الربط لا يعني إغلاق W3؛ تفاصيل الحقول والحالات والأفعال محفوظة في عقد W3.
U-SCR-213,ACC-002,ACC,المحاسبة والمالية,بطاقة الحساب,Account Details,ويب الإدارة/سطح المكتب (Admin Web/Desktop),P0,بيانات الحساب وخصائصه وعلاقاته وأبعاده.,الرأس (Header) | التفاصيل (Details) | الأبعاد/التوزيعات (Dimensions/Distributions) | العملة (Currency) | المرفقات (Attachments) | الموافقات (Approvals) | التدقيق (Audit),الشركة (Company) | الفرع (Branch) | الفترة (Period) | رقم المستند/المرجع (Document/Reference No) | التاريخ (Date) | الحساب/الطرف (Account/Party) | العملة (Currency) | سعر الصرف (Exchange Rate) | مدين (Debit) | دائن (Credit) | المبلغ (Amount) | مركز التكلفة/الأبعاد (Cost Center/Dimensions) | الحالة (Status),التاريخ (Date) | المستند (Document) | الحساب/الطرف (Account/Party) | البيان (Description) | مدين (Debit) | دائن (Credit) | الرصيد (Balance) | الحالة (Status),جديد (New) | حفظ (Save) | تحقق (Validate) | اعتماد (Approve) | ترحيل (Post) | عكس (Reverse) | إلغاء (Cancel) | تخصيص/مطابقة (Allocate/Match) | طباعة (Print),Draft → Validated → Approved when required → Posted → Locked; reversal/cancellation only by controlled action,ACC-002.View | ACC-002.Create | ACC-002.Edit | ACC-002.Approve | ACC-002.Post,ChartOfAccounts | JournalEntries | JournalEntryLines | FinancialVouchers | FinancialVoucherLines | OpenItems | OpenItemAllocations | BankAccounts | BankStatements | BankReconciliations,"R47,R48",,,RETAIN_AND_NORMALIZE,NO,السجل القديم محفوظ كما هو.
U-SCR-214,ACC-003,ACC,المحاسبة والمالية,السنوات المالية,Fiscal Years,ويب الإدارة/سطح المكتب (Admin Web/Desktop),P0,إدارة السنوات المالية وحالاتها.,البيانات الأساسية (General) | الإعدادات (Setup) | الربط والاستخدام (Usage) | المستندات (Documents) | التدقيق (Audit),الشركة (Company) | الفرع (Branch) | الفترة (Period) | رقم المستند/المرجع (Document/Reference No) | التاريخ (Date) | الحساب/الطرف (Account/Party) | العملة (Currency) | سعر الصرف (Exchange Rate) | مدين (Debit) | دائن (Credit) | المبلغ (Amount) | مركز التكلفة/الأبعاد (Cost Center/Dimensions) | الحالة (Status),التاريخ (Date) | المستند (Document) | الحساب/الطرف (Account/Party) | البيان (Description) | مدين (Debit) | دائن (Credit) | الرصيد (Balance) | الحالة (Status),جديد (New) | حفظ (Save) | تحقق (Validate) | اعتماد (Approve) | ترحيل (Post) | عكس (Reverse) | إلغاء (Cancel) | تخصيص/مطابقة (Allocate/Match) | طباعة (Print),Draft → Validated → Approved when required → Posted → Locked; reversal/cancellation only by controlled action,ACC-003.View | ACC-003.Create | ACC-003.Edit | ACC-003.Approve | ACC-003.Post,ChartOfAccounts | JournalEntries | JournalEntryLines | FinancialVouchers | FinancialVoucherLines | OpenItems | OpenItemAllocations | BankAccounts | BankStatements | BankReconciliations,"R47,R48",W3-P1-008,MAPPED_TO_LEGACY_SCREEN,RETAIN_AND_NORMALIZE,YES,تثبيت الربط لا يعني إغلاق W3؛ تفاصيل الحقول والحالات والأفعال محفوظة في عقد W3.
U-SCR-215,ACC-004,ACC,المحاسبة والمالية,الفترات المالية,Fiscal Periods,ويب الإدارة/سطح المكتب (Admin Web/Desktop),P0,فتح/إيقاف/إقفال الفترات حسب السياسة.,البيانات الأساسية (General) | الإعدادات (Setup) | الربط والاستخدام (Usage) | المستندات (Documents) | التدقيق (Audit),الشركة (Company) | الفرع (Branch) | الفترة (Period) | رقم المستند/المرجع (Document/Reference No) | التاريخ (Date) | الحساب/الطرف (Account/Party) | العملة (Currency) | سعر الصرف (Exchange Rate) | مدين (Debit) | دائن (Credit) | المبلغ (Amount) | مركز التكلفة/الأبعاد (Cost Center/Dimensions) | الحالة (Status),التاريخ (Date) | المستند (Document) | الحساب/الطرف (Account/Party) | البيان (Description) | مدين (Debit) | دائن (Credit) | الرصيد (Balance) | الحالة (Status),جديد (New) | حفظ (Save) | تحقق (Validate) | اعتماد (Approve) | ترحيل (Post) | عكس (Reverse) | إلغاء (Cancel) | تخصيص/مطابقة (Allocate/Match) | طباعة (Print),Draft → Validated → Approved when required → Posted → Locked; reversal/cancellation only by controlled action,ACC-004.View | ACC-004.Create | ACC-004.Edit | ACC-004.Approve | ACC-004.Post,ChartOfAccounts | JournalEntries | JournalEntryLines | FinancialVouchers | FinancialVoucherLines | OpenItems | OpenItemAllocations | BankAccounts | BankStatements | BankReconciliations,"R47,R48",W3-P1-008,MAPPED_TO_LEGACY_SCREEN,RETAIN_AND_NORMALIZE,YES,تثبيت الربط لا يعني إغلاق W3؛ تفاصيل الحقول والحالات والأفعال محفوظة في عقد W3.
U-SCR-216,ACC-005,ACC,المحاسبة والمالية,العملات,Currencies,ويب الإدارة/سطح المكتب (Admin Web/Desktop),P0,إدارة العملات والرموز والدقة؛ ملكية العملة الأساسية تبقى وفق العقد الحاكم.,البيانات الأساسية (General) | الإعدادات (Setup) | الربط والاستخدام (Usage) | المستندات (Documents) | التدقيق (Audit),الشركة (Company) | الفرع (Branch) | الفترة (Period) | رقم المستند/المرجع (Document/Reference No) | التاريخ (Date) | الحساب/الطرف (Account/Party) | العملة (Currency) | سعر الصرف (Exchange Rate) | مدين (Debit) | دائن (Credit) | المبلغ (Amount) | مركز التكلفة/الأبعاد (Cost Center/Dimensions) | الحالة (Status),التاريخ (Date) | المستند (Document) | الحساب/الطرف (Account/Party) | البيان (Description) | مدين (Debit) | دائن (Credit) | الرصيد (Balance) | الحالة (Status),جديد (New) | حفظ (Save) | تحقق (Validate) | اعتماد (Approve) | ترحيل (Post) | عكس (Reverse) | إلغاء (Cancel) | تخصيص/مطابقة (Allocate/Match) | طباعة (Print),Draft → Validated → Approved when required → Posted → Locked; reversal/cancellation only by controlled action,ACC-005.View | ACC-005.Create | ACC-005.Edit | ACC-005.Approve | ACC-005.Post,ChartOfAccounts | JournalEntries | JournalEntryLines | FinancialVouchers | FinancialVoucherLines | OpenItems | OpenItemAllocations | BankAccounts | BankStatements | BankReconciliations,"R47,R48",W3-P1-008,MAPPED_TO_LEGACY_SCREEN,RETAIN_AND_NORMALIZE,YES,تثبيت الربط لا يعني إغلاق W3؛ تفاصيل الحقول والحالات والأفعال محفوظة في عقد W3.
U-SCR-217,ACC-006,ACC,المحاسبة والمالية,أسعار الصرف,Exchange Rates,ويب الإدارة/سطح المكتب (Admin Web/Desktop),P0,إدارة أسعار الصرف بالتاريخ والنوع والنطاق.,البيانات الأساسية (General) | الإعدادات (Setup) | الربط والاستخدام (Usage) | المستندات (Documents) | التدقيق (Audit),الشركة (Company) | الفرع (Branch) | الفترة (Period) | رقم المستند/المرجع (Document/Reference No) | التاريخ (Date) | الحساب/الطرف (Account/Party) | العملة (Currency) | سعر الصرف (Exchange Rate) | مدين (Debit) | دائن (Credit) | المبلغ (Amount) | مركز التكلفة/الأبعاد (Cost Center/Dimensions) | الحالة (Status),التاريخ (Date) | المستند (Document) | الحساب/الطرف (Account/Party) | البيان (Description) | مدين (Debit) | دائن (Credit) | الرصيد (Balance) | الحالة (Status),جديد (New) | حفظ (Save) | تحقق (Validate) | اعتماد (Approve) | ترحيل (Post) | عكس (Reverse) | إلغاء (Cancel) | تخصيص/مطابقة (Allocate/Match) | طباعة (Print),Draft → Validated → Approved when required → Posted → Locked; reversal/cancellation only by controlled action,ACC-006.View | ACC-006.Create | ACC-006.Edit | ACC-006.Approve | ACC-006.Post,ChartOfAccounts | JournalEntries | JournalEntryLines | FinancialVouchers | FinancialVoucherLines | OpenItems | OpenItemAllocations | BankAccounts | BankStatements | BankReconciliations,"R47,R48",,,RETAIN_AND_NORMALIZE,NO,السجل القديم محفوظ كما هو.
U-SCR-218,ACC-007,ACC,المحاسبة والمالية,مراكز التكلفة,Cost Centers,ويب الإدارة/سطح المكتب (Admin Web/Desktop),P0,هيكل مراكز التكلفة والتفعيل والنطاق.,البيانات الأساسية (General) | الإعدادات (Setup) | الربط والاستخدام (Usage) | المستندات (Documents) | التدقيق (Audit),الشركة (Company) | الفرع (Branch) | الفترة (Period) | رقم المستند/المرجع (Document/Reference No) | التاريخ (Date) | الحساب/الطرف (Account/Party) | العملة (Currency) | سعر الصرف (Exchange Rate) | مدين (Debit) | دائن (Credit) | المبلغ (Amount) | مركز التكلفة/الأبعاد (Cost Center/Dimensions) | الحالة (Status),التاريخ (Date) | المستند (Document) | الحساب/الطرف (Account/Party) | البيان (Description) | مدين (Debit) | دائن (Credit) | الرصيد (Balance) | الحالة (Status),جديد (New) | حفظ (Save) | تحقق (Validate) | اعتماد (Approve) | ترحيل (Post) | عكس (Reverse) | إلغاء (Cancel) | تخصيص/مطابقة (Allocate/Match) | طباعة (Print),Draft → Validated → Approved when required → Posted → Locked; reversal/cancellation only by controlled action,ACC-007.View | ACC-007.Create | ACC-007.Edit | ACC-007.Approve | ACC-007.Post,ChartOfAccounts | JournalEntries | JournalEntryLines | FinancialVouchers | FinancialVoucherLines | OpenItems | OpenItemAllocations | BankAccounts | BankStatements | BankReconciliations,"R47,R48",W3-P1-008,MAPPED_TO_LEGACY_SCREEN,RETAIN_AND_NORMALIZE,YES,تثبيت الربط لا يعني إغلاق W3؛ تفاصيل الحقول والحالات والأفعال محفوظة في عقد W3.
U-SCR-219,ACC-008,ACC,المحاسبة والمالية,الأبعاد المالية,Financial Dimensions,ويب الإدارة/سطح المكتب (Admin Web/Desktop),P0,تعريف الأبعاد وقيمها والقواعد المسموحة.,البيانات الأساسية (General) | الإعدادات (Setup) | الربط والاستخدام (Usage) | المستندات (Documents) | التدقيق (Audit),الشركة (Company) | الفرع (Branch) | الفترة (Period) | رقم المستند/المرجع (Document/Reference No) | التاريخ (Date) | الحساب/الطرف (Account/Party) | العملة (Currency) | سعر الصرف (Exchange Rate) | مدين (Debit) | دائن (Credit) | المبلغ (Amount) | مركز التكلفة/الأبعاد (Cost Center/Dimensions) | الحالة (Status),التاريخ (Date) | المستند (Document) | الحساب/الطرف (Account/Party) | البيان (Description) | مدين (Debit) | دائن (Credit) | الرصيد (Balance) | الحالة (Status),جديد (New) | حفظ (Save) | تحقق (Validate) | اعتماد (Approve) | ترحيل (Post) | عكس (Reverse) | إلغاء (Cancel) | تخصيص/مطابقة (Allocate/Match) | طباعة (Print),Draft → Validated → Approved when required → Posted → Locked; reversal/cancellation only by controlled action,ACC-008.View | ACC-008.Create | ACC-008.Edit | ACC-008.Approve | ACC-008.Post,ChartOfAccounts | JournalEntries | JournalEntryLines | FinancialVouchers | FinancialVoucherLines | OpenItems | OpenItemAllocations | BankAccounts | BankStatements | BankReconciliations,"R47,R48",W3-P1-008,MAPPED_TO_LEGACY_SCREEN,RETAIN_AND_NORMALIZE,YES,تثبيت الربط لا يعني إغلاق W3؛ تفاصيل الحقول والحالات والأفعال محفوظة في عقد W3.
U-SCR-220,ACC-009,ACC,المحاسبة والمالية,قيد اليومية,Journal Entry,ويب الإدارة/سطح المكتب (Admin Web/Desktop),P0,إنشاء قيد متعدد الأسطر مع التحقق من الاتزان والعملات والأبعاد.,الرأس (Header) | التفاصيل (Details) | الأبعاد/التوزيعات (Dimensions/Distributions) | العملة (Currency) | المرفقات (Attachments) | الموافقات (Approvals) | التدقيق (Audit),الشركة (Company) | الفرع (Branch) | الفترة (Period) | رقم المستند/المرجع (Document/Reference No) | التاريخ (Date) | الحساب/الطرف (Account/Party) | العملة (Currency) | سعر الصرف (Exchange Rate) | مدين (Debit) | دائن (Credit) | المبلغ (Amount) | مركز التكلفة/الأبعاد (Cost Center/Dimensions) | الحالة (Status),التاريخ (Date) | المستند (Document) | الحساب/الطرف (Account/Party) | البيان (Description) | مدين (Debit) | دائن (Credit) | الرصيد (Balance) | الحالة (Status),جديد (New) | حفظ (Save) | تحقق (Validate) | اعتماد (Approve) | ترحيل (Post) | عكس (Reverse) | إلغاء (Cancel) | تخصيص/مطابقة (Allocate/Match) | طباعة (Print),Draft → Validated → Approved when required → Posted → Locked; reversal/cancellation only by controlled action,ACC-009.View | ACC-009.Create | ACC-009.Edit | ACC-009.Approve | ACC-009.Post,ChartOfAccounts | JournalEntries | JournalEntryLines | FinancialVouchers | FinancialVoucherLines | OpenItems | OpenItemAllocations | BankAccounts | BankStatements | BankReconciliations,"R47,R48",W3-P1-009,MAPPED_TO_LEGACY_SCREEN,RETAIN_AND_NORMALIZE,YES,تثبيت الربط لا يعني إغلاق W3؛ تفاصيل الحقول والحالات والأفعال محفوظة في عقد W3.
U-SCR-221,ACC-010,ACC,المحاسبة والمالية,استعلام قيود اليومية,Journal Entry Inquiry,ويب الإدارة/سطح المكتب (Admin Web/Desktop),P0,البحث والتحليل والتتبع من القيد إلى المصدر.,الرأس (Header) | التفاصيل (Details) | الأبعاد/التوزيعات (Dimensions/Distributions) | العملة (Currency) | المرفقات (Attachments) | الموافقات (Approvals) | التدقيق (Audit),الشركة (Company) | الفرع (Branch) | الفترة (Period) | رقم المستند/المرجع (Document/Reference No) | التاريخ (Date) | الحساب/الطرف (Account/Party) | العملة (Currency) | سعر الصرف (Exchange Rate) | مدين (Debit) | دائن (Credit) | المبلغ (Amount) | مركز التكلفة/الأبعاد (Cost Center/Dimensions) | الحالة (Status),التاريخ (Date) | المستند (Document) | الحساب/الطرف (Account/Party) | البيان (Description) | مدين (Debit) | دائن (Credit) | الرصيد (Balance) | الحالة (Status),جديد (New) | حفظ (Save) | تحقق (Validate) | اعتماد (Approve) | ترحيل (Post) | عكس (Reverse) | إلغاء (Cancel) | تخصيص/مطابقة (Allocate/Match) | طباعة (Print),Draft → Validated → Approved when required → Posted → Locked; reversal/cancellation only by controlled action,ACC-010.View | ACC-010.Create | ACC-010.Edit | ACC-010.Approve | ACC-010.Post,ChartOfAccounts | JournalEntries | JournalEntryLines | FinancialVouchers | FinancialVoucherLines | OpenItems | OpenItemAllocations | BankAccounts | BankStatements | BankReconciliations,"R47,R48",,,RETAIN_AND_NORMALIZE,NO,السجل القديم محفوظ كما هو.
U-SCR-222,ACC-011,ACC,المحاسبة والمالية,سند قبض,Receipt Voucher,ويب الإدارة/سطح المكتب (Admin Web/Desktop),P0,قبض نقدي/بنكي وربطه بطرف أو حساب وتخصيصه عند الحاجة.,الرأس (Header) | التفاصيل (Details) | الأبعاد/التوزيعات (Dimensions/Distributions) | العملة (Currency) | المرفقات (Attachments) | الموافقات (Approvals) | التدقيق (Audit),الشركة (Company) | الفرع (Branch) | الفترة (Period) | رقم المستند/المرجع (Document/Reference No) | التاريخ (Date) | الحساب/الطرف (Account/Party) | العملة (Currency) | سعر الصرف (Exchange Rate) | مدين (Debit) | دائن (Credit) | المبلغ (Amount) | مركز التكلفة/الأبعاد (Cost Center/Dimensions) | الحالة (Status),التاريخ (Date) | المستند (Document) | الحساب/الطرف (Account/Party) | البيان (Description) | مدين (Debit) | دائن (Credit) | الرصيد (Balance) | الحالة (Status),جديد (New) | حفظ (Save) | تحقق (Validate) | اعتماد (Approve) | ترحيل (Post) | عكس (Reverse) | إلغاء (Cancel) | تخصيص/مطابقة (Allocate/Match) | طباعة (Print),Draft → Validated → Approved when required → Posted → Locked; reversal/cancellation only by controlled action,ACC-011.View | ACC-011.Create | ACC-011.Edit | ACC-011.Approve | ACC-011.Post,ChartOfAccounts | JournalEntries | JournalEntryLines | FinancialVouchers | FinancialVoucherLines | OpenItems | OpenItemAllocations | BankAccounts | BankStatements | BankReconciliations,"R47,R48",W3-P1-010,MAPPED_TO_LEGACY_SCREEN,RETAIN_AND_NORMALIZE,YES,تثبيت الربط لا يعني إغلاق W3؛ تفاصيل الحقول والحالات والأفعال محفوظة في عقد W3.
U-SCR-223,ACC-012,ACC,المحاسبة والمالية,سند صرف,Payment Voucher,ويب الإدارة/سطح المكتب (Admin Web/Desktop),P0,صرف نقدي/بنكي مع الموافقات والمرجعيات.,الرأس (Header) | التفاصيل (Details) | الأبعاد/التوزيعات (Dimensions/Distributions) | العملة (Currency) | المرفقات (Attachments) | الموافقات (Approvals) | التدقيق (Audit),الشركة (Company) | الفرع (Branch) | الفترة (Period) | رقم المستند/المرجع (Document/Reference No) | التاريخ (Date) | الحساب/الطرف (Account/Party) | العملة (Currency) | سعر الصرف (Exchange Rate) | مدين (Debit) | دائن (Credit) | المبلغ (Amount) | مركز التكلفة/الأبعاد (Cost Center/Dimensions) | الحالة (Status),التاريخ (Date) | المستند (Document) | الحساب/الطرف (Account/Party) | البيان (Description) | مدين (Debit) | دائن (Credit) | الرصيد (Balance) | الحالة (Status),جديد (New) | حفظ (Save) | تحقق (Validate) | اعتماد (Approve) | ترحيل (Post) | عكس (Reverse) | إلغاء (Cancel) | تخصيص/مطابقة (Allocate/Match) | طباعة (Print),Draft → Validated → Approved when required → Posted → Locked; reversal/cancellation only by controlled action,ACC-012.View | ACC-012.Create | ACC-012.Edit | ACC-012.Approve | ACC-012.Post,ChartOfAccounts | JournalEntries | JournalEntryLines | FinancialVouchers | FinancialVoucherLines | OpenItems | OpenItemAllocations | BankAccounts | BankStatements | BankReconciliations,"R47,R48",W3-P1-010,MAPPED_TO_LEGACY_SCREEN,RETAIN_AND_NORMALIZE,YES,تثبيت الربط لا يعني إغلاق W3؛ تفاصيل الحقول والحالات والأفعال محفوظة في عقد W3.
U-SCR-224,ACC-013,ACC,المحاسبة والمالية,تحويل بين صندوق/بنك,Cash / Bank Transfer,ويب الإدارة/سطح المكتب (Admin Web/Desktop),P0,تحويل داخلي مضبوط بين حسابات النقد والبنك.,الرأس (Header) | التفاصيل (Details) | الأبعاد/التوزيعات (Dimensions/Distributions) | العملة (Currency) | المرفقات (Attachments) | الموافقات (Approvals) | التدقيق (Audit),الشركة (Company) | الفرع (Branch) | الفترة (Period) | رقم المستند/المرجع (Document/Reference No) | التاريخ (Date) | الحساب/الطرف (Account/Party) | العملة (Currency) | سعر الصرف (Exchange Rate) | مدين (Debit) | دائن (Credit) | المبلغ (Amount) | مركز التكلفة/الأبعاد (Cost Center/Dimensions) | الحالة (Status),التاريخ (Date) | المستند (Document) | الحساب/الطرف (Account/Party) | البيان (Description) | مدين (Debit) | دائن (Credit) | الرصيد (Balance) | الحالة (Status),جديد (New) | حفظ (Save) | تحقق (Validate) | اعتماد (Approve) | ترحيل (Post) | عكس (Reverse) | إلغاء (Cancel) | تخصيص/مطابقة (Allocate/Match) | طباعة (Print),Draft → Validated → Approved when required → Posted → Locked; reversal/cancellation only by controlled action,ACC-013.View | ACC-013.Create | ACC-013.Edit | ACC-013.Approve | ACC-013.Post,ChartOfAccounts | JournalEntries | JournalEntryLines | FinancialVouchers | FinancialVoucherLines | OpenItems | OpenItemAllocations | BankAccounts | BankStatements | BankReconciliations,"R47,R48",,,RETAIN_AND_NORMALIZE,NO,السجل القديم محفوظ كما هو.
U-SCR-225,ACC-014,ACC,المحاسبة والمالية,الصناديق,Cash Boxes,ويب الإدارة/سطح المكتب (Admin Web/Desktop),P0,تعريف الصناديق وأمنائها والنطاق.,البيانات الأساسية (General) | الإعدادات (Setup) | الربط والاستخدام (Usage) | المستندات (Documents) | التدقيق (Audit),الشركة (Company) | الفرع (Branch) | الفترة (Period) | رقم المستند/المرجع (Document/Reference No) | التاريخ (Date) | الحساب/الطرف (Account/Party) | العملة (Currency) | سعر الصرف (Exchange Rate) | مدين (Debit) | دائن (Credit) | المبلغ (Amount) | مركز التكلفة/الأبعاد (Cost Center/Dimensions) | الحالة (Status),التاريخ (Date) | المستند (Document) | الحساب/الطرف (Account/Party) | البيان (Description) | مدين (Debit) | دائن (Credit) | الرصيد (Balance) | الحالة (Status),جديد (New) | حفظ (Save) | تحقق (Validate) | اعتماد (Approve) | ترحيل (Post) | عكس (Reverse) | إلغاء (Cancel) | تخصيص/مطابقة (Allocate/Match) | طباعة (Print),Draft → Validated → Approved when required → Posted → Locked; reversal/cancellation only by controlled action,ACC-014.View | ACC-014.Create | ACC-014.Edit | ACC-014.Approve | ACC-014.Post,ChartOfAccounts | JournalEntries | JournalEntryLines | FinancialVouchers | FinancialVoucherLines | OpenItems | OpenItemAllocations | BankAccounts | BankStatements | BankReconciliations,"R47,R48",,,RETAIN_AND_NORMALIZE,NO,السجل القديم محفوظ كما هو.
U-SCR-226,ACC-015,ACC,المحاسبة والمالية,البنوك والحسابات البنكية,Banks & Bank Accounts,ويب الإدارة/سطح المكتب (Admin Web/Desktop),P0,تعريف البنوك والحسابات والعملات وإعدادات المطابقة.,البيانات الأساسية (General) | الإعدادات (Setup) | الربط والاستخدام (Usage) | المستندات (Documents) | التدقيق (Audit),الشركة (Company) | الفرع (Branch) | الفترة (Period) | رقم المستند/المرجع (Document/Reference No) | التاريخ (Date) | الحساب/الطرف (Account/Party) | العملة (Currency) | سعر الصرف (Exchange Rate) | مدين (Debit) | دائن (Credit) | المبلغ (Amount) | مركز التكلفة/الأبعاد (Cost Center/Dimensions) | الحالة (Status),التاريخ (Date) | المستند (Document) | الحساب/الطرف (Account/Party) | البيان (Description) | مدين (Debit) | دائن (Credit) | الرصيد (Balance) | الحالة (Status),جديد (New) | حفظ (Save) | تحقق (Validate) | اعتماد (Approve) | ترحيل (Post) | عكس (Reverse) | إلغاء (Cancel) | تخصيص/مطابقة (Allocate/Match) | طباعة (Print),Draft → Validated → Approved when required → Posted → Locked; reversal/cancellation only by controlled action,ACC-015.View | ACC-015.Create | ACC-015.Edit | ACC-015.Approve | ACC-015.Post,ChartOfAccounts | JournalEntries | JournalEntryLines | FinancialVouchers | FinancialVoucherLines | OpenItems | OpenItemAllocations | BankAccounts | BankStatements | BankReconciliations,"R47,R48",,,RETAIN_AND_NORMALIZE,NO,السجل القديم محفوظ كما هو.
U-SCR-227,ACC-016,ACC,المحاسبة والمالية,استيراد كشف البنك,Bank Statement Import,ويب الإدارة/سطح المكتب (Admin Web/Desktop),P0,استيراد كشوف إلكترونية/يدوية مع منع التكرار.,الرأس (Header) | التفاصيل (Details) | الأبعاد/التوزيعات (Dimensions/Distributions) | العملة (Currency) | المرفقات (Attachments) | الموافقات (Approvals) | التدقيق (Audit),الشركة (Company) | الفرع (Branch) | الفترة (Period) | رقم المستند/المرجع (Document/Reference No) | التاريخ (Date) | الحساب/الطرف (Account/Party) | العملة (Currency) | سعر الصرف (Exchange Rate) | مدين (Debit) | دائن (Credit) | المبلغ (Amount) | مركز التكلفة/الأبعاد (Cost Center/Dimensions) | الحالة (Status),التاريخ (Date) | المستند (Document) | الحساب/الطرف (Account/Party) | البيان (Description) | مدين (Debit) | دائن (Credit) | الرصيد (Balance) | الحالة (Status),جديد (New) | حفظ (Save) | تحقق (Validate) | اعتماد (Approve) | ترحيل (Post) | عكس (Reverse) | إلغاء (Cancel) | تخصيص/مطابقة (Allocate/Match) | طباعة (Print),Draft → Validated → Approved when required → Posted → Locked; reversal/cancellation only by controlled action,ACC-016.View | ACC-016.Create | ACC-016.Edit | ACC-016.Approve | ACC-016.Post,ChartOfAccounts | JournalEntries | JournalEntryLines | FinancialVouchers | FinancialVoucherLines | OpenItems | OpenItemAllocations | BankAccounts | BankStatements | BankReconciliations,"R47,R48",,,RETAIN_AND_NORMALIZE,NO,السجل القديم محفوظ كما هو.
U-SCR-228,ACC-017,ACC,المحاسبة والمالية,التسوية البنكية,Bank Reconciliation,ويب الإدارة/سطح المكتب (Admin Web/Desktop),P0,مطابقة تلقائية/يدوية ومعالجة الفروقات والاستثناءات.,الرأس (Header) | التفاصيل (Details) | الأبعاد/التوزيعات (Dimensions/Distributions) | العملة (Currency) | المرفقات (Attachments) | الموافقات (Approvals) | التدقيق (Audit),الشركة (Company) | الفرع (Branch) | الفترة (Period) | رقم المستند/المرجع (Document/Reference No) | التاريخ (Date) | الحساب/الطرف (Account/Party) | العملة (Currency) | سعر الصرف (Exchange Rate) | مدين (Debit) | دائن (Credit) | المبلغ (Amount) | مركز التكلفة/الأبعاد (Cost Center/Dimensions) | الحالة (Status),التاريخ (Date) | المستند (Document) | الحساب/الطرف (Account/Party) | البيان (Description) | مدين (Debit) | دائن (Credit) | الرصيد (Balance) | الحالة (Status),جديد (New) | حفظ (Save) | تحقق (Validate) | اعتماد (Approve) | ترحيل (Post) | عكس (Reverse) | إلغاء (Cancel) | تخصيص/مطابقة (Allocate/Match) | طباعة (Print),Draft → Validated → Approved when required → Posted → Locked; reversal/cancellation only by controlled action,ACC-017.View | ACC-017.Create | ACC-017.Edit | ACC-017.Approve | ACC-017.Post,ChartOfAccounts | JournalEntries | JournalEntryLines | FinancialVouchers | FinancialVoucherLines | OpenItems | OpenItemAllocations | BankAccounts | BankStatements | BankReconciliations,"R47,R48",,,RETAIN_AND_NORMALIZE,NO,السجل القديم محفوظ كما هو.
U-SCR-229,ACC-018,ACC,المحاسبة والمالية,حسابات العملاء المفتوحة,Accounts Receivable Open Items,ويب الإدارة/سطح المكتب (Admin Web/Desktop),P0,عرض فواتير/مبالغ العميل المفتوحة والاستحقاقات.,الرأس (Header) | التفاصيل (Details) | الأبعاد/التوزيعات (Dimensions/Distributions) | العملة (Currency) | المرفقات (Attachments) | الموافقات (Approvals) | التدقيق (Audit),الشركة (Company) | الفرع (Branch) | الفترة (Period) | رقم المستند/المرجع (Document/Reference No) | التاريخ (Date) | الحساب/الطرف (Account/Party) | العملة (Currency) | سعر الصرف (Exchange Rate) | مدين (Debit) | دائن (Credit) | المبلغ (Amount) | مركز التكلفة/الأبعاد (Cost Center/Dimensions) | الحالة (Status),التاريخ (Date) | المستند (Document) | الحساب/الطرف (Account/Party) | البيان (Description) | مدين (Debit) | دائن (Credit) | الرصيد (Balance) | الحالة (Status),جديد (New) | حفظ (Save) | تحقق (Validate) | اعتماد (Approve) | ترحيل (Post) | عكس (Reverse) | إلغاء (Cancel) | تخصيص/مطابقة (Allocate/Match) | طباعة (Print),Draft → Validated → Approved when required → Posted → Locked; reversal/cancellation only by controlled action,ACC-018.View | ACC-018.Create | ACC-018.Edit | ACC-018.Approve | ACC-018.Post,ChartOfAccounts | JournalEntries | JournalEntryLines | FinancialVouchers | FinancialVoucherLines | OpenItems | OpenItemAllocations | BankAccounts | BankStatements | BankReconciliations,"R47,R48",,,RETAIN_AND_NORMALIZE,NO,السجل القديم محفوظ كما هو.
U-SCR-230,ACC-019,ACC,المحاسبة والمالية,حسابات الموردين المفتوحة,Accounts Payable Open Items,ويب الإدارة/سطح المكتب (Admin Web/Desktop),P0,عرض التزامات المورد والمدفوعات المفتوحة.,الرأس (Header) | التفاصيل (Details) | الأبعاد/التوزيعات (Dimensions/Distributions) | العملة (Currency) | المرفقات (Attachments) | الموافقات (Approvals) | التدقيق (Audit),الشركة (Company) | الفرع (Branch) | الفترة (Period) | رقم المستند/المرجع (Document/Reference No) | التاريخ (Date) | الحساب/الطرف (Account/Party) | العملة (Currency) | سعر الصرف (Exchange Rate) | مدين (Debit) | دائن (Credit) | المبلغ (Amount) | مركز التكلفة/الأبعاد (Cost Center/Dimensions) | الحالة (Status),التاريخ (Date) | المستند (Document) | الحساب/الطرف (Account/Party) | البيان (Description) | مدين (Debit) | دائن (Credit) | الرصيد (Balance) | الحالة (Status),جديد (New) | حفظ (Save) | تحقق (Validate) | اعتماد (Approve) | ترحيل (Post) | عكس (Reverse) | إلغاء (Cancel) | تخصيص/مطابقة (Allocate/Match) | طباعة (Print),Draft → Validated → Approved when required → Posted → Locked; reversal/cancellation only by controlled action,ACC-019.View | ACC-019.Create | ACC-019.Edit | ACC-019.Approve | ACC-019.Post,ChartOfAccounts | JournalEntries | JournalEntryLines | FinancialVouchers | FinancialVoucherLines | OpenItems | OpenItemAllocations | BankAccounts | BankStatements | BankReconciliations,"R47,R48",,,RETAIN_AND_NORMALIZE,NO,السجل القديم محفوظ كما هو.
U-SCR-231,ACC-020,ACC,المحاسبة والمالية,تخصيص الدفعات,Payment Allocation,ويب الإدارة/سطح المكتب (Admin Web/Desktop),P0,تخصيص قبض/دفع على البنود المفتوحة جزئيًا أو كليًا.,الرأس (Header) | التفاصيل (Details) | الأبعاد/التوزيعات (Dimensions/Distributions) | العملة (Currency) | المرفقات (Attachments) | الموافقات (Approvals) | التدقيق (Audit),الشركة (Company) | الفرع (Branch) | الفترة (Period) | رقم المستند/المرجع (Document/Reference No) | التاريخ (Date) | الحساب/الطرف (Account/Party) | العملة (Currency) | سعر الصرف (Exchange Rate) | مدين (Debit) | دائن (Credit) | المبلغ (Amount) | مركز التكلفة/الأبعاد (Cost Center/Dimensions) | الحالة (Status),التاريخ (Date) | المستند (Document) | الحساب/الطرف (Account/Party) | البيان (Description) | مدين (Debit) | دائن (Credit) | الرصيد (Balance) | الحالة (Status),جديد (New) | حفظ (Save) | تحقق (Validate) | اعتماد (Approve) | ترحيل (Post) | عكس (Reverse) | إلغاء (Cancel) | تخصيص/مطابقة (Allocate/Match) | طباعة (Print),Draft → Validated → Approved when required → Posted → Locked; reversal/cancellation only by controlled action,ACC-020.View | ACC-020.Create | ACC-020.Edit | ACC-020.Approve | ACC-020.Post,ChartOfAccounts | JournalEntries | JournalEntryLines | FinancialVouchers | FinancialVoucherLines | OpenItems | OpenItemAllocations | BankAccounts | BankStatements | BankReconciliations,"R47,R48",,,RETAIN_AND_NORMALIZE,NO,السجل القديم محفوظ كما هو.
U-SCR-232,ACC-021,ACC,المحاسبة والمالية,فك التخصيص,Unallocation,ويب الإدارة/سطح المكتب (Admin Web/Desktop),P0,إلغاء تخصيص مضبوط بسجل تدقيق وسبب.,الرأس (Header) | التفاصيل (Details) | الأبعاد/التوزيعات (Dimensions/Distributions) | العملة (Currency) | المرفقات (Attachments) | الموافقات (Approvals) | التدقيق (Audit),الشركة (Company) | الفرع (Branch) | الفترة (Period) | رقم المستند/المرجع (Document/Reference No) | التاريخ (Date) | الحساب/الطرف (Account/Party) | العملة (Currency) | سعر الصرف (Exchange Rate) | مدين (Debit) | دائن (Credit) | المبلغ (Amount) | مركز التكلفة/الأبعاد (Cost Center/Dimensions) | الحالة (Status),التاريخ (Date) | المستند (Document) | الحساب/الطرف (Account/Party) | البيان (Description) | مدين (Debit) | دائن (Credit) | الرصيد (Balance) | الحالة (Status),جديد (New) | حفظ (Save) | تحقق (Validate) | اعتماد (Approve) | ترحيل (Post) | عكس (Reverse) | إلغاء (Cancel) | تخصيص/مطابقة (Allocate/Match) | طباعة (Print),Draft → Validated → Approved when required → Posted → Locked; reversal/cancellation only by controlled action,ACC-021.View | ACC-021.Create | ACC-021.Edit | ACC-021.Approve | ACC-021.Post,ChartOfAccounts | JournalEntries | JournalEntryLines | FinancialVouchers | FinancialVoucherLines | OpenItems | OpenItemAllocations | BankAccounts | BankStatements | BankReconciliations,"R47,R48",,,RETAIN_AND_NORMALIZE,NO,السجل القديم محفوظ كما هو.
U-SCR-233,ACC-022,ACC,المحاسبة والمالية,إشعار مدين,Debit Note,ويب الإدارة/سطح المكتب (Admin Web/Desktop),P0,إنشاء إشعار مدين وربطه بالطرف/المستند.,الرأس (Header) | التفاصيل (Details) | الأبعاد/التوزيعات (Dimensions/Distributions) | العملة (Currency) | المرفقات (Attachments) | الموافقات (Approvals) | التدقيق (Audit),الشركة (Company) | الفرع (Branch) | الفترة (Period) | رقم المستند/المرجع (Document/Reference No) | التاريخ (Date) | الحساب/الطرف (Account/Party) | العملة (Currency) | سعر الصرف (Exchange Rate) | مدين (Debit) | دائن (Credit) | المبلغ (Amount) | مركز التكلفة/الأبعاد (Cost Center/Dimensions) | الحالة (Status),التاريخ (Date) | المستند (Document) | الحساب/الطرف (Account/Party) | البيان (Description) | مدين (Debit) | دائن (Credit) | الرصيد (Balance) | الحالة (Status),جديد (New) | حفظ (Save) | تحقق (Validate) | اعتماد (Approve) | ترحيل (Post) | عكس (Reverse) | إلغاء (Cancel) | تخصيص/مطابقة (Allocate/Match) | طباعة (Print),Draft → Validated → Approved when required → Posted → Locked; reversal/cancellation only by controlled action,ACC-022.View | ACC-022.Create | ACC-022.Edit | ACC-022.Approve | ACC-022.Post,ChartOfAccounts | JournalEntries | JournalEntryLines | FinancialVouchers | FinancialVoucherLines | OpenItems | OpenItemAllocations | BankAccounts | BankStatements | BankReconciliations,"R47,R48",,,RETAIN_AND_NORMALIZE,NO,السجل القديم محفوظ كما هو.
U-SCR-234,ACC-023,ACC,المحاسبة والمالية,إشعار دائن,Credit Note,ويب الإدارة/سطح المكتب (Admin Web/Desktop),P0,إنشاء إشعار دائن وربطه بالطرف/المستند.,الرأس (Header) | التفاصيل (Details) | الأبعاد/التوزيعات (Dimensions/Distributions) | العملة (Currency) | المرفقات (Attachments) | الموافقات (Approvals) | التدقيق (Audit),الشركة (Company) | الفرع (Branch) | الفترة (Period) | رقم المستند/المرجع (Document/Reference No) | التاريخ (Date) | الحساب/الطرف (Account/Party) | العملة (Currency) | سعر الصرف (Exchange Rate) | مدين (Debit) | دائن (Credit) | المبلغ (Amount) | مركز التكلفة/الأبعاد (Cost Center/Dimensions) | الحالة (Status),التاريخ (Date) | المستند (Document) | الحساب/الطرف (Account/Party) | البيان (Description) | مدين (Debit) | دائن (Credit) | الرصيد (Balance) | الحالة (Status),جديد (New) | حفظ (Save) | تحقق (Validate) | اعتماد (Approve) | ترحيل (Post) | عكس (Reverse) | إلغاء (Cancel) | تخصيص/مطابقة (Allocate/Match) | طباعة (Print),Draft → Validated → Approved when required → Posted → Locked; reversal/cancellation only by controlled action,ACC-023.View | ACC-023.Create | ACC-023.Edit | ACC-023.Approve | ACC-023.Post,ChartOfAccounts | JournalEntries | JournalEntryLines | FinancialVouchers | FinancialVoucherLines | OpenItems | OpenItemAllocations | BankAccounts | BankStatements | BankReconciliations,"R47,R48",,,RETAIN_AND_NORMALIZE,NO,السجل القديم محفوظ كما هو.
U-SCR-235,ACC-024,ACC,المحاسبة والمالية,إعادة تقييم العملة,Foreign Currency Revaluation,ويب الإدارة/سطح المكتب (Admin Web/Desktop),P0,إعادة تقييم أرصدة العملات حسب السياسة والفترة.,الرأس (Header) | التفاصيل (Details) | الأبعاد/التوزيعات (Dimensions/Distributions) | العملة (Currency) | المرفقات (Attachments) | الموافقات (Approvals) | التدقيق (Audit),الشركة (Company) | الفرع (Branch) | الفترة (Period) | رقم المستند/المرجع (Document/Reference No) | التاريخ (Date) | الحساب/الطرف (Account/Party) | العملة (Currency) | سعر الصرف (Exchange Rate) | مدين (Debit) | دائن (Credit) | المبلغ (Amount) | مركز التكلفة/الأبعاد (Cost Center/Dimensions) | الحالة (Status),التاريخ (Date) | المستند (Document) | الحساب/الطرف (Account/Party) | البيان (Description) | مدين (Debit) | دائن (Credit) | الرصيد (Balance) | الحالة (Status),جديد (New) | حفظ (Save) | تحقق (Validate) | اعتماد (Approve) | ترحيل (Post) | عكس (Reverse) | إلغاء (Cancel) | تخصيص/مطابقة (Allocate/Match) | طباعة (Print),Draft → Validated → Approved when required → Posted → Locked; reversal/cancellation only by controlled action,ACC-024.View | ACC-024.Create | ACC-024.Edit | ACC-024.Approve | ACC-024.Post,ChartOfAccounts | JournalEntries | JournalEntryLines | FinancialVouchers | FinancialVoucherLines | OpenItems | OpenItemAllocations | BankAccounts | BankStatements | BankReconciliations,"R47,R48",,,RETAIN_AND_NORMALIZE,NO,السجل القديم محفوظ كما هو.
U-SCR-236,ACC-025,ACC,المحاسبة والمالية,تسوية حسابات الأستاذ,Ledger Settlement,ويب الإدارة/سطح المكتب (Admin Web/Desktop),P0,مطابقة الحركات المدينة والدائنة للحسابات القابلة للتسوية.,الرأس (Header) | التفاصيل (Details) | الأبعاد/التوزيعات (Dimensions/Distributions) | العملة (Currency) | المرفقات (Attachments) | الموافقات (Approvals) | التدقيق (Audit),الشركة (Company) | الفرع (Branch) | الفترة (Period) | رقم المستند/المرجع (Document/Reference No) | التاريخ (Date) | الحساب/الطرف (Account/Party) | العملة (Currency) | سعر الصرف (Exchange Rate) | مدين (Debit) | دائن (Credit) | المبلغ (Amount) | مركز التكلفة/الأبعاد (Cost Center/Dimensions) | الحالة (Status),التاريخ (Date) | المستند (Document) | الحساب/الطرف (Account/Party) | البيان (Description) | مدين (Debit) | دائن (Credit) | الرصيد (Balance) | الحالة (Status),جديد (New) | حفظ (Save) | تحقق (Validate) | اعتماد (Approve) | ترحيل (Post) | عكس (Reverse) | إلغاء (Cancel) | تخصيص/مطابقة (Allocate/Match) | طباعة (Print),Draft → Validated → Approved when required → Posted → Locked; reversal/cancellation only by controlled action,ACC-025.View | ACC-025.Create | ACC-025.Edit | ACC-025.Approve | ACC-025.Post,ChartOfAccounts | JournalEntries | JournalEntryLines | FinancialVouchers | FinancialVoucherLines | OpenItems | OpenItemAllocations | BankAccounts | BankStatements | BankReconciliations,"R47,R48",,,RETAIN_AND_NORMALIZE,NO,السجل القديم محفوظ كما هو.
U-SCR-237,ACC-026,ACC,المحاسبة والمالية,ميزان المراجعة,Trial Balance,ويب الإدارة/سطح المكتب (Admin Web/Desktop),P0,ميزان إجمالي/تفصيلي حسب الفترة والعملة والأبعاد.,الفلاتر (Filters) | النتائج (Results) | التفاصيل/Drill-down | الاستثناءات (Exceptions) | التصدير (Export),الشركة (Company) | الفرع (Branch) | الفترة (Period) | رقم المستند/المرجع (Document/Reference No) | التاريخ (Date) | الحساب/الطرف (Account/Party) | العملة (Currency) | سعر الصرف (Exchange Rate) | مدين (Debit) | دائن (Credit) | المبلغ (Amount) | مركز التكلفة/الأبعاد (Cost Center/Dimensions) | الحالة (Status),التاريخ (Date) | المستند (Document) | الحساب/الطرف (Account/Party) | البيان (Description) | مدين (Debit) | دائن (Credit) | الرصيد (Balance) | الحالة (Status),جديد (New) | حفظ (Save) | تحقق (Validate) | اعتماد (Approve) | ترحيل (Post) | عكس (Reverse) | إلغاء (Cancel) | تخصيص/مطابقة (Allocate/Match) | طباعة (Print),Draft → Validated → Approved when required → Posted → Locked; reversal/cancellation only by controlled action,ACC-026.View | ACC-026.Create | ACC-026.Edit | ACC-026.Approve | ACC-026.Post,ChartOfAccounts | JournalEntries | JournalEntryLines | FinancialVouchers | FinancialVoucherLines | OpenItems | OpenItemAllocations | BankAccounts | BankStatements | BankReconciliations,"R47,R48",,,RETAIN_AND_NORMALIZE,NO,السجل القديم محفوظ كما هو.
U-SCR-238,ACC-027,ACC,المحاسبة والمالية,كشف الحساب العام,General Account Statement,ويب الإدارة/سطح المكتب (Admin Web/Desktop),P0,حركة ورصيد حساب مع Drill-down للمستند المصدر.,الفلاتر (Filters) | النتائج (Results) | التفاصيل/Drill-down | الاستثناءات (Exceptions) | التصدير (Export),الشركة (Company) | الفرع (Branch) | الفترة (Period) | رقم المستند/المرجع (Document/Reference No) | التاريخ (Date) | الحساب/الطرف (Account/Party) | العملة (Currency) | سعر الصرف (Exchange Rate) | مدين (Debit) | دائن (Credit) | المبلغ (Amount) | مركز التكلفة/الأبعاد (Cost Center/Dimensions) | الحالة (Status),التاريخ (Date) | المستند (Document) | الحساب/الطرف (Account/Party) | البيان (Description) | مدين (Debit) | دائن (Credit) | الرصيد (Balance) | الحالة (Status),جديد (New) | حفظ (Save) | تحقق (Validate) | اعتماد (Approve) | ترحيل (Post) | عكس (Reverse) | إلغاء (Cancel) | تخصيص/مطابقة (Allocate/Match) | طباعة (Print),Draft → Validated → Approved when required → Posted → Locked; reversal/cancellation only by controlled action,ACC-027.View | ACC-027.Create | ACC-027.Edit | ACC-027.Approve | ACC-027.Post,ChartOfAccounts | JournalEntries | JournalEntryLines | FinancialVouchers | FinancialVoucherLines | OpenItems | OpenItemAllocations | BankAccounts | BankStatements | BankReconciliations,"R47,R48",,,RETAIN_AND_NORMALIZE,NO,السجل القديم محفوظ كما هو.
U-SCR-239,ACC-028,ACC,المحاسبة والمالية,دفتر اليومية العام,General Journal Report,ويب الإدارة/سطح المكتب (Admin Web/Desktop),P0,تقرير قيود وحركات اليومية بالفلاتر.,الفلاتر (Filters) | النتائج (Results) | التفاصيل/Drill-down | الاستثناءات (Exceptions) | التصدير (Export),الشركة (Company) | الفرع (Branch) | الفترة (Period) | رقم المستند/المرجع (Document/Reference No) | التاريخ (Date) | الحساب/الطرف (Account/Party) | العملة (Currency) | سعر الصرف (Exchange Rate) | مدين (Debit) | دائن (Credit) | المبلغ (Amount) | مركز التكلفة/الأبعاد (Cost Center/Dimensions) | الحالة (Status),التاريخ (Date) | المستند (Document) | الحساب/الطرف (Account/Party) | البيان (Description) | مدين (Debit) | دائن (Credit) | الرصيد (Balance) | الحالة (Status),جديد (New) | حفظ (Save) | تحقق (Validate) | اعتماد (Approve) | ترحيل (Post) | عكس (Reverse) | إلغاء (Cancel) | تخصيص/مطابقة (Allocate/Match) | طباعة (Print),Draft → Validated → Approved when required → Posted → Locked; reversal/cancellation only by controlled action,ACC-028.View | ACC-028.Create | ACC-028.Edit | ACC-028.Approve | ACC-028.Post,ChartOfAccounts | JournalEntries | JournalEntryLines | FinancialVouchers | FinancialVoucherLines | OpenItems | OpenItemAllocations | BankAccounts | BankStatements | BankReconciliations,"R47,R48",,,RETAIN_AND_NORMALIZE,NO,السجل القديم محفوظ كما هو.
U-SCR-240,ACC-029,ACC,المحاسبة والمالية,القيود غير المرحلة,Unposted Entries,ويب الإدارة/سطح المكتب (Admin Web/Desktop),P0,متابعة المسودات/المعلقة وغير المرحلة.,الفلاتر (Filters) | النتائج (Results) | التفاصيل/Drill-down | الاستثناءات (Exceptions) | التصدير (Export),الشركة (Company) | الفرع (Branch) | الفترة (Period) | رقم المستند/المرجع (Document/Reference No) | التاريخ (Date) | الحساب/الطرف (Account/Party) | العملة (Currency) | سعر الصرف (Exchange Rate) | مدين (Debit) | دائن (Credit) | المبلغ (Amount) | مركز التكلفة/الأبعاد (Cost Center/Dimensions) | الحالة (Status),التاريخ (Date) | المستند (Document) | الحساب/الطرف (Account/Party) | البيان (Description) | مدين (Debit) | دائن (Credit) | الرصيد (Balance) | الحالة (Status),جديد (New) | حفظ (Save) | تحقق (Validate) | اعتماد (Approve) | ترحيل (Post) | عكس (Reverse) | إلغاء (Cancel) | تخصيص/مطابقة (Allocate/Match) | طباعة (Print),Draft → Validated → Approved when required → Posted → Locked; reversal/cancellation only by controlled action,ACC-029.View | ACC-029.Create | ACC-029.Edit | ACC-029.Approve | ACC-029.Post,ChartOfAccounts | JournalEntries | JournalEntryLines | FinancialVouchers | FinancialVoucherLines | OpenItems | OpenItemAllocations | BankAccounts | BankStatements | BankReconciliations,"R47,R48",,,RETAIN_AND_NORMALIZE,NO,السجل القديم محفوظ كما هو.
U-SCR-241,ACC-030,ACC,المحاسبة والمالية,أرصدة الحسابات حسب العملة,Account Balances by Currency,ويب الإدارة/سطح المكتب (Admin Web/Desktop),P0,تحليل أرصدة الحسابات حسب عملة المعاملة/المحاسبة.,الفلاتر (Filters) | النتائج (Results) | التفاصيل/Drill-down | الاستثناءات (Exceptions) | التصدير (Export),الشركة (Company) | الفرع (Branch) | الفترة (Period) | رقم المستند/المرجع (Document/Reference No) | التاريخ (Date) | الحساب/الطرف (Account/Party) | العملة (Currency) | سعر الصرف (Exchange Rate) | مدين (Debit) | دائن (Credit) | المبلغ (Amount) | مركز التكلفة/الأبعاد (Cost Center/Dimensions) | الحالة (Status),التاريخ (Date) | المستند (Document) | الحساب/الطرف (Account/Party) | البيان (Description) | مدين (Debit) | دائن (Credit) | الرصيد (Balance) | الحالة (Status),جديد (New) | حفظ (Save) | تحقق (Validate) | اعتماد (Approve) | ترحيل (Post) | عكس (Reverse) | إلغاء (Cancel) | تخصيص/مطابقة (Allocate/Match) | طباعة (Print),Draft → Validated → Approved when required → Posted → Locked; reversal/cancellation only by controlled action,ACC-030.View | ACC-030.Create | ACC-030.Edit | ACC-030.Approve | ACC-030.Post,ChartOfAccounts | JournalEntries | JournalEntryLines | FinancialVouchers | FinancialVoucherLines | OpenItems | OpenItemAllocations | BankAccounts | BankStatements | BankReconciliations,"R47,R48",,,RETAIN_AND_NORMALIZE,NO,السجل القديم محفوظ كما هو.
U-SCR-242,ACC-031,ACC,المحاسبة والمالية,حركة الصندوق والبنك,Cash & Bank Movement,ويب الإدارة/سطح المكتب (Admin Web/Desktop),P0,كشف موحد لحركة الصناديق والحسابات البنكية.,الفلاتر (Filters) | النتائج (Results) | التفاصيل/Drill-down | الاستثناءات (Exceptions) | التصدير (Export),الشركة (Company) | الفرع (Branch) | الفترة (Period) | رقم المستند/المرجع (Document/Reference No) | التاريخ (Date) | الحساب/الطرف (Account/Party) | العملة (Currency) | سعر الصرف (Exchange Rate) | مدين (Debit) | دائن (Credit) | المبلغ (Amount) | مركز التكلفة/الأبعاد (Cost Center/Dimensions) | الحالة (Status),التاريخ (Date) | المستند (Document) | الحساب/الطرف (Account/Party) | البيان (Description) | مدين (Debit) | دائن (Credit) | الرصيد (Balance) | الحالة (Status),جديد (New) | حفظ (Save) | تحقق (Validate) | اعتماد (Approve) | ترحيل (Post) | عكس (Reverse) | إلغاء (Cancel) | تخصيص/مطابقة (Allocate/Match) | طباعة (Print),Draft → Validated → Approved when required → Posted → Locked; reversal/cancellation only by controlled action,ACC-031.View | ACC-031.Create | ACC-031.Edit | ACC-031.Approve | ACC-031.Post,ChartOfAccounts | JournalEntries | JournalEntryLines | FinancialVouchers | FinancialVoucherLines | OpenItems | OpenItemAllocations | BankAccounts | BankStatements | BankReconciliations,"R47,R48",,,RETAIN_AND_NORMALIZE,NO,السجل القديم محفوظ كما هو.
U-SCR-243,ACC-032,ACC,المحاسبة والمالية,إقفال الفترة,Period Close,ويب الإدارة/سطح المكتب (Admin Web/Desktop),P0,قائمة تحقق وإقفال مرحلي مع استثناءات وصلاحيات.,الرأس (Header) | التفاصيل (Details) | الأبعاد/التوزيعات (Dimensions/Distributions) | العملة (Currency) | المرفقات (Attachments) | الموافقات (Approvals) | التدقيق (Audit),الشركة (Company) | الفرع (Branch) | الفترة (Period) | رقم المستند/المرجع (Document/Reference No) | التاريخ (Date) | الحساب/الطرف (Account/Party) | العملة (Currency) | سعر الصرف (Exchange Rate) | مدين (Debit) | دائن (Credit) | المبلغ (Amount) | مركز التكلفة/الأبعاد (Cost Center/Dimensions) | الحالة (Status),التاريخ (Date) | المستند (Document) | الحساب/الطرف (Account/Party) | البيان (Description) | مدين (Debit) | دائن (Credit) | الرصيد (Balance) | الحالة (Status),جديد (New) | حفظ (Save) | تحقق (Validate) | اعتماد (Approve) | ترحيل (Post) | عكس (Reverse) | إلغاء (Cancel) | تخصيص/مطابقة (Allocate/Match) | طباعة (Print),Draft → Validated → Approved when required → Posted → Locked; reversal/cancellation only by controlled action,ACC-032.View | ACC-032.Create | ACC-032.Edit | ACC-032.Approve | ACC-032.Post,ChartOfAccounts | JournalEntries | JournalEntryLines | FinancialVouchers | FinancialVoucherLines | OpenItems | OpenItemAllocations | BankAccounts | BankStatements | BankReconciliations,"R47,R48",,,RETAIN_AND_NORMALIZE,NO,السجل القديم محفوظ كما هو.
U-SCR-244,ACC-033,ACC,المحاسبة والمالية,الإقفال السنوي,Year-End Close,ويب الإدارة/سطح المكتب (Admin Web/Desktop),P0,إقفال السنة وترحيل الأرصدة وإنشاء قيود الإقفال/الافتتاح.,الرأس (Header) | التفاصيل (Details) | الأبعاد/التوزيعات (Dimensions/Distributions) | العملة (Currency) | المرفقات (Attachments) | الموافقات (Approvals) | التدقيق (Audit),الشركة (Company) | الفرع (Branch) | الفترة (Period) | رقم المستند/المرجع (Document/Reference No) | التاريخ (Date) | الحساب/الطرف (Account/Party) | العملة (Currency) | سعر الصرف (Exchange Rate) | مدين (Debit) | دائن (Credit) | المبلغ (Amount) | مركز التكلفة/الأبعاد (Cost Center/Dimensions) | الحالة (Status),التاريخ (Date) | المستند (Document) | الحساب/الطرف (Account/Party) | البيان (Description) | مدين (Debit) | دائن (Credit) | الرصيد (Balance) | الحالة (Status),جديد (New) | حفظ (Save) | تحقق (Validate) | اعتماد (Approve) | ترحيل (Post) | عكس (Reverse) | إلغاء (Cancel) | تخصيص/مطابقة (Allocate/Match) | طباعة (Print),Draft → Validated → Approved when required → Posted → Locked; reversal/cancellation only by controlled action,ACC-033.View | ACC-033.Create | ACC-033.Edit | ACC-033.Approve | ACC-033.Post,ChartOfAccounts | JournalEntries | JournalEntryLines | FinancialVouchers | FinancialVoucherLines | OpenItems | OpenItemAllocations | BankAccounts | BankStatements | BankReconciliations,"R47,R48",,,RETAIN_AND_NORMALIZE,NO,السجل القديم محفوظ كما هو.
U-SCR-245,ACC-034,ACC,المحاسبة والمالية,القوائم المالية,Financial Statements,ويب الإدارة/سطح المكتب (Admin Web/Desktop),P0,قائمة الدخل والميزانية والتدفقات مع Drill-down.,الفلاتر (Filters) | النتائج (Results) | التفاصيل/Drill-down | الاستثناءات (Exceptions) | التصدير (Export),الشركة (Company) | الفرع (Branch) | الفترة (Period) | رقم المستند/المرجع (Document/Reference No) | التاريخ (Date) | الحساب/الطرف (Account/Party) | العملة (Currency) | سعر الصرف (Exchange Rate) | مدين (Debit) | دائن (Credit) | المبلغ (Amount) | مركز التكلفة/الأبعاد (Cost Center/Dimensions) | الحالة (Status),التاريخ (Date) | المستند (Document) | الحساب/الطرف (Account/Party) | البيان (Description) | مدين (Debit) | دائن (Credit) | الرصيد (Balance) | الحالة (Status),جديد (New) | حفظ (Save) | تحقق (Validate) | اعتماد (Approve) | ترحيل (Post) | عكس (Reverse) | إلغاء (Cancel) | تخصيص/مطابقة (Allocate/Match) | طباعة (Print),Draft → Validated → Approved when required → Posted → Locked; reversal/cancellation only by controlled action,ACC-034.View | ACC-034.Create | ACC-034.Edit | ACC-034.Approve | ACC-034.Post,ChartOfAccounts | JournalEntries | JournalEntryLines | FinancialVouchers | FinancialVoucherLines | OpenItems | OpenItemAllocations | BankAccounts | BankStatements | BankReconciliations,"R47,R48",,,RETAIN_AND_NORMALIZE,NO,السجل القديم محفوظ كما هو.
U-SCR-246,ACC-035,ACC,المحاسبة والمالية,الموازنات,Budgets,ويب الإدارة/سطح المكتب (Admin Web/Desktop),P0,إعداد الموازنة والخطوط والمراجعات والاعتماد.,الرأس (Header) | التفاصيل (Details) | الأبعاد/التوزيعات (Dimensions/Distributions) | العملة (Currency) | المرفقات (Attachments) | الموافقات (Approvals) | التدقيق (Audit),الشركة (Company) | الفرع (Branch) | الفترة (Period) | رقم المستند/المرجع (Document/Reference No) | التاريخ (Date) | الحساب/الطرف (Account/Party) | العملة (Currency) | سعر الصرف (Exchange Rate) | مدين (Debit) | دائن (Credit) | المبلغ (Amount) | مركز التكلفة/الأبعاد (Cost Center/Dimensions) | الحالة (Status),التاريخ (Date) | المستند (Document) | الحساب/الطرف (Account/Party) | البيان (Description) | مدين (Debit) | دائن (Credit) | الرصيد (Balance) | الحالة (Status),جديد (New) | حفظ (Save) | تحقق (Validate) | اعتماد (Approve) | ترحيل (Post) | عكس (Reverse) | إلغاء (Cancel) | تخصيص/مطابقة (Allocate/Match) | طباعة (Print),Draft → Validated → Approved when required → Posted → Locked; reversal/cancellation only by controlled action,ACC-035.View | ACC-035.Create | ACC-035.Edit | ACC-035.Approve | ACC-035.Post,ChartOfAccounts | JournalEntries | JournalEntryLines | FinancialVouchers | FinancialVoucherLines | OpenItems | OpenItemAllocations | BankAccounts | BankStatements | BankReconciliations,"R47,R48",,,RETAIN_AND_NORMALIZE,NO,السجل القديم محفوظ كما هو.
U-SCR-247,ACC-036,ACC,المحاسبة والمالية,سجل الأصول الثابتة,Fixed Asset Register,ويب الإدارة/سطح المكتب (Admin Web/Desktop),P0,تعريف الأصول وربطها بالموقع/المركز/الحساب.,البيانات الأساسية (General) | الإعدادات (Setup) | الربط والاستخدام (Usage) | المستندات (Documents) | التدقيق (Audit),الشركة (Company) | الفرع (Branch) | الفترة (Period) | رقم المستند/المرجع (Document/Reference No) | التاريخ (Date) | الحساب/الطرف (Account/Party) | العملة (Currency) | سعر الصرف (Exchange Rate) | مدين (Debit) | دائن (Credit) | المبلغ (Amount) | مركز التكلفة/الأبعاد (Cost Center/Dimensions) | الحالة (Status),التاريخ (Date) | المستند (Document) | الحساب/الطرف (Account/Party) | البيان (Description) | مدين (Debit) | دائن (Credit) | الرصيد (Balance) | الحالة (Status),جديد (New) | حفظ (Save) | تحقق (Validate) | اعتماد (Approve) | ترحيل (Post) | عكس (Reverse) | إلغاء (Cancel) | تخصيص/مطابقة (Allocate/Match) | طباعة (Print),Draft → Validated → Approved when required → Posted → Locked; reversal/cancellation only by controlled action,ACC-036.View | ACC-036.Create | ACC-036.Edit | ACC-036.Approve | ACC-036.Post,ChartOfAccounts | JournalEntries | JournalEntryLines | FinancialVouchers | FinancialVoucherLines | OpenItems | OpenItemAllocations | BankAccounts | BankStatements | BankReconciliations,"R47,R48",,,RETAIN_AND_NORMALIZE,NO,السجل القديم محفوظ كما هو.
U-SCR-248,ACC-037,ACC,المحاسبة والمالية,إهلاك الأصول,Asset Depreciation,ويب الإدارة/سطح المكتب (Admin Web/Desktop),P0,حساب ومراجعة وترحيل الإهلاك.,الرأس (Header) | التفاصيل (Details) | الأبعاد/التوزيعات (Dimensions/Distributions) | العملة (Currency) | المرفقات (Attachments) | الموافقات (Approvals) | التدقيق (Audit),الشركة (Company) | الفرع (Branch) | الفترة (Period) | رقم المستند/المرجع (Document/Reference No) | التاريخ (Date) | الحساب/الطرف (Account/Party) | العملة (Currency) | سعر الصرف (Exchange Rate) | مدين (Debit) | دائن (Credit) | المبلغ (Amount) | مركز التكلفة/الأبعاد (Cost Center/Dimensions) | الحالة (Status),التاريخ (Date) | المستند (Document) | الحساب/الطرف (Account/Party) | البيان (Description) | مدين (Debit) | دائن (Credit) | الرصيد (Balance) | الحالة (Status),جديد (New) | حفظ (Save) | تحقق (Validate) | اعتماد (Approve) | ترحيل (Post) | عكس (Reverse) | إلغاء (Cancel) | تخصيص/مطابقة (Allocate/Match) | طباعة (Print),Draft → Validated → Approved when required → Posted → Locked; reversal/cancellation only by controlled action,ACC-037.View | ACC-037.Create | ACC-037.Edit | ACC-037.Approve | ACC-037.Post,ChartOfAccounts | JournalEntries | JournalEntryLines | FinancialVouchers | FinancialVoucherLines | OpenItems | OpenItemAllocations | BankAccounts | BankStatements | BankReconciliations,"R47,R48",,,RETAIN_AND_NORMALIZE,NO,السجل القديم محفوظ كما هو.
U-SCR-249,ACC-038,ACC,المحاسبة والمالية,تحويل/استبعاد أصل,Asset Transfer / Disposal,ويب الإدارة/سطح المكتب (Admin Web/Desktop),P0,نقل الأصل أو بيعه/استبعاده مع الأثر المحاسبي.,الرأس (Header) | التفاصيل (Details) | الأبعاد/التوزيعات (Dimensions/Distributions) | العملة (Currency) | المرفقات (Attachments) | الموافقات (Approvals) | التدقيق (Audit),الشركة (Company) | الفرع (Branch) | الفترة (Period) | رقم المستند/المرجع (Document/Reference No) | التاريخ (Date) | الحساب/الطرف (Account/Party) | العملة (Currency) | سعر الصرف (Exchange Rate) | مدين (Debit) | دائن (Credit) | المبلغ (Amount) | مركز التكلفة/الأبعاد (Cost Center/Dimensions) | الحالة (Status),التاريخ (Date) | المستند (Document) | الحساب/الطرف (Account/Party) | البيان (Description) | مدين (Debit) | دائن (Credit) | الرصيد (Balance) | الحالة (Status),جديد (New) | حفظ (Save) | تحقق (Validate) | اعتماد (Approve) | ترحيل (Post) | عكس (Reverse) | إلغاء (Cancel) | تخصيص/مطابقة (Allocate/Match) | طباعة (Print),Draft → Validated → Approved when required → Posted → Locked; reversal/cancellation only by controlled action,ACC-038.View | ACC-038.Create | ACC-038.Edit | ACC-038.Approve | ACC-038.Post,ChartOfAccounts | JournalEntries | JournalEntryLines | FinancialVouchers | FinancialVoucherLines | OpenItems | OpenItemAllocations | BankAccounts | BankStatements | BankReconciliations,"R47,R48",,,RETAIN_AND_NORMALIZE,NO,السجل القديم محفوظ كما هو.
U-SCR-250,ACC-039,ACC,المحاسبة والمالية,مركز مطابقة الحسابات,Account Reconciliation Workspace,ويب الإدارة/سطح المكتب (Admin Web/Desktop),P0,عرض الاستثناءات ومطابقة الأستاذ مع الوحدات الفرعية.,الفلاتر (Filters) | النتائج (Results) | التفاصيل/Drill-down | الاستثناءات (Exceptions) | التصدير (Export),الشركة (Company) | الفرع (Branch) | الفترة (Period) | رقم المستند/المرجع (Document/Reference No) | التاريخ (Date) | الحساب/الطرف (Account/Party) | العملة (Currency) | سعر الصرف (Exchange Rate) | مدين (Debit) | دائن (Credit) | المبلغ (Amount) | مركز التكلفة/الأبعاد (Cost Center/Dimensions) | الحالة (Status),التاريخ (Date) | المستند (Document) | الحساب/الطرف (Account/Party) | البيان (Description) | مدين (Debit) | دائن (Credit) | الرصيد (Balance) | الحالة (Status),جديد (New) | حفظ (Save) | تحقق (Validate) | اعتماد (Approve) | ترحيل (Post) | عكس (Reverse) | إلغاء (Cancel) | تخصيص/مطابقة (Allocate/Match) | طباعة (Print),Draft → Validated → Approved when required → Posted → Locked; reversal/cancellation only by controlled action,ACC-039.View | ACC-039.Create | ACC-039.Edit | ACC-039.Approve | ACC-039.Post,ChartOfAccounts | JournalEntries | JournalEntryLines | FinancialVouchers | FinancialVoucherLines | OpenItems | OpenItemAllocations | BankAccounts | BankStatements | BankReconciliations,"R47,R48",,,RETAIN_AND_NORMALIZE,NO,السجل القديم محفوظ كما هو.
U-SCR-251,ACC-040,ACC,المحاسبة والمالية,مركز الاستثناءات المالية,Financial Exceptions Center,ويب الإدارة/سطح المكتب (Admin Web/Desktop),P0,متابعة الاستثناءات المالية عالية المخاطر والإجراءات التصحيحية.,الفلاتر (Filters) | النتائج (Results) | التفاصيل/Drill-down | الاستثناءات (Exceptions) | التصدير (Export),الشركة (Company) | الفرع (Branch) | الفترة (Period) | رقم المستند/المرجع (Document/Reference No) | التاريخ (Date) | الحساب/الطرف (Account/Party) | العملة (Currency) | سعر الصرف (Exchange Rate) | مدين (Debit) | دائن (Credit) | المبلغ (Amount) | مركز التكلفة/الأبعاد (Cost Center/Dimensions) | الحالة (Status),التاريخ (Date) | المستند (Document) | الحساب/الطرف (Account/Party) | البيان (Description) | مدين (Debit) | دائن (Credit) | الرصيد (Balance) | الحالة (Status),جديد (New) | حفظ (Save) | تحقق (Validate) | اعتماد (Approve) | ترحيل (Post) | عكس (Reverse) | إلغاء (Cancel) | تخصيص/مطابقة (Allocate/Match) | طباعة (Print),Draft → Validated → Approved when required → Posted → Locked; reversal/cancellation only by controlled action,ACC-040.View | ACC-040.Create | ACC-040.Edit | ACC-040.Approve | ACC-040.Post,ChartOfAccounts | JournalEntries | JournalEntryLines | FinancialVouchers | FinancialVoucherLines | OpenItems | OpenItemAllocations | BankAccounts | BankStatements | BankReconciliations,"R47,R48",,,RETAIN_AND_NORMALIZE,NO,السجل القديم محفوظ كما هو.
U-SCR-252,CUS-001,CUS,الجمارك والتخليص,ملفات التخليص الجمركي,Customs Clearance Files,ويب الإدارة/سطح المكتب (Admin Web/Desktop),P0,ملف موحد لكل عملية تخليص مرتبط بالشحنة/البوليصة.,الملف (File) | الشحنة (Shipment) | الإقرار (Declaration) | البنود (Lines) | المستندات (Documents) | الرسوم (Charges) | التصاريح (Permits) | المعاينة (Inspection) | الحالة (Status) | التدقيق (Audit),رقم الملف/الإقرار (File/Declaration No) | العميل (Customer) | الشحنة/البوليصة (Shipment/Waybill) | نوع الإجراء (Procedure) | المكتب الجمركي (Customs Office) | HS (HS Code) | القيمة (Value) | العملة (Currency) | الرسوم (Duties) | الحالة (Status),البند (Line) | HS (HS Code) | الوصف (Description) | الكمية (Quantity) | القيمة (Value) | الرسوم (Duties) | الحالة (Status),إنشاء (Create) | تحقق (Validate) | تقديم (Submit) | إعادة تقديم (Resubmit) | تسجيل معاينة (Inspect) | تسجيل دفع (Record Payment) | إفراج (Release) | إغلاق (Close),Draft → Documents Complete → Submitted → Accepted/Rejected → Inspection if required → Duties Paid → Released → Closed,CUS-001.View | CUS-001.Edit | CUS-001.Submit | CUS-001.Release,CustomsClearanceFiles | CustomsDeclarations | CustomsDeclarationLines | CustomsDocuments | CustomsCharges | CustomsInspections | CustomsPermits | CustomsStatusHistory,R46,,,RETAIN_AND_NORMALIZE,NO,السجل القديم محفوظ كما هو.
U-SCR-253,CUS-002,CUS,الجمارك والتخليص,الإقرارات الجمركية,Customs Declarations,ويب الإدارة/سطح المكتب (Admin Web/Desktop),P0,إنشاء ومتابعة إقرارات الاستيراد/التصدير.,الملف (File) | الشحنة (Shipment) | الإقرار (Declaration) | البنود (Lines) | المستندات (Documents) | الرسوم (Charges) | التصاريح (Permits) | المعاينة (Inspection) | الحالة (Status) | التدقيق (Audit),رقم الملف/الإقرار (File/Declaration No) | العميل (Customer) | الشحنة/البوليصة (Shipment/Waybill) | نوع الإجراء (Procedure) | المكتب الجمركي (Customs Office) | HS (HS Code) | القيمة (Value) | العملة (Currency) | الرسوم (Duties) | الحالة (Status),البند (Line) | HS (HS Code) | الوصف (Description) | الكمية (Quantity) | القيمة (Value) | الرسوم (Duties) | الحالة (Status),إنشاء (Create) | تحقق (Validate) | تقديم (Submit) | إعادة تقديم (Resubmit) | تسجيل معاينة (Inspect) | تسجيل دفع (Record Payment) | إفراج (Release) | إغلاق (Close),Draft → Documents Complete → Submitted → Accepted/Rejected → Inspection if required → Duties Paid → Released → Closed,CUS-002.View | CUS-002.Edit | CUS-002.Submit | CUS-002.Release,CustomsClearanceFiles | CustomsDeclarations | CustomsDeclarationLines | CustomsDocuments | CustomsCharges | CustomsInspections | CustomsPermits | CustomsStatusHistory,R46,,,RETAIN_AND_NORMALIZE,NO,السجل القديم محفوظ كما هو.
U-SCR-254,CUS-003,CUS,الجمارك والتخليص,بنود الإقرار الجمركي,Declaration Lines,ويب الإدارة/سطح المكتب (Admin Web/Desktop),P0,تفاصيل السلع والكميات والقيم والمنشأ وHS.,الملف (File) | الشحنة (Shipment) | الإقرار (Declaration) | البنود (Lines) | المستندات (Documents) | الرسوم (Charges) | التصاريح (Permits) | المعاينة (Inspection) | الحالة (Status) | التدقيق (Audit),رقم الملف/الإقرار (File/Declaration No) | العميل (Customer) | الشحنة/البوليصة (Shipment/Waybill) | نوع الإجراء (Procedure) | المكتب الجمركي (Customs Office) | HS (HS Code) | القيمة (Value) | العملة (Currency) | الرسوم (Duties) | الحالة (Status),البند (Line) | HS (HS Code) | الوصف (Description) | الكمية (Quantity) | القيمة (Value) | الرسوم (Duties) | الحالة (Status),إنشاء (Create) | تحقق (Validate) | تقديم (Submit) | إعادة تقديم (Resubmit) | تسجيل معاينة (Inspect) | تسجيل دفع (Record Payment) | إفراج (Release) | إغلاق (Close),Draft → Documents Complete → Submitted → Accepted/Rejected → Inspection if required → Duties Paid → Released → Closed,CUS-003.View | CUS-003.Edit | CUS-003.Submit | CUS-003.Release,CustomsClearanceFiles | CustomsDeclarations | CustomsDeclarationLines | CustomsDocuments | CustomsCharges | CustomsInspections | CustomsPermits | CustomsStatusHistory,R46,,,RETAIN_AND_NORMALIZE,NO,السجل القديم محفوظ كما هو.
U-SCR-255,CUS-004,CUS,الجمارك والتخليص,رموز النظام المنسق,HS Codes,ويب الإدارة/سطح المكتب (Admin Web/Desktop),P0,معجم HS والتصنيف والوصف والقيود.,البيانات الأساسية (General) | القواعد (Rules) | الربط (Usage) | التدقيق (Audit),رقم الملف/الإقرار (File/Declaration No) | العميل (Customer) | الشحنة/البوليصة (Shipment/Waybill) | نوع الإجراء (Procedure) | المكتب الجمركي (Customs Office) | HS (HS Code) | القيمة (Value) | العملة (Currency) | الرسوم (Duties) | الحالة (Status),البند (Line) | HS (HS Code) | الوصف (Description) | الكمية (Quantity) | القيمة (Value) | الرسوم (Duties) | الحالة (Status),إنشاء (Create) | تحقق (Validate) | تقديم (Submit) | إعادة تقديم (Resubmit) | تسجيل معاينة (Inspect) | تسجيل دفع (Record Payment) | إفراج (Release) | إغلاق (Close),Draft → Documents Complete → Submitted → Accepted/Rejected → Inspection if required → Duties Paid → Released → Closed,CUS-004.View | CUS-004.Edit | CUS-004.Submit | CUS-004.Release,CustomsClearanceFiles | CustomsDeclarations | CustomsDeclarationLines | CustomsDocuments | CustomsCharges | CustomsInspections | CustomsPermits | CustomsStatusHistory,R46,,,RETAIN_AND_NORMALIZE,NO,السجل القديم محفوظ كما هو.
U-SCR-256,CUS-005,CUS,الجمارك والتخليص,المكاتب والمنافذ الجمركية,Customs Offices & Ports,ويب الإدارة/سطح المكتب (Admin Web/Desktop),P0,تعريف المنافذ والمكاتب ونقاط العبور.,البيانات الأساسية (General) | القواعد (Rules) | الربط (Usage) | التدقيق (Audit),رقم الملف/الإقرار (File/Declaration No) | العميل (Customer) | الشحنة/البوليصة (Shipment/Waybill) | نوع الإجراء (Procedure) | المكتب الجمركي (Customs Office) | HS (HS Code) | القيمة (Value) | العملة (Currency) | الرسوم (Duties) | الحالة (Status),البند (Line) | HS (HS Code) | الوصف (Description) | الكمية (Quantity) | القيمة (Value) | الرسوم (Duties) | الحالة (Status),إنشاء (Create) | تحقق (Validate) | تقديم (Submit) | إعادة تقديم (Resubmit) | تسجيل معاينة (Inspect) | تسجيل دفع (Record Payment) | إفراج (Release) | إغلاق (Close),Draft → Documents Complete → Submitted → Accepted/Rejected → Inspection if required → Duties Paid → Released → Closed,CUS-005.View | CUS-005.Edit | CUS-005.Submit | CUS-005.Release,CustomsClearanceFiles | CustomsDeclarations | CustomsDeclarationLines | CustomsDocuments | CustomsCharges | CustomsInspections | CustomsPermits | CustomsStatusHistory,R46,,,RETAIN_AND_NORMALIZE,NO,السجل القديم محفوظ كما هو.
U-SCR-257,CUS-006,CUS,الجمارك والتخليص,الأنظمة/الإجراءات الجمركية,Customs Regimes & Procedures,ويب الإدارة/سطح المكتب (Admin Web/Desktop),P0,تعريف نوع الإجراء والنظام الجمركي.,البيانات الأساسية (General) | القواعد (Rules) | الربط (Usage) | التدقيق (Audit),رقم الملف/الإقرار (File/Declaration No) | العميل (Customer) | الشحنة/البوليصة (Shipment/Waybill) | نوع الإجراء (Procedure) | المكتب الجمركي (Customs Office) | HS (HS Code) | القيمة (Value) | العملة (Currency) | الرسوم (Duties) | الحالة (Status),البند (Line) | HS (HS Code) | الوصف (Description) | الكمية (Quantity) | القيمة (Value) | الرسوم (Duties) | الحالة (Status),إنشاء (Create) | تحقق (Validate) | تقديم (Submit) | إعادة تقديم (Resubmit) | تسجيل معاينة (Inspect) | تسجيل دفع (Record Payment) | إفراج (Release) | إغلاق (Close),Draft → Documents Complete → Submitted → Accepted/Rejected → Inspection if required → Duties Paid → Released → Closed,CUS-006.View | CUS-006.Edit | CUS-006.Submit | CUS-006.Release,CustomsClearanceFiles | CustomsDeclarations | CustomsDeclarationLines | CustomsDocuments | CustomsCharges | CustomsInspections | CustomsPermits | CustomsStatusHistory,R46,,,RETAIN_AND_NORMALIZE,NO,السجل القديم محفوظ كما هو.
U-SCR-258,CUS-007,CUS,الجمارك والتخليص,قائمة مستندات التخليص,Clearance Document Checklist,ويب الإدارة/سطح المكتب (Admin Web/Desktop),P0,قائمة تحقق للفواتير والمنشأ والبوليصة والتصاريح.,الملف (File) | الشحنة (Shipment) | الإقرار (Declaration) | البنود (Lines) | المستندات (Documents) | الرسوم (Charges) | التصاريح (Permits) | المعاينة (Inspection) | الحالة (Status) | التدقيق (Audit),رقم الملف/الإقرار (File/Declaration No) | العميل (Customer) | الشحنة/البوليصة (Shipment/Waybill) | نوع الإجراء (Procedure) | المكتب الجمركي (Customs Office) | HS (HS Code) | القيمة (Value) | العملة (Currency) | الرسوم (Duties) | الحالة (Status),البند (Line) | HS (HS Code) | الوصف (Description) | الكمية (Quantity) | القيمة (Value) | الرسوم (Duties) | الحالة (Status),إنشاء (Create) | تحقق (Validate) | تقديم (Submit) | إعادة تقديم (Resubmit) | تسجيل معاينة (Inspect) | تسجيل دفع (Record Payment) | إفراج (Release) | إغلاق (Close),Draft → Documents Complete → Submitted → Accepted/Rejected → Inspection if required → Duties Paid → Released → Closed,CUS-007.View | CUS-007.Edit | CUS-007.Submit | CUS-007.Release,CustomsClearanceFiles | CustomsDeclarations | CustomsDeclarationLines | CustomsDocuments | CustomsCharges | CustomsInspections | CustomsPermits | CustomsStatusHistory,R46,,,RETAIN_AND_NORMALIZE,NO,السجل القديم محفوظ كما هو.
U-SCR-259,CUS-008,CUS,الجمارك والتخليص,المستندات والفواتير التجارية,Commercial & Supporting Documents,ويب الإدارة/سطح المكتب (Admin Web/Desktop),P0,إدارة/استخراج بيانات المستندات المساندة.,الملف (File) | الشحنة (Shipment) | الإقرار (Declaration) | البنود (Lines) | المستندات (Documents) | الرسوم (Charges) | التصاريح (Permits) | المعاينة (Inspection) | الحالة (Status) | التدقيق (Audit),رقم الملف/الإقرار (File/Declaration No) | العميل (Customer) | الشحنة/البوليصة (Shipment/Waybill) | نوع الإجراء (Procedure) | المكتب الجمركي (Customs Office) | HS (HS Code) | القيمة (Value) | العملة (Currency) | الرسوم (Duties) | الحالة (Status),البند (Line) | HS (HS Code) | الوصف (Description) | الكمية (Quantity) | القيمة (Value) | الرسوم (Duties) | الحالة (Status),إنشاء (Create) | تحقق (Validate) | تقديم (Submit) | إعادة تقديم (Resubmit) | تسجيل معاينة (Inspect) | تسجيل دفع (Record Payment) | إفراج (Release) | إغلاق (Close),Draft → Documents Complete → Submitted → Accepted/Rejected → Inspection if required → Duties Paid → Released → Closed,CUS-008.View | CUS-008.Edit | CUS-008.Submit | CUS-008.Release,CustomsClearanceFiles | CustomsDeclarations | CustomsDeclarationLines | CustomsDocuments | CustomsCharges | CustomsInspections | CustomsPermits | CustomsStatusHistory,R46,,,RETAIN_AND_NORMALIZE,NO,السجل القديم محفوظ كما هو.
U-SCR-260,CUS-009,CUS,الجمارك والتخليص,التقييم الجمركي,Customs Valuation,ويب الإدارة/سطح المكتب (Admin Web/Desktop),P0,القيمة الجمركية وعناصر الإضافة/الخصم.,الملف (File) | الشحنة (Shipment) | الإقرار (Declaration) | البنود (Lines) | المستندات (Documents) | الرسوم (Charges) | التصاريح (Permits) | المعاينة (Inspection) | الحالة (Status) | التدقيق (Audit),رقم الملف/الإقرار (File/Declaration No) | العميل (Customer) | الشحنة/البوليصة (Shipment/Waybill) | نوع الإجراء (Procedure) | المكتب الجمركي (Customs Office) | HS (HS Code) | القيمة (Value) | العملة (Currency) | الرسوم (Duties) | الحالة (Status),البند (Line) | HS (HS Code) | الوصف (Description) | الكمية (Quantity) | القيمة (Value) | الرسوم (Duties) | الحالة (Status),إنشاء (Create) | تحقق (Validate) | تقديم (Submit) | إعادة تقديم (Resubmit) | تسجيل معاينة (Inspect) | تسجيل دفع (Record Payment) | إفراج (Release) | إغلاق (Close),Draft → Documents Complete → Submitted → Accepted/Rejected → Inspection if required → Duties Paid → Released → Closed,CUS-009.View | CUS-009.Edit | CUS-009.Submit | CUS-009.Release,CustomsClearanceFiles | CustomsDeclarations | CustomsDeclarationLines | CustomsDocuments | CustomsCharges | CustomsInspections | CustomsPermits | CustomsStatusHistory,R46,,,RETAIN_AND_NORMALIZE,NO,السجل القديم محفوظ كما هو.
U-SCR-261,CUS-010,CUS,الجمارك والتخليص,الرسوم والضرائب,Duties & Taxes,ويب الإدارة/سطح المكتب (Admin Web/Desktop),P0,احتساب الرسوم والضرائب والمبالغ الحكومية.,الملف (File) | الشحنة (Shipment) | الإقرار (Declaration) | البنود (Lines) | المستندات (Documents) | الرسوم (Charges) | التصاريح (Permits) | المعاينة (Inspection) | الحالة (Status) | التدقيق (Audit),رقم الملف/الإقرار (File/Declaration No) | العميل (Customer) | الشحنة/البوليصة (Shipment/Waybill) | نوع الإجراء (Procedure) | المكتب الجمركي (Customs Office) | HS (HS Code) | القيمة (Value) | العملة (Currency) | الرسوم (Duties) | الحالة (Status),البند (Line) | HS (HS Code) | الوصف (Description) | الكمية (Quantity) | القيمة (Value) | الرسوم (Duties) | الحالة (Status),إنشاء (Create) | تحقق (Validate) | تقديم (Submit) | إعادة تقديم (Resubmit) | تسجيل معاينة (Inspect) | تسجيل دفع (Record Payment) | إفراج (Release) | إغلاق (Close),Draft → Documents Complete → Submitted → Accepted/Rejected → Inspection if required → Duties Paid → Released → Closed,CUS-010.View | CUS-010.Edit | CUS-010.Submit | CUS-010.Release,CustomsClearanceFiles | CustomsDeclarations | CustomsDeclarationLines | CustomsDocuments | CustomsCharges | CustomsInspections | CustomsPermits | CustomsStatusHistory,R46,,,RETAIN_AND_NORMALIZE,NO,السجل القديم محفوظ كما هو.
U-SCR-262,CUS-011,CUS,الجمارك والتخليص,التصاريح والتراخيص,Permits & Licenses,ويب الإدارة/سطح المكتب (Admin Web/Desktop),P0,التحقق من صلاحية التصاريح والجهات.,الملف (File) | الشحنة (Shipment) | الإقرار (Declaration) | البنود (Lines) | المستندات (Documents) | الرسوم (Charges) | التصاريح (Permits) | المعاينة (Inspection) | الحالة (Status) | التدقيق (Audit),رقم الملف/الإقرار (File/Declaration No) | العميل (Customer) | الشحنة/البوليصة (Shipment/Waybill) | نوع الإجراء (Procedure) | المكتب الجمركي (Customs Office) | HS (HS Code) | القيمة (Value) | العملة (Currency) | الرسوم (Duties) | الحالة (Status),البند (Line) | HS (HS Code) | الوصف (Description) | الكمية (Quantity) | القيمة (Value) | الرسوم (Duties) | الحالة (Status),إنشاء (Create) | تحقق (Validate) | تقديم (Submit) | إعادة تقديم (Resubmit) | تسجيل معاينة (Inspect) | تسجيل دفع (Record Payment) | إفراج (Release) | إغلاق (Close),Draft → Documents Complete → Submitted → Accepted/Rejected → Inspection if required → Duties Paid → Released → Closed,CUS-011.View | CUS-011.Edit | CUS-011.Submit | CUS-011.Release,CustomsClearanceFiles | CustomsDeclarations | CustomsDeclarationLines | CustomsDocuments | CustomsCharges | CustomsInspections | CustomsPermits | CustomsStatusHistory,R46,,,RETAIN_AND_NORMALIZE,NO,السجل القديم محفوظ كما هو.
U-SCR-263,CUS-012,CUS,الجمارك والتخليص,فحص الامتثال,Compliance Screening,ويب الإدارة/سطح المكتب (Admin Web/Desktop),P0,فحص المخاطر والسلع المقيدة والقواعد التنظيمية.,الملف (File) | الشحنة (Shipment) | الإقرار (Declaration) | البنود (Lines) | المستندات (Documents) | الرسوم (Charges) | التصاريح (Permits) | المعاينة (Inspection) | الحالة (Status) | التدقيق (Audit),رقم الملف/الإقرار (File/Declaration No) | العميل (Customer) | الشحنة/البوليصة (Shipment/Waybill) | نوع الإجراء (Procedure) | المكتب الجمركي (Customs Office) | HS (HS Code) | القيمة (Value) | العملة (Currency) | الرسوم (Duties) | الحالة (Status),البند (Line) | HS (HS Code) | الوصف (Description) | الكمية (Quantity) | القيمة (Value) | الرسوم (Duties) | الحالة (Status),إنشاء (Create) | تحقق (Validate) | تقديم (Submit) | إعادة تقديم (Resubmit) | تسجيل معاينة (Inspect) | تسجيل دفع (Record Payment) | إفراج (Release) | إغلاق (Close),Draft → Documents Complete → Submitted → Accepted/Rejected → Inspection if required → Duties Paid → Released → Closed,CUS-012.View | CUS-012.Edit | CUS-012.Submit | CUS-012.Release,CustomsClearanceFiles | CustomsDeclarations | CustomsDeclarationLines | CustomsDocuments | CustomsCharges | CustomsInspections | CustomsPermits | CustomsStatusHistory,R46,,,RETAIN_AND_NORMALIZE,NO,السجل القديم محفوظ كما هو.
U-SCR-264,CUS-013,CUS,الجمارك والتخليص,طلبات/مواعيد المعاينة,Inspection Requests,ويب الإدارة/سطح المكتب (Admin Web/Desktop),P0,تسجيل موعد ومكان ونتيجة المعاينة.,الملف (File) | الشحنة (Shipment) | الإقرار (Declaration) | البنود (Lines) | المستندات (Documents) | الرسوم (Charges) | التصاريح (Permits) | المعاينة (Inspection) | الحالة (Status) | التدقيق (Audit),رقم الملف/الإقرار (File/Declaration No) | العميل (Customer) | الشحنة/البوليصة (Shipment/Waybill) | نوع الإجراء (Procedure) | المكتب الجمركي (Customs Office) | HS (HS Code) | القيمة (Value) | العملة (Currency) | الرسوم (Duties) | الحالة (Status),البند (Line) | HS (HS Code) | الوصف (Description) | الكمية (Quantity) | القيمة (Value) | الرسوم (Duties) | الحالة (Status),إنشاء (Create) | تحقق (Validate) | تقديم (Submit) | إعادة تقديم (Resubmit) | تسجيل معاينة (Inspect) | تسجيل دفع (Record Payment) | إفراج (Release) | إغلاق (Close),Draft → Documents Complete → Submitted → Accepted/Rejected → Inspection if required → Duties Paid → Released → Closed,CUS-013.View | CUS-013.Edit | CUS-013.Submit | CUS-013.Release,CustomsClearanceFiles | CustomsDeclarations | CustomsDeclarationLines | CustomsDocuments | CustomsCharges | CustomsInspections | CustomsPermits | CustomsStatusHistory,R46,,,RETAIN_AND_NORMALIZE,NO,السجل القديم محفوظ كما هو.
U-SCR-265,CUS-014,CUS,الجمارك والتخليص,مدفوعات الجمارك,Customs Payments,ويب الإدارة/سطح المكتب (Admin Web/Desktop),P0,إثبات سداد الرسوم وربطها بالملف.,الملف (File) | الشحنة (Shipment) | الإقرار (Declaration) | البنود (Lines) | المستندات (Documents) | الرسوم (Charges) | التصاريح (Permits) | المعاينة (Inspection) | الحالة (Status) | التدقيق (Audit),رقم الملف/الإقرار (File/Declaration No) | العميل (Customer) | الشحنة/البوليصة (Shipment/Waybill) | نوع الإجراء (Procedure) | المكتب الجمركي (Customs Office) | HS (HS Code) | القيمة (Value) | العملة (Currency) | الرسوم (Duties) | الحالة (Status),البند (Line) | HS (HS Code) | الوصف (Description) | الكمية (Quantity) | القيمة (Value) | الرسوم (Duties) | الحالة (Status),إنشاء (Create) | تحقق (Validate) | تقديم (Submit) | إعادة تقديم (Resubmit) | تسجيل معاينة (Inspect) | تسجيل دفع (Record Payment) | إفراج (Release) | إغلاق (Close),Draft → Documents Complete → Submitted → Accepted/Rejected → Inspection if required → Duties Paid → Released → Closed,CUS-014.View | CUS-014.Edit | CUS-014.Submit | CUS-014.Release,CustomsClearanceFiles | CustomsDeclarations | CustomsDeclarationLines | CustomsDocuments | CustomsCharges | CustomsInspections | CustomsPermits | CustomsStatusHistory,R46,,,RETAIN_AND_NORMALIZE,NO,السجل القديم محفوظ كما هو.
U-SCR-266,CUS-015,CUS,الجمارك والتخليص,الإفراج الجمركي,Customs Release,ويب الإدارة/سطح المكتب (Admin Web/Desktop),P0,توثيق الإفراج والقيود والملاحظات.,الملف (File) | الشحنة (Shipment) | الإقرار (Declaration) | البنود (Lines) | المستندات (Documents) | الرسوم (Charges) | التصاريح (Permits) | المعاينة (Inspection) | الحالة (Status) | التدقيق (Audit),رقم الملف/الإقرار (File/Declaration No) | العميل (Customer) | الشحنة/البوليصة (Shipment/Waybill) | نوع الإجراء (Procedure) | المكتب الجمركي (Customs Office) | HS (HS Code) | القيمة (Value) | العملة (Currency) | الرسوم (Duties) | الحالة (Status),البند (Line) | HS (HS Code) | الوصف (Description) | الكمية (Quantity) | القيمة (Value) | الرسوم (Duties) | الحالة (Status),إنشاء (Create) | تحقق (Validate) | تقديم (Submit) | إعادة تقديم (Resubmit) | تسجيل معاينة (Inspect) | تسجيل دفع (Record Payment) | إفراج (Release) | إغلاق (Close),Draft → Documents Complete → Submitted → Accepted/Rejected → Inspection if required → Duties Paid → Released → Closed,CUS-015.View | CUS-015.Edit | CUS-015.Submit | CUS-015.Release,CustomsClearanceFiles | CustomsDeclarations | CustomsDeclarationLines | CustomsDocuments | CustomsCharges | CustomsInspections | CustomsPermits | CustomsStatusHistory,R46,,,RETAIN_AND_NORMALIZE,NO,السجل القديم محفوظ كما هو.
U-SCR-267,CUS-016,CUS,الجمارك والتخليص,الربط بالشحنة والبوليصة,Shipment / Waybill Link,ويب الإدارة/سطح المكتب (Admin Web/Desktop),P0,ربط ملف التخليص بالشحنة والمراحل والمستندات.,الملف (File) | الشحنة (Shipment) | الإقرار (Declaration) | البنود (Lines) | المستندات (Documents) | الرسوم (Charges) | التصاريح (Permits) | المعاينة (Inspection) | الحالة (Status) | التدقيق (Audit),رقم الملف/الإقرار (File/Declaration No) | العميل (Customer) | الشحنة/البوليصة (Shipment/Waybill) | نوع الإجراء (Procedure) | المكتب الجمركي (Customs Office) | HS (HS Code) | القيمة (Value) | العملة (Currency) | الرسوم (Duties) | الحالة (Status),البند (Line) | HS (HS Code) | الوصف (Description) | الكمية (Quantity) | القيمة (Value) | الرسوم (Duties) | الحالة (Status),إنشاء (Create) | تحقق (Validate) | تقديم (Submit) | إعادة تقديم (Resubmit) | تسجيل معاينة (Inspect) | تسجيل دفع (Record Payment) | إفراج (Release) | إغلاق (Close),Draft → Documents Complete → Submitted → Accepted/Rejected → Inspection if required → Duties Paid → Released → Closed,CUS-016.View | CUS-016.Edit | CUS-016.Submit | CUS-016.Release,CustomsClearanceFiles | CustomsDeclarations | CustomsDeclarationLines | CustomsDocuments | CustomsCharges | CustomsInspections | CustomsPermits | CustomsStatusHistory,R46,,,RETAIN_AND_NORMALIZE,NO,السجل القديم محفوظ كما هو.
U-SCR-268,CUS-017,CUS,الجمارك والتخليص,مهام المخلص,Broker Task Board,ويب الإدارة/سطح المكتب (Admin Web/Desktop),P0,إسناد ومتابعة مهام المخلص والمواعيد.,الملف (File) | الشحنة (Shipment) | الإقرار (Declaration) | البنود (Lines) | المستندات (Documents) | الرسوم (Charges) | التصاريح (Permits) | المعاينة (Inspection) | الحالة (Status) | التدقيق (Audit),رقم الملف/الإقرار (File/Declaration No) | العميل (Customer) | الشحنة/البوليصة (Shipment/Waybill) | نوع الإجراء (Procedure) | المكتب الجمركي (Customs Office) | HS (HS Code) | القيمة (Value) | العملة (Currency) | الرسوم (Duties) | الحالة (Status),البند (Line) | HS (HS Code) | الوصف (Description) | الكمية (Quantity) | القيمة (Value) | الرسوم (Duties) | الحالة (Status),إنشاء (Create) | تحقق (Validate) | تقديم (Submit) | إعادة تقديم (Resubmit) | تسجيل معاينة (Inspect) | تسجيل دفع (Record Payment) | إفراج (Release) | إغلاق (Close),Draft → Documents Complete → Submitted → Accepted/Rejected → Inspection if required → Duties Paid → Released → Closed,CUS-017.View | CUS-017.Edit | CUS-017.Submit | CUS-017.Release,CustomsClearanceFiles | CustomsDeclarations | CustomsDeclarationLines | CustomsDocuments | CustomsCharges | CustomsInspections | CustomsPermits | CustomsStatusHistory,R46,,,RETAIN_AND_NORMALIZE,NO,السجل القديم محفوظ كما هو.
U-SCR-269,CUS-018,CUS,الجمارك والتخليص,خط زمني لحالة التخليص,Clearance Status Timeline,ويب الإدارة/سطح المكتب (Admin Web/Desktop),P0,أحداث Submitted/Accepted/Rejected/Inspection/Released.,الملف (File) | الشحنة (Shipment) | الإقرار (Declaration) | البنود (Lines) | المستندات (Documents) | الرسوم (Charges) | التصاريح (Permits) | المعاينة (Inspection) | الحالة (Status) | التدقيق (Audit),رقم الملف/الإقرار (File/Declaration No) | العميل (Customer) | الشحنة/البوليصة (Shipment/Waybill) | نوع الإجراء (Procedure) | المكتب الجمركي (Customs Office) | HS (HS Code) | القيمة (Value) | العملة (Currency) | الرسوم (Duties) | الحالة (Status),البند (Line) | HS (HS Code) | الوصف (Description) | الكمية (Quantity) | القيمة (Value) | الرسوم (Duties) | الحالة (Status),إنشاء (Create) | تحقق (Validate) | تقديم (Submit) | إعادة تقديم (Resubmit) | تسجيل معاينة (Inspect) | تسجيل دفع (Record Payment) | إفراج (Release) | إغلاق (Close),Draft → Documents Complete → Submitted → Accepted/Rejected → Inspection if required → Duties Paid → Released → Closed,CUS-018.View | CUS-018.Edit | CUS-018.Submit | CUS-018.Release,CustomsClearanceFiles | CustomsDeclarations | CustomsDeclarationLines | CustomsDocuments | CustomsCharges | CustomsInspections | CustomsPermits | CustomsStatusHistory,R46,,,RETAIN_AND_NORMALIZE,NO,السجل القديم محفوظ كما هو.
U-SCR-270,CUS-019,CUS,الجمارك والتخليص,استثناءات ورفض الجمارك,Customs Exceptions & Rejections,ويب الإدارة/سطح المكتب (Admin Web/Desktop),P0,معالجة الرفض والنواقص وإعادة التقديم.,الملف (File) | الشحنة (Shipment) | الإقرار (Declaration) | البنود (Lines) | المستندات (Documents) | الرسوم (Charges) | التصاريح (Permits) | المعاينة (Inspection) | الحالة (Status) | التدقيق (Audit),رقم الملف/الإقرار (File/Declaration No) | العميل (Customer) | الشحنة/البوليصة (Shipment/Waybill) | نوع الإجراء (Procedure) | المكتب الجمركي (Customs Office) | HS (HS Code) | القيمة (Value) | العملة (Currency) | الرسوم (Duties) | الحالة (Status),البند (Line) | HS (HS Code) | الوصف (Description) | الكمية (Quantity) | القيمة (Value) | الرسوم (Duties) | الحالة (Status),إنشاء (Create) | تحقق (Validate) | تقديم (Submit) | إعادة تقديم (Resubmit) | تسجيل معاينة (Inspect) | تسجيل دفع (Record Payment) | إفراج (Release) | إغلاق (Close),Draft → Documents Complete → Submitted → Accepted/Rejected → Inspection if required → Duties Paid → Released → Closed,CUS-019.View | CUS-019.Edit | CUS-019.Submit | CUS-019.Release,CustomsClearanceFiles | CustomsDeclarations | CustomsDeclarationLines | CustomsDocuments | CustomsCharges | CustomsInspections | CustomsPermits | CustomsStatusHistory,R46,,,RETAIN_AND_NORMALIZE,NO,السجل القديم محفوظ كما هو.
U-SCR-271,CUS-020,CUS,الجمارك والتخليص,تقارير الجمارك والامتثال,Customs & Compliance Reports,ويب الإدارة/سطح المكتب (Admin Web/Desktop),P0,تقارير الملفات والرسوم والزمن والاستثناءات.,الفلاتر (Filters) | النتائج (Results) | المؤشرات (KPIs) | التصدير (Export),رقم الملف/الإقرار (File/Declaration No) | العميل (Customer) | الشحنة/البوليصة (Shipment/Waybill) | نوع الإجراء (Procedure) | المكتب الجمركي (Customs Office) | HS (HS Code) | القيمة (Value) | العملة (Currency) | الرسوم (Duties) | الحالة (Status),البند (Line) | HS (HS Code) | الوصف (Description) | الكمية (Quantity) | القيمة (Value) | الرسوم (Duties) | الحالة (Status),إنشاء (Create) | تحقق (Validate) | تقديم (Submit) | إعادة تقديم (Resubmit) | تسجيل معاينة (Inspect) | تسجيل دفع (Record Payment) | إفراج (Release) | إغلاق (Close),Draft → Documents Complete → Submitted → Accepted/Rejected → Inspection if required → Duties Paid → Released → Closed,CUS-020.View | CUS-020.Edit | CUS-020.Submit | CUS-020.Release,CustomsClearanceFiles | CustomsDeclarations | CustomsDeclarationLines | CustomsDocuments | CustomsCharges | CustomsInspections | CustomsPermits | CustomsStatusHistory,R46,,,RETAIN_AND_NORMALIZE,NO,السجل القديم محفوظ كما هو.
U-SCR-272,HR-001,HR,الموارد البشرية والرواتب,ملف الموظف,Employee Profile,ويب الإدارة/سطح المكتب + خدمة ذاتية عند الحاجة (Admin + Self-Service),P1,السجل الموحد للموظف وبياناته الوظيفية.,البيانات الأساسية (General) | الوظيفة/العقد (Employment/Contract) | الجدول والحضور (Schedule/Attendance) | الرواتب (Payroll) | الوثائق (Documents) | الطلبات (Requests) | التدقيق (Audit),رقم الموظف (Employee No) | الموظف (Employee) | الشركة/الفرع (Company/Branch) | الإدارة (Department) | الوظيفة (Job) | التاريخ (Date) | الوردية (Shift) | الحالة (Status) | المبلغ/الساعات (Amount/Hours),الموظف (Employee) | الإدارة (Department) | الوظيفة (Job) | التاريخ (Date) | القيمة (Value) | الحالة (Status),جديد (New) | حفظ (Save) | طلب (Request) | اعتماد (Approve) | رفض (Reject) | احتساب (Calculate) | إقفال (Close) | طباعة (Print),Draft/Request → Validation → Approval when required → Effective/Processed → Audit,HR-001.View | HR-001.Edit | HR-001.Approve,Employees | EmployeeContracts | EmployeeDocuments | Jobs | Positions | Shifts | EmployeeSchedules | AttendanceEntries | LeaveRequests | PayrollRuns | PayrollRunLines,R49,,,RETAIN_AND_NORMALIZE,NO,السجل القديم محفوظ كما هو.
U-SCR-273,HR-002,HR,الموارد البشرية والرواتب,الهيكل التنظيمي للموارد البشرية,HR Organization Structure,ويب الإدارة/سطح المكتب + خدمة ذاتية عند الحاجة (Admin + Self-Service),P1,الإدارات والأقسام وعلاقات التقارير.,البيانات الأساسية (General) | القواعد (Rules) | الاستخدام (Usage) | التدقيق (Audit),رقم الموظف (Employee No) | الموظف (Employee) | الشركة/الفرع (Company/Branch) | الإدارة (Department) | الوظيفة (Job) | التاريخ (Date) | الوردية (Shift) | الحالة (Status) | المبلغ/الساعات (Amount/Hours),الموظف (Employee) | الإدارة (Department) | الوظيفة (Job) | التاريخ (Date) | القيمة (Value) | الحالة (Status),جديد (New) | حفظ (Save) | طلب (Request) | اعتماد (Approve) | رفض (Reject) | احتساب (Calculate) | إقفال (Close) | طباعة (Print),Draft/Request → Validation → Approval when required → Effective/Processed → Audit,HR-002.View | HR-002.Edit | HR-002.Approve,Employees | EmployeeContracts | EmployeeDocuments | Jobs | Positions | Shifts | EmployeeSchedules | AttendanceEntries | LeaveRequests | PayrollRuns | PayrollRunLines,R49,,,RETAIN_AND_NORMALIZE,NO,السجل القديم محفوظ كما هو.
U-SCR-274,HR-003,HR,الموارد البشرية والرواتب,الوظائف,Jobs,ويب الإدارة/سطح المكتب + خدمة ذاتية عند الحاجة (Admin + Self-Service),P1,تعريف الوظائف والمتطلبات.,البيانات الأساسية (General) | القواعد (Rules) | الاستخدام (Usage) | التدقيق (Audit),رقم الموظف (Employee No) | الموظف (Employee) | الشركة/الفرع (Company/Branch) | الإدارة (Department) | الوظيفة (Job) | التاريخ (Date) | الوردية (Shift) | الحالة (Status) | المبلغ/الساعات (Amount/Hours),الموظف (Employee) | الإدارة (Department) | الوظيفة (Job) | التاريخ (Date) | القيمة (Value) | الحالة (Status),جديد (New) | حفظ (Save) | طلب (Request) | اعتماد (Approve) | رفض (Reject) | احتساب (Calculate) | إقفال (Close) | طباعة (Print),Draft/Request → Validation → Approval when required → Effective/Processed → Audit,HR-003.View | HR-003.Edit | HR-003.Approve,Employees | EmployeeContracts | EmployeeDocuments | Jobs | Positions | Shifts | EmployeeSchedules | AttendanceEntries | LeaveRequests | PayrollRuns | PayrollRunLines,R49,,,RETAIN_AND_NORMALIZE,NO,السجل القديم محفوظ كما هو.
U-SCR-275,HR-004,HR,الموارد البشرية والرواتب,المناصب,Positions,ويب الإدارة/سطح المكتب + خدمة ذاتية عند الحاجة (Admin + Self-Service),P1,المناصب المعتمدة والشواغر وربطها بالوحدات.,البيانات الأساسية (General) | القواعد (Rules) | الاستخدام (Usage) | التدقيق (Audit),رقم الموظف (Employee No) | الموظف (Employee) | الشركة/الفرع (Company/Branch) | الإدارة (Department) | الوظيفة (Job) | التاريخ (Date) | الوردية (Shift) | الحالة (Status) | المبلغ/الساعات (Amount/Hours),الموظف (Employee) | الإدارة (Department) | الوظيفة (Job) | التاريخ (Date) | القيمة (Value) | الحالة (Status),جديد (New) | حفظ (Save) | طلب (Request) | اعتماد (Approve) | رفض (Reject) | احتساب (Calculate) | إقفال (Close) | طباعة (Print),Draft/Request → Validation → Approval when required → Effective/Processed → Audit,HR-004.View | HR-004.Edit | HR-004.Approve,Employees | EmployeeContracts | EmployeeDocuments | Jobs | Positions | Shifts | EmployeeSchedules | AttendanceEntries | LeaveRequests | PayrollRuns | PayrollRunLines,R49,,,RETAIN_AND_NORMALIZE,NO,السجل القديم محفوظ كما هو.
U-SCR-276,HR-005,HR,الموارد البشرية والرواتب,عقود الموظفين,Employee Contracts,ويب الإدارة/سطح المكتب + خدمة ذاتية عند الحاجة (Admin + Self-Service),P1,إدارة العقود والمدة والأجر والشروط.,البيانات الأساسية (General) | الوظيفة/العقد (Employment/Contract) | الجدول والحضور (Schedule/Attendance) | الرواتب (Payroll) | الوثائق (Documents) | الطلبات (Requests) | التدقيق (Audit),رقم الموظف (Employee No) | الموظف (Employee) | الشركة/الفرع (Company/Branch) | الإدارة (Department) | الوظيفة (Job) | التاريخ (Date) | الوردية (Shift) | الحالة (Status) | المبلغ/الساعات (Amount/Hours),الموظف (Employee) | الإدارة (Department) | الوظيفة (Job) | التاريخ (Date) | القيمة (Value) | الحالة (Status),جديد (New) | حفظ (Save) | طلب (Request) | اعتماد (Approve) | رفض (Reject) | احتساب (Calculate) | إقفال (Close) | طباعة (Print),Draft/Request → Validation → Approval when required → Effective/Processed → Audit,HR-005.View | HR-005.Edit | HR-005.Approve,Employees | EmployeeContracts | EmployeeDocuments | Jobs | Positions | Shifts | EmployeeSchedules | AttendanceEntries | LeaveRequests | PayrollRuns | PayrollRunLines,R49,,,RETAIN_AND_NORMALIZE,NO,السجل القديم محفوظ كما هو.
U-SCR-277,HR-006,HR,الموارد البشرية والرواتب,وثائق الموظف,Employee Documents,ويب الإدارة/سطح المكتب + خدمة ذاتية عند الحاجة (Admin + Self-Service),P1,الهوية والجواز والرخص والشهادات وتواريخ الانتهاء.,البيانات الأساسية (General) | الوظيفة/العقد (Employment/Contract) | الجدول والحضور (Schedule/Attendance) | الرواتب (Payroll) | الوثائق (Documents) | الطلبات (Requests) | التدقيق (Audit),رقم الموظف (Employee No) | الموظف (Employee) | الشركة/الفرع (Company/Branch) | الإدارة (Department) | الوظيفة (Job) | التاريخ (Date) | الوردية (Shift) | الحالة (Status) | المبلغ/الساعات (Amount/Hours),الموظف (Employee) | الإدارة (Department) | الوظيفة (Job) | التاريخ (Date) | القيمة (Value) | الحالة (Status),جديد (New) | حفظ (Save) | طلب (Request) | اعتماد (Approve) | رفض (Reject) | احتساب (Calculate) | إقفال (Close) | طباعة (Print),Draft/Request → Validation → Approval when required → Effective/Processed → Audit,HR-006.View | HR-006.Edit | HR-006.Approve,Employees | EmployeeContracts | EmployeeDocuments | Jobs | Positions | Shifts | EmployeeSchedules | AttendanceEntries | LeaveRequests | PayrollRuns | PayrollRunLines,R49,,,RETAIN_AND_NORMALIZE,NO,السجل القديم محفوظ كما هو.
U-SCR-278,HR-007,HR,الموارد البشرية والرواتب,تأهيل السائق وظيفيًا,Driver HR Qualification,ويب الإدارة/سطح المكتب + خدمة ذاتية عند الحاجة (Admin + Self-Service),P1,ربط بيانات السائق الوظيفية بالرخص والفئات والتأهيل.,البيانات الأساسية (General) | الوظيفة/العقد (Employment/Contract) | الجدول والحضور (Schedule/Attendance) | الرواتب (Payroll) | الوثائق (Documents) | الطلبات (Requests) | التدقيق (Audit),رقم الموظف (Employee No) | الموظف (Employee) | الشركة/الفرع (Company/Branch) | الإدارة (Department) | الوظيفة (Job) | التاريخ (Date) | الوردية (Shift) | الحالة (Status) | المبلغ/الساعات (Amount/Hours),الموظف (Employee) | الإدارة (Department) | الوظيفة (Job) | التاريخ (Date) | القيمة (Value) | الحالة (Status),جديد (New) | حفظ (Save) | طلب (Request) | اعتماد (Approve) | رفض (Reject) | احتساب (Calculate) | إقفال (Close) | طباعة (Print),Draft/Request → Validation → Approval when required → Effective/Processed → Audit,HR-007.View | HR-007.Edit | HR-007.Approve,Employees | EmployeeContracts | EmployeeDocuments | Jobs | Positions | Shifts | EmployeeSchedules | AttendanceEntries | LeaveRequests | PayrollRuns | PayrollRunLines,R49,,,RETAIN_AND_NORMALIZE,NO,السجل القديم محفوظ كما هو.
U-SCR-279,HR-008,HR,الموارد البشرية والرواتب,الورديات,Shifts,ويب الإدارة/سطح المكتب + خدمة ذاتية عند الحاجة (Admin + Self-Service),P1,تعريف الورديات والاستراحات والقواعد.,البيانات الأساسية (General) | القواعد (Rules) | الاستخدام (Usage) | التدقيق (Audit),رقم الموظف (Employee No) | الموظف (Employee) | الشركة/الفرع (Company/Branch) | الإدارة (Department) | الوظيفة (Job) | التاريخ (Date) | الوردية (Shift) | الحالة (Status) | المبلغ/الساعات (Amount/Hours),الموظف (Employee) | الإدارة (Department) | الوظيفة (Job) | التاريخ (Date) | القيمة (Value) | الحالة (Status),جديد (New) | حفظ (Save) | طلب (Request) | اعتماد (Approve) | رفض (Reject) | احتساب (Calculate) | إقفال (Close) | طباعة (Print),Draft/Request → Validation → Approval when required → Effective/Processed → Audit,HR-008.View | HR-008.Edit | HR-008.Approve,Employees | EmployeeContracts | EmployeeDocuments | Jobs | Positions | Shifts | EmployeeSchedules | AttendanceEntries | LeaveRequests | PayrollRuns | PayrollRunLines,R49,,,RETAIN_AND_NORMALIZE,NO,السجل القديم محفوظ كما هو.
U-SCR-280,HR-009,HR,الموارد البشرية والرواتب,جداول الموظفين,Employee Schedules,ويب الإدارة/سطح المكتب + خدمة ذاتية عند الحاجة (Admin + Self-Service),P1,إسناد الورديات والأيام للموظفين.,البيانات الأساسية (General) | الوظيفة/العقد (Employment/Contract) | الجدول والحضور (Schedule/Attendance) | الرواتب (Payroll) | الوثائق (Documents) | الطلبات (Requests) | التدقيق (Audit),رقم الموظف (Employee No) | الموظف (Employee) | الشركة/الفرع (Company/Branch) | الإدارة (Department) | الوظيفة (Job) | التاريخ (Date) | الوردية (Shift) | الحالة (Status) | المبلغ/الساعات (Amount/Hours),الموظف (Employee) | الإدارة (Department) | الوظيفة (Job) | التاريخ (Date) | القيمة (Value) | الحالة (Status),جديد (New) | حفظ (Save) | طلب (Request) | اعتماد (Approve) | رفض (Reject) | احتساب (Calculate) | إقفال (Close) | طباعة (Print),Draft/Request → Validation → Approval when required → Effective/Processed → Audit,HR-009.View | HR-009.Edit | HR-009.Approve,Employees | EmployeeContracts | EmployeeDocuments | Jobs | Positions | Shifts | EmployeeSchedules | AttendanceEntries | LeaveRequests | PayrollRuns | PayrollRunLines,R49,,,RETAIN_AND_NORMALIZE,NO,السجل القديم محفوظ كما هو.
U-SCR-281,HR-010,HR,الموارد البشرية والرواتب,الحضور والانصراف,Attendance,ويب الإدارة/سطح المكتب + خدمة ذاتية عند الحاجة (Admin + Self-Service),P1,تسجيل وتحليل الدخول والخروج.,البيانات الأساسية (General) | الوظيفة/العقد (Employment/Contract) | الجدول والحضور (Schedule/Attendance) | الرواتب (Payroll) | الوثائق (Documents) | الطلبات (Requests) | التدقيق (Audit),رقم الموظف (Employee No) | الموظف (Employee) | الشركة/الفرع (Company/Branch) | الإدارة (Department) | الوظيفة (Job) | التاريخ (Date) | الوردية (Shift) | الحالة (Status) | المبلغ/الساعات (Amount/Hours),الموظف (Employee) | الإدارة (Department) | الوظيفة (Job) | التاريخ (Date) | القيمة (Value) | الحالة (Status),جديد (New) | حفظ (Save) | طلب (Request) | اعتماد (Approve) | رفض (Reject) | احتساب (Calculate) | إقفال (Close) | طباعة (Print),Draft/Request → Validation → Approval when required → Effective/Processed → Audit,HR-010.View | HR-010.Edit | HR-010.Approve,Employees | EmployeeContracts | EmployeeDocuments | Jobs | Positions | Shifts | EmployeeSchedules | AttendanceEntries | LeaveRequests | PayrollRuns | PayrollRunLines,R49,,,RETAIN_AND_NORMALIZE,NO,السجل القديم محفوظ كما هو.
U-SCR-282,HR-011,HR,الموارد البشرية والرواتب,تصحيح الحضور,Attendance Corrections,ويب الإدارة/سطح المكتب + خدمة ذاتية عند الحاجة (Admin + Self-Service),P1,طلب واعتماد تصحيح حركة الحضور.,البيانات الأساسية (General) | الوظيفة/العقد (Employment/Contract) | الجدول والحضور (Schedule/Attendance) | الرواتب (Payroll) | الوثائق (Documents) | الطلبات (Requests) | التدقيق (Audit),رقم الموظف (Employee No) | الموظف (Employee) | الشركة/الفرع (Company/Branch) | الإدارة (Department) | الوظيفة (Job) | التاريخ (Date) | الوردية (Shift) | الحالة (Status) | المبلغ/الساعات (Amount/Hours),الموظف (Employee) | الإدارة (Department) | الوظيفة (Job) | التاريخ (Date) | القيمة (Value) | الحالة (Status),جديد (New) | حفظ (Save) | طلب (Request) | اعتماد (Approve) | رفض (Reject) | احتساب (Calculate) | إقفال (Close) | طباعة (Print),Draft/Request → Validation → Approval when required → Effective/Processed → Audit,HR-011.View | HR-011.Edit | HR-011.Approve,Employees | EmployeeContracts | EmployeeDocuments | Jobs | Positions | Shifts | EmployeeSchedules | AttendanceEntries | LeaveRequests | PayrollRuns | PayrollRunLines,R49,,,RETAIN_AND_NORMALIZE,NO,السجل القديم محفوظ كما هو.
U-SCR-283,HR-012,HR,الموارد البشرية والرواتب,الإجازات,Leave Requests,ويب الإدارة/سطح المكتب + خدمة ذاتية عند الحاجة (Admin + Self-Service),P1,طلب واعتماد الإجازات والأرصدة.,البيانات الأساسية (General) | الوظيفة/العقد (Employment/Contract) | الجدول والحضور (Schedule/Attendance) | الرواتب (Payroll) | الوثائق (Documents) | الطلبات (Requests) | التدقيق (Audit),رقم الموظف (Employee No) | الموظف (Employee) | الشركة/الفرع (Company/Branch) | الإدارة (Department) | الوظيفة (Job) | التاريخ (Date) | الوردية (Shift) | الحالة (Status) | المبلغ/الساعات (Amount/Hours),الموظف (Employee) | الإدارة (Department) | الوظيفة (Job) | التاريخ (Date) | القيمة (Value) | الحالة (Status),جديد (New) | حفظ (Save) | طلب (Request) | اعتماد (Approve) | رفض (Reject) | احتساب (Calculate) | إقفال (Close) | طباعة (Print),Draft/Request → Validation → Approval when required → Effective/Processed → Audit,HR-012.View | HR-012.Edit | HR-012.Approve,Employees | EmployeeContracts | EmployeeDocuments | Jobs | Positions | Shifts | EmployeeSchedules | AttendanceEntries | LeaveRequests | PayrollRuns | PayrollRunLines,R49,,,RETAIN_AND_NORMALIZE,NO,السجل القديم محفوظ كما هو.
U-SCR-284,HR-013,HR,الموارد البشرية والرواتب,الأذونات,Permission Requests,ويب الإدارة/سطح المكتب + خدمة ذاتية عند الحاجة (Admin + Self-Service),P1,إذن خروج/تأخير/مغادرة.,البيانات الأساسية (General) | الوظيفة/العقد (Employment/Contract) | الجدول والحضور (Schedule/Attendance) | الرواتب (Payroll) | الوثائق (Documents) | الطلبات (Requests) | التدقيق (Audit),رقم الموظف (Employee No) | الموظف (Employee) | الشركة/الفرع (Company/Branch) | الإدارة (Department) | الوظيفة (Job) | التاريخ (Date) | الوردية (Shift) | الحالة (Status) | المبلغ/الساعات (Amount/Hours),الموظف (Employee) | الإدارة (Department) | الوظيفة (Job) | التاريخ (Date) | القيمة (Value) | الحالة (Status),جديد (New) | حفظ (Save) | طلب (Request) | اعتماد (Approve) | رفض (Reject) | احتساب (Calculate) | إقفال (Close) | طباعة (Print),Draft/Request → Validation → Approval when required → Effective/Processed → Audit,HR-013.View | HR-013.Edit | HR-013.Approve,Employees | EmployeeContracts | EmployeeDocuments | Jobs | Positions | Shifts | EmployeeSchedules | AttendanceEntries | LeaveRequests | PayrollRuns | PayrollRunLines,R49,,,RETAIN_AND_NORMALIZE,NO,السجل القديم محفوظ كما هو.
U-SCR-285,HR-014,HR,الموارد البشرية والرواتب,المهام والانتدابات,Missions & Assignments,ويب الإدارة/سطح المكتب + خدمة ذاتية عند الحاجة (Admin + Self-Service),P1,المهام والسفر الوظيفي والانتدابات.,البيانات الأساسية (General) | الوظيفة/العقد (Employment/Contract) | الجدول والحضور (Schedule/Attendance) | الرواتب (Payroll) | الوثائق (Documents) | الطلبات (Requests) | التدقيق (Audit),رقم الموظف (Employee No) | الموظف (Employee) | الشركة/الفرع (Company/Branch) | الإدارة (Department) | الوظيفة (Job) | التاريخ (Date) | الوردية (Shift) | الحالة (Status) | المبلغ/الساعات (Amount/Hours),الموظف (Employee) | الإدارة (Department) | الوظيفة (Job) | التاريخ (Date) | القيمة (Value) | الحالة (Status),جديد (New) | حفظ (Save) | طلب (Request) | اعتماد (Approve) | رفض (Reject) | احتساب (Calculate) | إقفال (Close) | طباعة (Print),Draft/Request → Validation → Approval when required → Effective/Processed → Audit,HR-014.View | HR-014.Edit | HR-014.Approve,Employees | EmployeeContracts | EmployeeDocuments | Jobs | Positions | Shifts | EmployeeSchedules | AttendanceEntries | LeaveRequests | PayrollRuns | PayrollRunLines,R49,,,RETAIN_AND_NORMALIZE,NO,السجل القديم محفوظ كما هو.
U-SCR-286,HR-015,HR,الموارد البشرية والرواتب,الوقت الإضافي,Overtime,ويب الإدارة/سطح المكتب + خدمة ذاتية عند الحاجة (Admin + Self-Service),P1,طلب/احتساب/اعتماد الساعات الإضافية.,البيانات الأساسية (General) | الوظيفة/العقد (Employment/Contract) | الجدول والحضور (Schedule/Attendance) | الرواتب (Payroll) | الوثائق (Documents) | الطلبات (Requests) | التدقيق (Audit),رقم الموظف (Employee No) | الموظف (Employee) | الشركة/الفرع (Company/Branch) | الإدارة (Department) | الوظيفة (Job) | التاريخ (Date) | الوردية (Shift) | الحالة (Status) | المبلغ/الساعات (Amount/Hours),الموظف (Employee) | الإدارة (Department) | الوظيفة (Job) | التاريخ (Date) | القيمة (Value) | الحالة (Status),جديد (New) | حفظ (Save) | طلب (Request) | اعتماد (Approve) | رفض (Reject) | احتساب (Calculate) | إقفال (Close) | طباعة (Print),Draft/Request → Validation → Approval when required → Effective/Processed → Audit,HR-015.View | HR-015.Edit | HR-015.Approve,Employees | EmployeeContracts | EmployeeDocuments | Jobs | Positions | Shifts | EmployeeSchedules | AttendanceEntries | LeaveRequests | PayrollRuns | PayrollRunLines,R49,,,RETAIN_AND_NORMALIZE,NO,السجل القديم محفوظ كما هو.
U-SCR-287,HR-016,HR,الموارد البشرية والرواتب,عناصر الرواتب,Payroll Elements,ويب الإدارة/سطح المكتب + خدمة ذاتية عند الحاجة (Admin + Self-Service),P1,الراتب والبدلات والاستقطاعات والقواعد.,البيانات الأساسية (General) | القواعد (Rules) | الاستخدام (Usage) | التدقيق (Audit),رقم الموظف (Employee No) | الموظف (Employee) | الشركة/الفرع (Company/Branch) | الإدارة (Department) | الوظيفة (Job) | التاريخ (Date) | الوردية (Shift) | الحالة (Status) | المبلغ/الساعات (Amount/Hours),الموظف (Employee) | الإدارة (Department) | الوظيفة (Job) | التاريخ (Date) | القيمة (Value) | الحالة (Status),جديد (New) | حفظ (Save) | طلب (Request) | اعتماد (Approve) | رفض (Reject) | احتساب (Calculate) | إقفال (Close) | طباعة (Print),Draft/Request → Validation → Approval when required → Effective/Processed → Audit,HR-016.View | HR-016.Edit | HR-016.Approve,Employees | EmployeeContracts | EmployeeDocuments | Jobs | Positions | Shifts | EmployeeSchedules | AttendanceEntries | LeaveRequests | PayrollRuns | PayrollRunLines,R49,,,RETAIN_AND_NORMALIZE,NO,السجل القديم محفوظ كما هو.
U-SCR-288,HR-017,HR,الموارد البشرية والرواتب,تشغيل الرواتب,Payroll Run,ويب الإدارة/سطح المكتب + خدمة ذاتية عند الحاجة (Admin + Self-Service),P1,احتساب دورة الرواتب والتحقق والاعتماد.,البيانات الأساسية (General) | الوظيفة/العقد (Employment/Contract) | الجدول والحضور (Schedule/Attendance) | الرواتب (Payroll) | الوثائق (Documents) | الطلبات (Requests) | التدقيق (Audit),رقم الموظف (Employee No) | الموظف (Employee) | الشركة/الفرع (Company/Branch) | الإدارة (Department) | الوظيفة (Job) | التاريخ (Date) | الوردية (Shift) | الحالة (Status) | المبلغ/الساعات (Amount/Hours),الموظف (Employee) | الإدارة (Department) | الوظيفة (Job) | التاريخ (Date) | القيمة (Value) | الحالة (Status),جديد (New) | حفظ (Save) | طلب (Request) | اعتماد (Approve) | رفض (Reject) | احتساب (Calculate) | إقفال (Close) | طباعة (Print),Draft/Request → Validation → Approval when required → Effective/Processed → Audit,HR-017.View | HR-017.Edit | HR-017.Approve,Employees | EmployeeContracts | EmployeeDocuments | Jobs | Positions | Shifts | EmployeeSchedules | AttendanceEntries | LeaveRequests | PayrollRuns | PayrollRunLines,R49,,,RETAIN_AND_NORMALIZE,NO,السجل القديم محفوظ كما هو.
U-SCR-289,HR-018,HR,الموارد البشرية والرواتب,تفاصيل مسير الرواتب,Payroll Run Details,ويب الإدارة/سطح المكتب + خدمة ذاتية عند الحاجة (Admin + Self-Service),P1,نتيجة كل موظف والعناصر والفروقات.,البيانات الأساسية (General) | الوظيفة/العقد (Employment/Contract) | الجدول والحضور (Schedule/Attendance) | الرواتب (Payroll) | الوثائق (Documents) | الطلبات (Requests) | التدقيق (Audit),رقم الموظف (Employee No) | الموظف (Employee) | الشركة/الفرع (Company/Branch) | الإدارة (Department) | الوظيفة (Job) | التاريخ (Date) | الوردية (Shift) | الحالة (Status) | المبلغ/الساعات (Amount/Hours),الموظف (Employee) | الإدارة (Department) | الوظيفة (Job) | التاريخ (Date) | القيمة (Value) | الحالة (Status),جديد (New) | حفظ (Save) | طلب (Request) | اعتماد (Approve) | رفض (Reject) | احتساب (Calculate) | إقفال (Close) | طباعة (Print),Draft/Request → Validation → Approval when required → Effective/Processed → Audit,HR-018.View | HR-018.Edit | HR-018.Approve,Employees | EmployeeContracts | EmployeeDocuments | Jobs | Positions | Shifts | EmployeeSchedules | AttendanceEntries | LeaveRequests | PayrollRuns | PayrollRunLines,R49,,,RETAIN_AND_NORMALIZE,NO,السجل القديم محفوظ كما هو.
U-SCR-290,HR-019,HR,الموارد البشرية والرواتب,قسيمة الراتب,Payslip,ويب الإدارة/سطح المكتب + خدمة ذاتية عند الحاجة (Admin + Self-Service),P1,عرض قسيمة الموظف.,البيانات الأساسية (General) | الوظيفة/العقد (Employment/Contract) | الجدول والحضور (Schedule/Attendance) | الرواتب (Payroll) | الوثائق (Documents) | الطلبات (Requests) | التدقيق (Audit),رقم الموظف (Employee No) | الموظف (Employee) | الشركة/الفرع (Company/Branch) | الإدارة (Department) | الوظيفة (Job) | التاريخ (Date) | الوردية (Shift) | الحالة (Status) | المبلغ/الساعات (Amount/Hours),الموظف (Employee) | الإدارة (Department) | الوظيفة (Job) | التاريخ (Date) | القيمة (Value) | الحالة (Status),جديد (New) | حفظ (Save) | طلب (Request) | اعتماد (Approve) | رفض (Reject) | احتساب (Calculate) | إقفال (Close) | طباعة (Print),Draft/Request → Validation → Approval when required → Effective/Processed → Audit,HR-019.View | HR-019.Edit | HR-019.Approve,Employees | EmployeeContracts | EmployeeDocuments | Jobs | Positions | Shifts | EmployeeSchedules | AttendanceEntries | LeaveRequests | PayrollRuns | PayrollRunLines,R49,,,RETAIN_AND_NORMALIZE,NO,السجل القديم محفوظ كما هو.
U-SCR-291,HR-020,HR,الموارد البشرية والرواتب,السلف والقروض,Loans & Advances,ويب الإدارة/سطح المكتب + خدمة ذاتية عند الحاجة (Admin + Self-Service),P1,طلب وجدولة واستقطاع السلف والقروض.,البيانات الأساسية (General) | الوظيفة/العقد (Employment/Contract) | الجدول والحضور (Schedule/Attendance) | الرواتب (Payroll) | الوثائق (Documents) | الطلبات (Requests) | التدقيق (Audit),رقم الموظف (Employee No) | الموظف (Employee) | الشركة/الفرع (Company/Branch) | الإدارة (Department) | الوظيفة (Job) | التاريخ (Date) | الوردية (Shift) | الحالة (Status) | المبلغ/الساعات (Amount/Hours),الموظف (Employee) | الإدارة (Department) | الوظيفة (Job) | التاريخ (Date) | القيمة (Value) | الحالة (Status),جديد (New) | حفظ (Save) | طلب (Request) | اعتماد (Approve) | رفض (Reject) | احتساب (Calculate) | إقفال (Close) | طباعة (Print),Draft/Request → Validation → Approval when required → Effective/Processed → Audit,HR-020.View | HR-020.Edit | HR-020.Approve,Employees | EmployeeContracts | EmployeeDocuments | Jobs | Positions | Shifts | EmployeeSchedules | AttendanceEntries | LeaveRequests | PayrollRuns | PayrollRunLines,R49,,,RETAIN_AND_NORMALIZE,NO,السجل القديم محفوظ كما هو.
U-SCR-292,HR-021,HR,الموارد البشرية والرواتب,المزايا والاستقطاعات,Benefits & Deductions,ويب الإدارة/سطح المكتب + خدمة ذاتية عند الحاجة (Admin + Self-Service),P1,المزايا والتأمينات والاستقطاعات الدورية.,البيانات الأساسية (General) | القواعد (Rules) | الاستخدام (Usage) | التدقيق (Audit),رقم الموظف (Employee No) | الموظف (Employee) | الشركة/الفرع (Company/Branch) | الإدارة (Department) | الوظيفة (Job) | التاريخ (Date) | الوردية (Shift) | الحالة (Status) | المبلغ/الساعات (Amount/Hours),الموظف (Employee) | الإدارة (Department) | الوظيفة (Job) | التاريخ (Date) | القيمة (Value) | الحالة (Status),جديد (New) | حفظ (Save) | طلب (Request) | اعتماد (Approve) | رفض (Reject) | احتساب (Calculate) | إقفال (Close) | طباعة (Print),Draft/Request → Validation → Approval when required → Effective/Processed → Audit,HR-021.View | HR-021.Edit | HR-021.Approve,Employees | EmployeeContracts | EmployeeDocuments | Jobs | Positions | Shifts | EmployeeSchedules | AttendanceEntries | LeaveRequests | PayrollRuns | PayrollRunLines,R49,,,RETAIN_AND_NORMALIZE,NO,السجل القديم محفوظ كما هو.
U-SCR-293,HR-022,HR,الموارد البشرية والرواتب,تسوية نهاية الخدمة,End of Service Settlement,ويب الإدارة/سطح المكتب + خدمة ذاتية عند الحاجة (Admin + Self-Service),P1,حساب واعتماد مستحقات نهاية الخدمة.,البيانات الأساسية (General) | الوظيفة/العقد (Employment/Contract) | الجدول والحضور (Schedule/Attendance) | الرواتب (Payroll) | الوثائق (Documents) | الطلبات (Requests) | التدقيق (Audit),رقم الموظف (Employee No) | الموظف (Employee) | الشركة/الفرع (Company/Branch) | الإدارة (Department) | الوظيفة (Job) | التاريخ (Date) | الوردية (Shift) | الحالة (Status) | المبلغ/الساعات (Amount/Hours),الموظف (Employee) | الإدارة (Department) | الوظيفة (Job) | التاريخ (Date) | القيمة (Value) | الحالة (Status),جديد (New) | حفظ (Save) | طلب (Request) | اعتماد (Approve) | رفض (Reject) | احتساب (Calculate) | إقفال (Close) | طباعة (Print),Draft/Request → Validation → Approval when required → Effective/Processed → Audit,HR-022.View | HR-022.Edit | HR-022.Approve,Employees | EmployeeContracts | EmployeeDocuments | Jobs | Positions | Shifts | EmployeeSchedules | AttendanceEntries | LeaveRequests | PayrollRuns | PayrollRunLines,R49,,,RETAIN_AND_NORMALIZE,NO,السجل القديم محفوظ كما هو.
U-SCR-294,HR-023,HR,الموارد البشرية والرواتب,تقييم الأداء,Performance Review,ويب الإدارة/سطح المكتب + خدمة ذاتية عند الحاجة (Admin + Self-Service),P1,دورات تقييم وأهداف ونتائج.,البيانات الأساسية (General) | الوظيفة/العقد (Employment/Contract) | الجدول والحضور (Schedule/Attendance) | الرواتب (Payroll) | الوثائق (Documents) | الطلبات (Requests) | التدقيق (Audit),رقم الموظف (Employee No) | الموظف (Employee) | الشركة/الفرع (Company/Branch) | الإدارة (Department) | الوظيفة (Job) | التاريخ (Date) | الوردية (Shift) | الحالة (Status) | المبلغ/الساعات (Amount/Hours),الموظف (Employee) | الإدارة (Department) | الوظيفة (Job) | التاريخ (Date) | القيمة (Value) | الحالة (Status),جديد (New) | حفظ (Save) | طلب (Request) | اعتماد (Approve) | رفض (Reject) | احتساب (Calculate) | إقفال (Close) | طباعة (Print),Draft/Request → Validation → Approval when required → Effective/Processed → Audit,HR-023.View | HR-023.Edit | HR-023.Approve,Employees | EmployeeContracts | EmployeeDocuments | Jobs | Positions | Shifts | EmployeeSchedules | AttendanceEntries | LeaveRequests | PayrollRuns | PayrollRunLines,R49,,,RETAIN_AND_NORMALIZE,NO,السجل القديم محفوظ كما هو.
U-SCR-295,HR-024,HR,الموارد البشرية والرواتب,التدريب والشهادات,Training & Certifications,ويب الإدارة/سطح المكتب + خدمة ذاتية عند الحاجة (Admin + Self-Service),P1,خطة التدريب والشهادات والصلاحية.,البيانات الأساسية (General) | الوظيفة/العقد (Employment/Contract) | الجدول والحضور (Schedule/Attendance) | الرواتب (Payroll) | الوثائق (Documents) | الطلبات (Requests) | التدقيق (Audit),رقم الموظف (Employee No) | الموظف (Employee) | الشركة/الفرع (Company/Branch) | الإدارة (Department) | الوظيفة (Job) | التاريخ (Date) | الوردية (Shift) | الحالة (Status) | المبلغ/الساعات (Amount/Hours),الموظف (Employee) | الإدارة (Department) | الوظيفة (Job) | التاريخ (Date) | القيمة (Value) | الحالة (Status),جديد (New) | حفظ (Save) | طلب (Request) | اعتماد (Approve) | رفض (Reject) | احتساب (Calculate) | إقفال (Close) | طباعة (Print),Draft/Request → Validation → Approval when required → Effective/Processed → Audit,HR-024.View | HR-024.Edit | HR-024.Approve,Employees | EmployeeContracts | EmployeeDocuments | Jobs | Positions | Shifts | EmployeeSchedules | AttendanceEntries | LeaveRequests | PayrollRuns | PayrollRunLines,R49,,,RETAIN_AND_NORMALIZE,NO,السجل القديم محفوظ كما هو.
U-SCR-296,HR-025,HR,الموارد البشرية والرواتب,المخالفات والإجراءات التأديبية,Disciplinary Actions,ويب الإدارة/سطح المكتب + خدمة ذاتية عند الحاجة (Admin + Self-Service),P1,توثيق المخالفات والإجراءات والموافقات.,البيانات الأساسية (General) | الوظيفة/العقد (Employment/Contract) | الجدول والحضور (Schedule/Attendance) | الرواتب (Payroll) | الوثائق (Documents) | الطلبات (Requests) | التدقيق (Audit),رقم الموظف (Employee No) | الموظف (Employee) | الشركة/الفرع (Company/Branch) | الإدارة (Department) | الوظيفة (Job) | التاريخ (Date) | الوردية (Shift) | الحالة (Status) | المبلغ/الساعات (Amount/Hours),الموظف (Employee) | الإدارة (Department) | الوظيفة (Job) | التاريخ (Date) | القيمة (Value) | الحالة (Status),جديد (New) | حفظ (Save) | طلب (Request) | اعتماد (Approve) | رفض (Reject) | احتساب (Calculate) | إقفال (Close) | طباعة (Print),Draft/Request → Validation → Approval when required → Effective/Processed → Audit,HR-025.View | HR-025.Edit | HR-025.Approve,Employees | EmployeeContracts | EmployeeDocuments | Jobs | Positions | Shifts | EmployeeSchedules | AttendanceEntries | LeaveRequests | PayrollRuns | PayrollRunLines,R49,,,RETAIN_AND_NORMALIZE,NO,السجل القديم محفوظ كما هو.
U-SCR-297,HR-026,HR,الموارد البشرية والرواتب,طلبات التوظيف,Recruitment Requests,ويب الإدارة/سطح المكتب + خدمة ذاتية عند الحاجة (Admin + Self-Service),P1,طلب شواغر ومتابعة الاعتماد.,البيانات الأساسية (General) | الوظيفة/العقد (Employment/Contract) | الجدول والحضور (Schedule/Attendance) | الرواتب (Payroll) | الوثائق (Documents) | الطلبات (Requests) | التدقيق (Audit),رقم الموظف (Employee No) | الموظف (Employee) | الشركة/الفرع (Company/Branch) | الإدارة (Department) | الوظيفة (Job) | التاريخ (Date) | الوردية (Shift) | الحالة (Status) | المبلغ/الساعات (Amount/Hours),الموظف (Employee) | الإدارة (Department) | الوظيفة (Job) | التاريخ (Date) | القيمة (Value) | الحالة (Status),جديد (New) | حفظ (Save) | طلب (Request) | اعتماد (Approve) | رفض (Reject) | احتساب (Calculate) | إقفال (Close) | طباعة (Print),Draft/Request → Validation → Approval when required → Effective/Processed → Audit,HR-026.View | HR-026.Edit | HR-026.Approve,Employees | EmployeeContracts | EmployeeDocuments | Jobs | Positions | Shifts | EmployeeSchedules | AttendanceEntries | LeaveRequests | PayrollRuns | PayrollRunLines,R49,,,RETAIN_AND_NORMALIZE,NO,السجل القديم محفوظ كما هو.
U-SCR-298,HR-027,HR,الموارد البشرية والرواتب,الخدمة الذاتية - الإجازات والأذونات,ESS Leave & Permissions,ويب الإدارة/سطح المكتب + خدمة ذاتية عند الحاجة (Admin + Self-Service),P1,تطبيق الموظف للطلبات ومتابعتها.,واجهة جوال/خدمة ذاتية (Self-Service View),رقم الموظف (Employee No) | الموظف (Employee) | الشركة/الفرع (Company/Branch) | الإدارة (Department) | الوظيفة (Job) | التاريخ (Date) | الوردية (Shift) | الحالة (Status) | المبلغ/الساعات (Amount/Hours),الموظف (Employee) | الإدارة (Department) | الوظيفة (Job) | التاريخ (Date) | القيمة (Value) | الحالة (Status),جديد (New) | حفظ (Save) | طلب (Request) | اعتماد (Approve) | رفض (Reject) | احتساب (Calculate) | إقفال (Close) | طباعة (Print),Draft/Request → Validation → Approval when required → Effective/Processed → Audit,HR-027.View | HR-027.Edit | HR-027.Approve,Employees | EmployeeContracts | EmployeeDocuments | Jobs | Positions | Shifts | EmployeeSchedules | AttendanceEntries | LeaveRequests | PayrollRuns | PayrollRunLines,R49,,,RETAIN_AND_NORMALIZE,NO,السجل القديم محفوظ كما هو.
U-SCR-299,HR-028,HR,الموارد البشرية والرواتب,الخدمة الذاتية - قسائم الرواتب,ESS Payslips,ويب الإدارة/سطح المكتب + خدمة ذاتية عند الحاجة (Admin + Self-Service),P1,عرض القسائم والمستحقات.,واجهة جوال/خدمة ذاتية (Self-Service View),رقم الموظف (Employee No) | الموظف (Employee) | الشركة/الفرع (Company/Branch) | الإدارة (Department) | الوظيفة (Job) | التاريخ (Date) | الوردية (Shift) | الحالة (Status) | المبلغ/الساعات (Amount/Hours),الموظف (Employee) | الإدارة (Department) | الوظيفة (Job) | التاريخ (Date) | القيمة (Value) | الحالة (Status),جديد (New) | حفظ (Save) | طلب (Request) | اعتماد (Approve) | رفض (Reject) | احتساب (Calculate) | إقفال (Close) | طباعة (Print),Draft/Request → Validation → Approval when required → Effective/Processed → Audit,HR-028.View | HR-028.Edit | HR-028.Approve,Employees | EmployeeContracts | EmployeeDocuments | Jobs | Positions | Shifts | EmployeeSchedules | AttendanceEntries | LeaveRequests | PayrollRuns | PayrollRunLines,R49,,,RETAIN_AND_NORMALIZE,NO,السجل القديم محفوظ كما هو.
U-SCR-300,HR-029,HR,الموارد البشرية والرواتب,الخدمة الذاتية - الحضور والجدول,ESS Attendance & Schedule,ويب الإدارة/سطح المكتب + خدمة ذاتية عند الحاجة (Admin + Self-Service),P1,عرض الوردية والحضور وطلبات التصحيح.,واجهة جوال/خدمة ذاتية (Self-Service View),رقم الموظف (Employee No) | الموظف (Employee) | الشركة/الفرع (Company/Branch) | الإدارة (Department) | الوظيفة (Job) | التاريخ (Date) | الوردية (Shift) | الحالة (Status) | المبلغ/الساعات (Amount/Hours),الموظف (Employee) | الإدارة (Department) | الوظيفة (Job) | التاريخ (Date) | القيمة (Value) | الحالة (Status),جديد (New) | حفظ (Save) | طلب (Request) | اعتماد (Approve) | رفض (Reject) | احتساب (Calculate) | إقفال (Close) | طباعة (Print),Draft/Request → Validation → Approval when required → Effective/Processed → Audit,HR-029.View | HR-029.Edit | HR-029.Approve,Employees | EmployeeContracts | EmployeeDocuments | Jobs | Positions | Shifts | EmployeeSchedules | AttendanceEntries | LeaveRequests | PayrollRuns | PayrollRunLines,R49,,,RETAIN_AND_NORMALIZE,NO,السجل القديم محفوظ كما هو.
U-SCR-301,HR-030,HR,الموارد البشرية والرواتب,لوحة الموارد البشرية,HR Dashboard,ويب الإدارة/سطح المكتب + خدمة ذاتية عند الحاجة (Admin + Self-Service),P1,مؤشرات القوى العاملة والحضور والرواتب والانتهاء.,المؤشرات (KPIs) | الحضور (Attendance) | الرواتب (Payroll) | المستندات المنتهية (Expiries) | Drill-down,رقم الموظف (Employee No) | الموظف (Employee) | الشركة/الفرع (Company/Branch) | الإدارة (Department) | الوظيفة (Job) | التاريخ (Date) | الوردية (Shift) | الحالة (Status) | المبلغ/الساعات (Amount/Hours),الموظف (Employee) | الإدارة (Department) | الوظيفة (Job) | التاريخ (Date) | القيمة (Value) | الحالة (Status),جديد (New) | حفظ (Save) | طلب (Request) | اعتماد (Approve) | رفض (Reject) | احتساب (Calculate) | إقفال (Close) | طباعة (Print),Draft/Request → Validation → Approval when required → Effective/Processed → Audit,HR-030.View | HR-030.Edit | HR-030.Approve,Employees | EmployeeContracts | EmployeeDocuments | Jobs | Positions | Shifts | EmployeeSchedules | AttendanceEntries | LeaveRequests | PayrollRuns | PayrollRunLines,R49,,,RETAIN_AND_NORMALIZE,NO,السجل القديم محفوظ كما هو.
U-SCR-302,RPT-001,RPT,التقارير ولوحات المؤشرات,لوحة الإدارة التنفيذية,Executive Dashboard,ويب الإدارة (Admin Web),P2,تحليل وعرض لوحة الإدارة التنفيذية.,الفلاتر (Filters) | النتائج (Results) | الرسم البياني (Charts) | التصدير (Export),الفترة (Period) | الشركة (Company) | الفرع (Branch) | الخدمة (Service) | الحالة (Status),المؤشر/البند (Metric/Item) | القيمة (Value) | التغير (Variance) | التاريخ (Date),تطبيق الفلاتر (Apply Filters) | حفظ العرض (Save View) | تصدير (Export) | طباعة (Print) | Drill-down,Read-only analytical,RPT-001.View,ReportingViews,"R07,R23,R38",,,RETAIN_AND_NORMALIZE,NO,السجل القديم محفوظ كما هو.
U-SCR-303,RPT-002,RPT,التقارير ولوحات المؤشرات,لوحة التشغيل اللحظية,Operations Dashboard,ويب الإدارة (Admin Web),P2,تحليل وعرض لوحة التشغيل اللحظية.,الفلاتر (Filters) | النتائج (Results) | الرسم البياني (Charts) | التصدير (Export),الفترة (Period) | الشركة (Company) | الفرع (Branch) | الخدمة (Service) | الحالة (Status),المؤشر/البند (Metric/Item) | القيمة (Value) | التغير (Variance) | التاريخ (Date),تطبيق الفلاتر (Apply Filters) | حفظ العرض (Save View) | تصدير (Export) | طباعة (Print) | Drill-down,Read-only analytical,RPT-002.View,ReportingViews,"R07,R23,R38",,,RETAIN_AND_NORMALIZE,NO,السجل القديم محفوظ كما هو.
U-SCR-304,RPT-003,RPT,التقارير ولوحات المؤشرات,تقرير المشاوير,Ride Report,ويب الإدارة (Admin Web),P2,تحليل وعرض تقرير المشاوير.,الفلاتر (Filters) | النتائج (Results) | الرسم البياني (Charts) | التصدير (Export),الفترة (Period) | الشركة (Company) | الفرع (Branch) | الخدمة (Service) | الحالة (Status),المؤشر/البند (Metric/Item) | القيمة (Value) | التغير (Variance) | التاريخ (Date),تطبيق الفلاتر (Apply Filters) | حفظ العرض (Save View) | تصدير (Export) | طباعة (Print) | Drill-down,Read-only analytical,RPT-003.View,ReportingViews,"R07,R23,R38",,,RETAIN_AND_NORMALIZE,NO,السجل القديم محفوظ كما هو.
U-SCR-305,RPT-004,RPT,التقارير ولوحات المؤشرات,تقرير التوصيل,Delivery Report,ويب الإدارة (Admin Web),P2,تحليل وعرض تقرير التوصيل.,الفلاتر (Filters) | النتائج (Results) | الرسم البياني (Charts) | التصدير (Export),الفترة (Period) | الشركة (Company) | الفرع (Branch) | الخدمة (Service) | الحالة (Status),المؤشر/البند (Metric/Item) | القيمة (Value) | التغير (Variance) | التاريخ (Date),تطبيق الفلاتر (Apply Filters) | حفظ العرض (Save View) | تصدير (Export) | طباعة (Print) | Drill-down,Read-only analytical,RPT-004.View,ReportingViews,"R07,R23,R38",,,RETAIN_AND_NORMALIZE,NO,السجل القديم محفوظ كما هو.
U-SCR-306,RPT-005,RPT,التقارير ولوحات المؤشرات,تقرير الرحلات والشحن,Freight Trip Report,ويب الإدارة (Admin Web),P2,تحليل وعرض تقرير الرحلات والشحن.,الفلاتر (Filters) | النتائج (Results) | الرسم البياني (Charts) | التصدير (Export),الفترة (Period) | الشركة (Company) | الفرع (Branch) | الخدمة (Service) | الحالة (Status),المؤشر/البند (Metric/Item) | القيمة (Value) | التغير (Variance) | التاريخ (Date),تطبيق الفلاتر (Apply Filters) | حفظ العرض (Save View) | تصدير (Export) | طباعة (Print) | Drill-down,Read-only analytical,RPT-005.View,ReportingViews,"R07,R23,R38",,,RETAIN_AND_NORMALIZE,NO,السجل القديم محفوظ كما هو.
U-SCR-307,RPT-006,RPT,التقارير ولوحات المؤشرات,تقرير حركة البوليصة,Waybill Movement Report,ويب الإدارة (Admin Web),P2,تحليل وعرض تقرير حركة البوليصة.,الفلاتر (Filters) | النتائج (Results) | الرسم البياني (Charts) | التصدير (Export),الفترة (Period) | الشركة (Company) | الفرع (Branch) | الخدمة (Service) | الحالة (Status),المؤشر/البند (Metric/Item) | القيمة (Value) | التغير (Variance) | التاريخ (Date),تطبيق الفلاتر (Apply Filters) | حفظ العرض (Save View) | تصدير (Export) | طباعة (Print) | Drill-down,Read-only analytical,RPT-006.View,ReportingViews,"R07,R23,R38",,,RETAIN_AND_NORMALIZE,NO,السجل القديم محفوظ كما هو.
U-SCR-308,RPT-007,RPT,التقارير ولوحات المؤشرات,تقرير حركة الصنف/الطرد,Item / Package Movement Report,ويب الإدارة (Admin Web),P2,تحليل وعرض تقرير حركة الصنف/الطرد.,الفلاتر (Filters) | النتائج (Results) | الرسم البياني (Charts) | التصدير (Export),الفترة (Period) | الشركة (Company) | الفرع (Branch) | الخدمة (Service) | الحالة (Status),المؤشر/البند (Metric/Item) | القيمة (Value) | التغير (Variance) | التاريخ (Date),تطبيق الفلاتر (Apply Filters) | حفظ العرض (Save View) | تصدير (Export) | طباعة (Print) | Drill-down,Read-only analytical,RPT-007.View,ReportingViews,"R07,R23,R38",,,RETAIN_AND_NORMALIZE,NO,السجل القديم محفوظ كما هو.
U-SCR-309,RPT-008,RPT,التقارير ولوحات المؤشرات,تقرير السفريات والركاب,Passenger Travel Report,ويب الإدارة (Admin Web),P2,تحليل وعرض تقرير السفريات والركاب.,الفلاتر (Filters) | النتائج (Results) | الرسم البياني (Charts) | التصدير (Export),الفترة (Period) | الشركة (Company) | الفرع (Branch) | الخدمة (Service) | الحالة (Status),المؤشر/البند (Metric/Item) | القيمة (Value) | التغير (Variance) | التاريخ (Date),تطبيق الفلاتر (Apply Filters) | حفظ العرض (Save View) | تصدير (Export) | طباعة (Print) | Drill-down,Read-only analytical,RPT-008.View,ReportingViews,"R07,R23,R38",,,RETAIN_AND_NORMALIZE,NO,السجل القديم محفوظ كما هو.
U-SCR-310,RPT-009,RPT,التقارير ولوحات المؤشرات,تقرير التذاكر والمبيعات,Ticket Sales Report,ويب الإدارة (Admin Web),P2,تحليل وعرض تقرير التذاكر والمبيعات.,الفلاتر (Filters) | النتائج (Results) | الرسم البياني (Charts) | التصدير (Export),الفترة (Period) | الشركة (Company) | الفرع (Branch) | الخدمة (Service) | الحالة (Status),المؤشر/البند (Metric/Item) | القيمة (Value) | التغير (Variance) | التاريخ (Date),تطبيق الفلاتر (Apply Filters) | حفظ العرض (Save View) | تصدير (Export) | طباعة (Print) | Drill-down,Read-only analytical,RPT-009.View,ReportingViews,"R07,R23,R38",,,RETAIN_AND_NORMALIZE,NO,السجل القديم محفوظ كما هو.
U-SCR-311,RPT-010,RPT,التقارير ولوحات المؤشرات,تقرير المانيفست,Manifest Report,ويب الإدارة (Admin Web),P2,تحليل وعرض تقرير المانيفست.,الفلاتر (Filters) | النتائج (Results) | الرسم البياني (Charts) | التصدير (Export),الفترة (Period) | الشركة (Company) | الفرع (Branch) | الخدمة (Service) | الحالة (Status),المؤشر/البند (Metric/Item) | القيمة (Value) | التغير (Variance) | التاريخ (Date),تطبيق الفلاتر (Apply Filters) | حفظ العرض (Save View) | تصدير (Export) | طباعة (Print) | Drill-down,Read-only analytical,RPT-010.View,ReportingViews,"R07,R23,R38",,,RETAIN_AND_NORMALIZE,NO,السجل القديم محفوظ كما هو.
U-SCR-312,RPT-011,RPT,التقارير ولوحات المؤشرات,تقرير الإشغال والسعة,Occupancy & Capacity Report,ويب الإدارة (Admin Web),P2,تحليل وعرض تقرير الإشغال والسعة.,الفلاتر (Filters) | النتائج (Results) | الرسم البياني (Charts) | التصدير (Export),الفترة (Period) | الشركة (Company) | الفرع (Branch) | الخدمة (Service) | الحالة (Status),المؤشر/البند (Metric/Item) | القيمة (Value) | التغير (Variance) | التاريخ (Date),تطبيق الفلاتر (Apply Filters) | حفظ العرض (Save View) | تصدير (Export) | طباعة (Print) | Drill-down,Read-only analytical,RPT-011.View,ReportingViews,"R07,R23,R38",,,RETAIN_AND_NORMALIZE,NO,السجل القديم محفوظ كما هو.
U-SCR-313,RPT-012,RPT,التقارير ولوحات المؤشرات,تقرير الإلغاءات والاستردادات,Cancellations & Refunds Report,ويب الإدارة (Admin Web),P2,تحليل وعرض تقرير الإلغاءات والاستردادات.,الفلاتر (Filters) | النتائج (Results) | الرسم البياني (Charts) | التصدير (Export),الفترة (Period) | الشركة (Company) | الفرع (Branch) | الخدمة (Service) | الحالة (Status),المؤشر/البند (Metric/Item) | القيمة (Value) | التغير (Variance) | التاريخ (Date),تطبيق الفلاتر (Apply Filters) | حفظ العرض (Save View) | تصدير (Export) | طباعة (Print) | Drill-down,Read-only analytical,RPT-012.View,ReportingViews,"R07,R23,R38",,,RETAIN_AND_NORMALIZE,NO,السجل القديم محفوظ كما هو.
U-SCR-314,RPT-013,RPT,التقارير ولوحات المؤشرات,تقرير أداء السائقين,Driver Performance Report,ويب الإدارة (Admin Web),P2,تحليل وعرض تقرير أداء السائقين.,الفلاتر (Filters) | النتائج (Results) | الرسم البياني (Charts) | التصدير (Export),الفترة (Period) | الشركة (Company) | الفرع (Branch) | الخدمة (Service) | الحالة (Status),المؤشر/البند (Metric/Item) | القيمة (Value) | التغير (Variance) | التاريخ (Date),تطبيق الفلاتر (Apply Filters) | حفظ العرض (Save View) | تصدير (Export) | طباعة (Print) | Drill-down,Read-only analytical,RPT-013.View,ReportingViews,"R07,R23,R38",,,RETAIN_AND_NORMALIZE,NO,السجل القديم محفوظ كما هو.
U-SCR-315,RPT-014,RPT,التقارير ولوحات المؤشرات,تقرير GPS والمسار,GPS / Route Performance Report,ويب الإدارة (Admin Web),P2,تحليل وعرض تقرير GPS والمسار.,الفلاتر (Filters) | النتائج (Results) | الرسم البياني (Charts) | التصدير (Export),الفترة (Period) | الشركة (Company) | الفرع (Branch) | الخدمة (Service) | الحالة (Status),المؤشر/البند (Metric/Item) | القيمة (Value) | التغير (Variance) | التاريخ (Date),تطبيق الفلاتر (Apply Filters) | حفظ العرض (Save View) | تصدير (Export) | طباعة (Print) | Drill-down,Read-only analytical,RPT-014.View,ReportingViews,"R07,R23,R38",,,RETAIN_AND_NORMALIZE,NO,السجل القديم محفوظ كما هو.
U-SCR-316,RPT-015,RPT,التقارير ولوحات المؤشرات,تقرير الوقود,Fuel Report,ويب الإدارة (Admin Web),P2,تحليل وعرض تقرير الوقود.,الفلاتر (Filters) | النتائج (Results) | الرسم البياني (Charts) | التصدير (Export),الفترة (Period) | الشركة (Company) | الفرع (Branch) | الخدمة (Service) | الحالة (Status),المؤشر/البند (Metric/Item) | القيمة (Value) | التغير (Variance) | التاريخ (Date),تطبيق الفلاتر (Apply Filters) | حفظ العرض (Save View) | تصدير (Export) | طباعة (Print) | Drill-down,Read-only analytical,RPT-015.View,ReportingViews,"R07,R23,R38",,,RETAIN_AND_NORMALIZE,NO,السجل القديم محفوظ كما هو.
U-SCR-317,RPT-016,RPT,التقارير ولوحات المؤشرات,تقرير الصيانة,Maintenance Report,ويب الإدارة (Admin Web),P2,تحليل وعرض تقرير الصيانة.,الفلاتر (Filters) | النتائج (Results) | الرسم البياني (Charts) | التصدير (Export),الفترة (Period) | الشركة (Company) | الفرع (Branch) | الخدمة (Service) | الحالة (Status),المؤشر/البند (Metric/Item) | القيمة (Value) | التغير (Variance) | التاريخ (Date),تطبيق الفلاتر (Apply Filters) | حفظ العرض (Save View) | تصدير (Export) | طباعة (Print) | Drill-down,Read-only analytical,RPT-016.View,ReportingViews,"R07,R23,R38",,,RETAIN_AND_NORMALIZE,NO,السجل القديم محفوظ كما هو.
U-SCR-318,RPT-017,RPT,التقارير ولوحات المؤشرات,تقرير التحصيل والعهد,Collections & Custody Report,ويب الإدارة (Admin Web),P2,تحليل وعرض تقرير التحصيل والعهد.,الفلاتر (Filters) | النتائج (Results) | الرسم البياني (Charts) | التصدير (Export),الفترة (Period) | الشركة (Company) | الفرع (Branch) | الخدمة (Service) | الحالة (Status),المؤشر/البند (Metric/Item) | القيمة (Value) | التغير (Variance) | التاريخ (Date),تطبيق الفلاتر (Apply Filters) | حفظ العرض (Save View) | تصدير (Export) | طباعة (Print) | Drill-down,Read-only analytical,RPT-017.View,ReportingViews,"R07,R23,R38",,,RETAIN_AND_NORMALIZE,NO,السجل القديم محفوظ كما هو.
U-SCR-319,RPT-018,RPT,التقارير ولوحات المؤشرات,تقرير تسويات السائقين,Driver Settlement Report,ويب الإدارة (Admin Web),P2,تحليل وعرض تقرير تسويات السائقين.,الفلاتر (Filters) | النتائج (Results) | الرسم البياني (Charts) | التصدير (Export),الفترة (Period) | الشركة (Company) | الفرع (Branch) | الخدمة (Service) | الحالة (Status),المؤشر/البند (Metric/Item) | القيمة (Value) | التغير (Variance) | التاريخ (Date),تطبيق الفلاتر (Apply Filters) | حفظ العرض (Save View) | تصدير (Export) | طباعة (Print) | Drill-down,Read-only analytical,RPT-018.View,ReportingViews,"R07,R23,R38",,,RETAIN_AND_NORMALIZE,NO,السجل القديم محفوظ كما هو.
U-SCR-320,RPT-019,RPT,التقارير ولوحات المؤشرات,تقرير الوكلاء والعمولات,Agent Sales & Commission Report,ويب الإدارة (Admin Web),P2,تحليل وعرض تقرير الوكلاء والعمولات.,الفلاتر (Filters) | النتائج (Results) | الرسم البياني (Charts) | التصدير (Export),الفترة (Period) | الشركة (Company) | الفرع (Branch) | الخدمة (Service) | الحالة (Status),المؤشر/البند (Metric/Item) | القيمة (Value) | التغير (Variance) | التاريخ (Date),تطبيق الفلاتر (Apply Filters) | حفظ العرض (Save View) | تصدير (Export) | طباعة (Print) | Drill-down,Read-only analytical,RPT-019.View,ReportingViews,"R07,R23,R38",,,RETAIN_AND_NORMALIZE,NO,السجل القديم محفوظ كما هو.
U-SCR-321,RPT-020,RPT,التقارير ولوحات المؤشرات,تقرير الفروقات والاستثناءات,Exceptions & Variances Report,ويب الإدارة (Admin Web),P2,تحليل وعرض تقرير الفروقات والاستثناءات.,الفلاتر (Filters) | النتائج (Results) | الرسم البياني (Charts) | التصدير (Export),الفترة (Period) | الشركة (Company) | الفرع (Branch) | الخدمة (Service) | الحالة (Status),المؤشر/البند (Metric/Item) | القيمة (Value) | التغير (Variance) | التاريخ (Date),تطبيق الفلاتر (Apply Filters) | حفظ العرض (Save View) | تصدير (Export) | طباعة (Print) | Drill-down,Read-only analytical,RPT-020.View,ReportingViews,"R07,R23,R38",,,RETAIN_AND_NORMALIZE,NO,السجل القديم محفوظ كما هو.
U-SCR-322,,Offline,المزامنة والعمل دون اتصال,حالة المزامنة,SyncStatus,Desktop/Mobile,P1,عرض حالة طابور المزامنة والتعارضات وإعادة المحاولة.,الطابور | الأخطاء | التعارضات | سجل المحاولات,OperationId | EntityType | EntityId | Status | AttemptCount | LastError | ClientTimestamp | ServerTimestamp,العملية | الكيان | الحالة | المحاولات | آخر خطأ | آخر مزامنة,تحديث | إعادة المحاولة | فتح التعارض | تنزيل السجل,Queued → Sending → Succeeded/Failed/Conflict → Retried/Resolved,Sync.View | Sync.Retry | Sync.ResolveConflict,SyncOperations | AuditLogs,OWNER_REQUIREMENT_OFFLINE_ONLINE,W3-P1-012,NEW_SCREEN_CONTRACT,ADD_TO_CANONICAL_TARGET_REGISTER,YES,شاشة أصلية مطلوبة لأن المصدر المرجعي لا يحتوي كيان SyncOperation.
